value,forecast
0.026,0.025
0.026,0.025
0.001,0.009
0.001,0.001
0.001,0.001
0.001,0.001
0.002,0.001
0.003,0.002
0.003,0.003
0.003,0.003
0.004,0.003
0.004,0.004
0.004,0.004
0.005,0.004
0.005,0.005
0.005,0.005
0.005,0.005
0.007,0.009
0.004,0.003
0.009,0.016
0.007,0.008
0.007,0.007
0.007,0.006
0.028,0.015
0.056,0.04
0.037,0.037
0.032,0.034
0.029,0.03
0.032,0.031
0.028,0.03
0.04,0.033
0.041,0.04
0.024,0.03
0.006,0.015
0.005,0.004
0.006,0.005
0.008,0.007
0.004,0.006
0.003,0.003
0.004,0.003
0.005,0.005
0.005,0.005
0.007,0.005
0.012,0.009
0.004,0.01
0.008,0.005
0.013,0.009
0.029,0.022
0.025,0.028
0.015,0.024
0.006,0.008
0.003,0.004
0.003,0.003
0.003,0.002
0.003,0.003
0.004,0.004
0.005,0.004
0.007,0.006
0.003,0.006
0.004,0.003
0.007,0.005
0.004,0.006
0.008,0.006
0.013,0.009
0.017,0.014
0.04,0.029
0.03,0.034
0.01,0.022
0.003,0.006
0.003,0.002
0.005,0.003
0.006,0.005
0.005,0.005
0.008,0.006
0.014,0.01
0.018,0.016
0.029,0.022
0.026,0.021
0.037,0.037
0.037,0.037
0.037,0.036
0.037,0.036
0.036,0.036
0.036,0.036
0.026,0.035
0.024,0.025
0.023,0.024
0.021,0.022
0.021,0.021
0.02,0.021
0.02,0.02
0.018,0.02
0.019,0.019
0.02,0.02
0.019,0.019
0.024,0.02
0.016,0.019
0.019,0.019
0.017,0.019
0.023,0.019
0.02,0.019
0.021,0.02
0.021,0.03
0.015,0.017
0.015,0.013
0.016,0.014
0.014,0.017
0.006,0.009
0.008,0.006
0.006,0.005
0.004,0.006
0.004,0.004
0.005,0.004
0.004,0.005
0.007,0.006
0.01,0.009
0.009,0.011
0.006,0.007
0.006,0.008
0.004,0.005
0.007,0.006
0.002,0.004
0.004,0.003
0.008,0.006
0.008,0.008
0.009,0.011
0.011,0.008
0.013,0.013
0.013,0.013
0.006,0.008
0.006,0.005
0.008,0.008
0.005,0.007
0.006,0.005
0.007,0.007
0.005,0.006
0.004,0.006
0.004,0.004
0.004,0.004
0.004,0.004
0.003,0.004
0.004,0.004
0.003,0.003
0.003,0.003
0.003,0.003
0.003,0.003
0.003,0.003
0.003,0.003
0.003,0.003
0.003,0.003
0.003,0.003
0.003,0.003
0.003,0.003
0.003,0.003
0.003,0.003
0.003,0.003
0.003,0.003
0.003,0.003
0.003,0.003
0.003,0.003
0.003,0.003
0.003,0.003
0.003,0.003
0.003,0.003
0.003,0.003
0.003,0.003
0.003,0.003
0.003,0.003
0.003,0.003
0.003,0.003
0.003,0.003
0.003,0.003
0.003,0.003
0.003,0.003
0.004,0.003
0.004,0.004
0.004,0.004
0.004,0.004
0.004,0.004
0.004,0.004
0.004,0.004
0.004,0.004
0.004,0.004
0.004,0.004
0.004,0.004
0.004,0.004
0.004,0.004
0.004,0.004
0.004,0.004
0.003,0.003
0.003,0.003
0.003,0.003
0.003,0.003
0.003,0.003
0.003,0.003
0.003,0.003
0.003,0.003
0.003,0.003
0.009,0.003
0.009,0.009
0.009,0.009
0.009,0.009
0.009,0.009
0.009,0.009
0.009,0.009
0.009,0.009
0.008,0.009
0.009,0.008
0.008,0.008
0.008,0.008
0.008,0.008
0.007,0.008
0.006,0.006
0.003,0.005
0.004,0.004
0.004,0.004
0.006,0.005
0.005,0.005
0.005,0.006
0.004,0.005
0.005,0.006
0.004,0.005
0.006,0.006
0.008,0.007
0.006,0.007
0.006,0.006
0.006,0.006
0.007,0.006
0.007,0.007
0.008,0.008
0.008,0.008
0.009,0.009
0.01,0.009
0.01,0.01
0.011,0.01
0.011,0.011
0.012,0.012
0.012,0.012
0.013,0.013
0.014,0.013
0.011,0.012
0.014,0.012
0.016,0.015
0.024,0.02
0.027,0.025
0.036,0.031
0.018,0.024
0.012,0.013
0.003,0.011
0.004,0.002
0.002,0.003
0.003,0.002
0.005,0.004
0.024,0.012
0.039,0.029
0.036,0.039
0.024,0.023
0.025,0.023
0.034,0.031
0.046,0.034
0.032,0.028
0.019,0.029
0.012,0.017
0.006,0.008
0.005,0.004
0.004,0.004
0.005,0.005
0.006,0.005
0.007,0.006
0.008,0.007
0.008,0.008
0.009,0.009
0.01,0.01
0.006,0.008
0.021,0.014
0.015,0.018
0.028,0.019
0.038,0.034
0.042,0.039
0.037,0.039
0.033,0.035
0.029,0.031
0.025,0.027
0.021,0.023
0.017,0.019
0.013,0.015
0.009,0.011
0.005,0.007
0.001,0.003
0.014,0.005
0.069,0.039
0.02,0.031
0.014,0.016
0.012,0.013
0.011,0.012
0.01,0.011
0.009,0.01
0.009,0.009
0.024,0.014
0.03,0.026
0.038,0.036
0.03,0.038
0.046,0.036
0.022,0.035
0.038,0.025
0.034,0.04
0.039,0.037
0.031,0.036
0.016,0.025
0.009,0.011
0.02,0.014
0.016,0.022
0.017,0.016
0.021,0.015
0.041,0.033
0.031,0.031
0.025,0.03
0.019,0.022
0.025,0.024
0.025,0.023
0.038,0.03
0.011,0.026
0.008,0.006
0.011,0.009
0.039,0.023
0.017,0.022
0.021,0.017
0.008,0.014
0.009,0.008
0.013,0.012
0.007,0.011
0.01,0.007
0.009,0.01
0.035,0.016
0.017,0.027
0.01,0.014
0.01,0.012
0.01,0.011
0.018,0.014
0.022,0.021
0.027,0.025
0.031,0.03
0.038,0.033
0.047,0.04
0.015,0.024
0.012,0.014
0.005,0.009
0.01,0.008
0.011,0.011
0.012,0.012
0.014,0.013
0.015,0.014
0.021,0.017
0.022,0.017
0.046,0.034
0.032,0.04
0.033,0.027
0.034,0.039
0.036,0.038
0.036,0.038
0.039,0.035
0.034,0.035
0.033,0.036
0.035,0.035
0.036,0.034
0.031,0.033
0.029,0.033
0.029,0.031
0.03,0.03
0.032,0.032
0.031,0.033
0.03,0.033
0.034,0.031
0.039,0.034
0.033,0.035
0.041,0.036
0.033,0.04
0.009,0.02
0.018,0.015
0.031,0.022
0.018,0.03
0.01,0.012
0.006,0.007
0.005,0.006
0.003,0.005
0.009,0.003
0.021,0.013
0.033,0.029
0.044,0.034
0.035,0.036
0.016,0.036
0.004,0.007
0.004,0.004
0.004,0.003
0.006,0.005
0.004,0.006
0.003,0.004
0.007,0.004
0.018,0.011
0.013,0.011
0.012,0.012
0.025,0.016
0.025,0.025
0.047,0.036
0.013,0.036
0.046,0.024
0.042,0.04
0.036,0.035
0.035,0.035
0.035,0.035
0.034,0.034
0.034,0.033
0.033,0.033
0.034,0.033
0.03,0.033
0.032,0.032
0.034,0.032
0.033,0.032
0.033,0.031
0.031,0.03
0.026,0.03
0.029,0.03
0.03,0.03
0.03,0.03
0.027,0.029
0.029,0.028
0.008,0.013
0.008,0.008
0.003,0.004
0.004,0.003
0.006,0.005
0.007,0.007
0.008,0.007
0.013,0.01
0.014,0.011
0.026,0.021
0.04,0.033
0.036,0.038
0.038,0.034
0.033,0.031
0.031,0.03
0.041,0.035
0.02,0.032
0.014,0.015
0.015,0.014
0.023,0.016
0.02,0.021
0.026,0.02
0.043,0.038
0.031,0.035
0.018,0.028
0.008,0.011
0.007,0.007
0.006,0.006
0.005,0.007
0.007,0.006
0.009,0.008
0.008,0.009
0.008,0.009
0.006,0.007
0.005,0.005
0.004,0.004
0.008,0.006
0.003,0.004
0.004,0.004
0.004,0.004
0.004,0.004
0.005,0.004
0.005,0.005
0.005,0.005
0.005,0.005
0.006,0.006
0.006,0.006
0.006,0.006
0.007,0.006
0.007,0.007
0.007,0.007
0.008,0.007
0.006,0.006
0.005,0.005
0.006,0.006
0.006,0.006
0.005,0.005
0.006,0.006
0.007,0.006
0.007,0.007
0.013,0.01
0.016,0.014
0.007,0.012
0.01,0.008
0.013,0.011
0.011,0.014
0.008,0.009
0.007,0.008
0.017,0.013
0.014,0.016
0.011,0.012
0.006,0.009
0.003,0.006
0.002,0.004
0.003,0.002
0.003,0.003
0.005,0.004
0.002,0.004
0.003,0.003
0.004,0.003
0.004,0.004
0.002,0.004
0.002,0.003
0.003,0.002
0.004,0.003
0.012,0.005
0.013,0.011
0.013,0.012
0.014,0.012
0.045,0.032
0.011,0.02
0.008,0.009
0.004,0.006
0.001,0.002
0.001,0.001
0.002,0.002
0.002,0.002
0.001,0.002
0.001,0.001
0.001,0.001
0.005,0.001
0.006,0.006
0.007,0.006
0.007,0.007
0.009,0.008
0.019,0.009
0.019,0.024
0.038,0.038
0.039,0.04
0.041,0.04
0.041,0.04
0.041,0.04
0.04,0.039
0.04,0.039
0.038,0.038
0.036,0.038
0.039,0.038
0.038,0.038
0.038,0.038
0.037,0.021
0.035,0.039
0.006,0.024
0.005,0.006
0.003,0.004
0.001,0.003
0.002,0.002
0.002,0.002
0.001,0.001
0.001,0.001
0.001,0.001
0.001,0.001
0.001,0.001
0.001,0.001
0.002,0.001
0.008,0.002
0.009,0.008
0.013,0.011
0.016,0.015
0.027,0.021
0.025,0.026
0.039,0.031
0.023,0.037
0.011,0.036
0.042,0.022
0.054,0.034
0.031,0.034
0.033,0.031
0.022,0.028
0.013,0.019
0.008,0.012
0.006,0.006
0.008,0.007
0.008,0.008
0.014,0.011
0.011,0.013
0.01,0.01
0.014,0.013
0.018,0.015
0.032,0.024
0.033,0.03
0.041,0.036
0.03,0.029
0.029,0.029
0.024,0.025
0.027,0.025
0.02,0.024
0.006,0.012
0.004,0.004
0.005,0.004
0.006,0.005
0.007,0.006
0.008,0.007
0.009,0.008
0.01,0.009
0.011,0.01
0.005,0.009
0.007,0.005
0.005,0.004
0.007,0.006
0.008,0.008
0.011,0.008
0.01,0.011
0.006,0.011
0.01,0.01
0.005,0.011
0.001,0.003
0.004,0.001
0.006,0.005
0.008,0.007
0.009,0.008
0.014,0.01
0.019,0.016
0.021,0.021
0.028,0.024
0.032,0.029
0.039,0.036
0.016,0.022
0.013,0.014
0.012,0.012
0.007,0.009
0.003,0.006
0.004,0.003
0.005,0.004
0.006,0.005
0.006,0.006
0.007,0.007
0.008,0.008
0.009,0.009
0.01,0.01
0.012,0.011
0.014,0.011
0.024,0.018
0.055,0.037
0.031,0.038
0.024,0.025
0.016,0.029
0.004,0.009
0.004,0.004
0.004,0.004
0.004,0.004
0.004,0.004
0.005,0.004
0.005,0.005
0.005,0.005
0.005,0.005
0.006,0.005
0.006,0.006
0.005,0.006
0.016,0.01
0.018,0.018
0.017,0.018
0.025,0.025
0.035,0.03
0.039,0.036
0.031,0.035
0.025,0.031
0.011,0.015
0.016,0.013
0.009,0.015
0.004,0.006
0.004,0.004
0.006,0.005
0.007,0.005
0.005,0.009
0.009,0.009
0.007,0.007
0.007,0.007
0.009,0.008
0.016,0.011
0.033,0.022
0.021,0.025
0.026,0.019
0.024,0.021
0.016,0.021
0.036,0.025
0.029,0.033
0.019,0.025
0.012,0.015
0.017,0.011
0.02,0.019
0.021,0.019
0.02,0.02
0.02,0.019
0.015,0.02
0.003,0.009
0.004,0.004
0.003,0.004
0.004,0.003
0.007,0.003
0.008,0.007
0.005,0.008
0.005,0.005
0.007,0.007
0.009,0.009
0.01,0.009
0.014,0.014
0.024,0.018
0.035,0.029
0.056,0.04
0.068,0.032
0.01,0.028
0.001,0.005
0.001,0.001
0.001,0.001
0.001,0.001
0.002,0.001
0.003,0.003
0.003,0.003
0.004,0.003
0.004,0.004
0.004,0.004
0.005,0.004
0.005,0.005
0.005,0.005
0.006,0.006
0.006,0.006
0.007,0.006
0.007,0.006
0.015,0.008
0.028,0.021
0.046,0.036
0.021,0.024
0.042,0.035
0.049,0.039
0.002,0.006
0.003,0.002
0.004,0.004
0.006,0.005
0.007,0.006
0.008,0.008
0.007,0.011
0.007,0.005
0.004,0.008
0.006,0.005
0.005,0.005
0.005,0.005
0.005,0.005
0.001,0.002
0.001,0.001
0.001,0.001
0.001,0.001
0.003,0.001
0.004,0.003
0.004,0.004
0.005,0.004
0.005,0.005
0.004,0.005
0.007,0.005
0.008,0.006
0.036,0.022
0.011,0.012
0.011,0.011
0.01,0.011
0.01,0.01
0.01,0.01
0.009,0.009
0.009,0.009
0.009,0.009
0.008,0.008
0.008,0.008
0.007,0.008
0.007,0.007
0.007,0.007
0.039,0.036
0.039,0.035
0.033,0.035
0.02,0.031
0.007,0.011
0.005,0.006
0.005,0.004
0.006,0.005
0.005,0.005
0.006,0.005
0.006,0.005
0.012,0.01
0.017,0.013
0.02,0.017
0.032,0.025
0.027,0.033
0.01,0.019
0.009,0.008
0.013,0.008
0.008,0.013
0.003,0.007
0.003,0.004
0.001,0.002
0.002,0.001
0.003,0.003
0.004,0.003
0.003,0.004
0.005,0.002
0.005,0.005
0.008,0.006
0.005,0.007
0.016,0.009
0.04,0.03
0.037,0.033
0.026,0.036
0.023,0.025
0.026,0.026
0.036,0.028
0.015,0.026
0.014,0.017
0.014,0.014
0.009,0.011
0.019,0.012
0.028,0.025
0.042,0.034
0.04,0.039
0.036,0.035
0.024,0.028
0.015,0.022
0.048,0.032
0.004,0.013
0.004,0.004
0.013,0.006
0.017,0.016
0.019,0.017
0.013,0.016
0.006,0.011
0.005,0.006
0.004,0.004
0.006,0.005
0.007,0.006
0.013,0.01
0.023,0.015
0.06,0.036
0.036,0.039
0.005,0.024
0.005,0.005
0.006,0.005
0.004,0.007
0.006,0.005
0.008,0.007
0.047,0.011
0.025,0.029
0.02,0.023
0.018,0.017
0.011,0.016
0.002,0.006
0.002,0.002
0.001,0.002
0.002,0.001
0.003,0.002
0.004,0.003
0.005,0.004
0.006,0.005
0.012,0.007
0.077,0.038
0.016,0.033
0.004,0.01
0.003,0.003
0.001,0.001
0.002,0.001
0.002,0.002
0.002,0.002
0.003,0.002
0.003,0.003
0.004,0.003
0.004,0.004
0.005,0.005
0.005,0.005
0.006,0.006
0.006,0.006
0.007,0.007
0.007,0.007
0.004,0.005
0.012,0.007
0.04,0.023
0.029,0.031
0.028,0.028
0.025,0.028
0.028,0.024
0.028,0.031
0.031,0.03
0.026,0.029
0.031,0.026
0.021,0.034
0.018,0.022
0.019,0.017
0.019,0.02
0.012,0.017
0.006,0.008
0.006,0.005
0.008,0.006
0.006,0.007
0.006,0.006
0.005,0.007
0.004,0.005
0.004,0.004
0.005,0.005
0.003,0.005
0.003,0.004
0.004,0.003
0.004,0.004
0.002,0.004
0.005,0.004
0.006,0.006
0.005,0.004
0.003,0.004
0.004,0.004
0.003,0.003
0.003,0.003
0.004,0.004
0.004,0.004
0.003,0.004
0.003,0.003
0.003,0.003
0.002,0.003
0.002,0.002
0.002,0.002
0.002,0.002
0.004,0.002
0.004,0.004
0.004,0.004
0.005,0.005
0.005,0.005
0.005,0.005
0.005,0.005
0.005,0.005
0.005,0.005
0.005,0.005
0.006,0.006
0.006,0.006
0.006,0.006
0.006,0.006
0.006,0.006
0.006,0.006
0.006,0.006
0.007,0.007
0.007,0.007
0.007,0.007
0.007,0.007
0.007,0.007
0.007,0.007
0.008,0.006
0.008,0.006
0.009,0.008
0.014,0.011
0.02,0.017
0.028,0.023
0.035,0.031
0.044,0.037
0.035,0.037
0.038,0.036
0.031,0.036
0.044,0.04
0.038,0.04
0.031,0.033
0.027,0.032
0.019,0.02
0.042,0.028
0.044,0.04
0.016,0.025
0.008,0.012
0.004,0.007
0.004,0.004
0.008,0.005
0.016,0.011
0.021,0.019
0.029,0.023
0.044,0.038
0.027,0.039
0.03,0.025
0.035,0.035
0.031,0.032
0.029,0.03
0.035,0.032
0.038,0.035
0.035,0.035
0.033,0.035
0.038,0.035
0.035,0.037
0.035,0.037
0.037,0.033
0.029,0.035
0.02,0.024
0.028,0.02
0.05,0.038
0.012,0.024
0.006,0.006
0.004,0.005
0.006,0.005
0.014,0.009
0.023,0.021
0.043,0.03
0.012,0.029
0.014,0.01
0.009,0.014
0.009,0.009
0.012,0.01
0.011,0.013
0.016,0.012
0.013,0.019
0.012,0.013
0.01,0.012
0.016,0.013
0.019,0.015
0.025,0.029
0.035,0.029
0.042,0.038
0.025,0.034
0.012,0.018
0.021,0.016
0.021,0.023
0.006,0.012
0.002,0.004
0.002,0.003
0.003,0.003
0.004,0.003
0.005,0.004
0.005,0.005
0.006,0.006
0.007,0.007
0.005,0.007
0.009,0.007
0.007,0.01
0.01,0.007
0.011,0.012
0.02,0.014
0.025,0.023
0.034,0.029
0.021,0.03
0.021,0.018
0.014,0.019
0.058,0.032
0.027,0.033
0.012,0.02
0.006,0.008
0.007,0.007
0.005,0.006
0.003,0.004
0.004,0.004
0.002,0.003
0.004,0.003
0.006,0.005
0.007,0.007
0.011,0.008
0.016,0.013
0.022,0.019
0.023,0.022
0.02,0.022
0.03,0.023
0.029,0.031
0.031,0.028
0.028,0.031
0.029,0.028
0.036,0.032
0.042,0.039
0.033,0.039
0.034,0.033
0.029,0.034
0.013,0.021
0.011,0.01
0.004,0.008
0.003,0.003
0.004,0.003
0.003,0.004
0.003,0.003
0.003,0.003
0.004,0.004
0.004,0.004
0.005,0.004
0.005,0.005
0.005,0.005
0.005,0.005
0.007,0.005
0.008,0.006
0.012,0.008
0.008,0.008
0.013,0.008
0.019,0.018
0.017,0.017
0.015,0.018
0.013,0.014
0.013,0.012
0.015,0.017
0.015,0.014
0.009,0.012
0.007,0.007
0.012,0.011
0.006,0.009
0.008,0.008
0.005,0.006
0.003,0.005
0.004,0.003
0.003,0.004
0.008,0.005
0.015,0.012
0.02,0.018
0.026,0.023
0.045,0.037
0.026,0.04
0.046,0.03
0.02,0.033
0.008,0.013
0.003,0.007
0.006,0.005
0.005,0.005
0.005,0.005
0.005,0.006
0.009,0.007
0.015,0.011
0.007,0.012
0.012,0.008
0.023,0.017
0.025,0.019
0.015,0.021
0.027,0.024
0.033,0.027
0.039,0.037
0.016,0.033
0.024,0.017
0.024,0.024
0.016,0.022
0.044,0.025
0.015,0.02
0.021,0.018
0.023,0.018
0.021,0.023
0.028,0.026
0.024,0.029
0.035,0.027
0.038,0.039
0.014,0.032
0.002,0.008
0.004,0.003
0.006,0.005
0.004,0.005
0.005,0.004
0.006,0.005
0.005,0.006
0.005,0.006
0.004,0.005
0.005,0.005
0.007,0.007
0.013,0.008
0.025,0.019
0.04,0.031
0.024,0.033
0.015,0.017
0.004,0.007
0.004,0.003
0.002,0.003
0.005,0.001
0.004,0.004
0.004,0.004
0.003,0.003
0.002,0.003
0.004,0.003
0.006,0.005
0.006,0.005
0.003,0.005
0.01,0.006
0.009,0.01
0.009,0.01
0.007,0.007
0.004,0.005
0.004,0.003
0.002,0.004
0.004,0.004
0.004,0.006
0.002,0.003
0.002,0.002
0.002,0.002
0.002,0.002
0.001,0.002
0.001,0.002
0.007,0.002
0.005,0.005
0.003,0.004
0.004,0.004
0.001,0.002
0.002,0.001
0.001,0.002
0.002,0.001
0.001,0.002
0.002,0.002
0.002,0.002
0.002,0.002
0.002,0.002
0.002,0.003
0.002,0.002
0.002,0.002
0.003,0.003
0.003,0.003
0.001,0.002
0.001,0.001
0.001,0.001
0.001,0.001
0.001,0.001
0.001,0.001
0.003,0.001
0.003,0.003
0.003,0.003
0.003,0.003
0.003,0.003
0.004,0.004
0.004,0.004
0.004,0.004
0.004,0.004
0.004,0.004
0.004,0.004
0.004,0.004
0.005,0.005
0.005,0.005
0.005,0.005
0.006,0.005
0.011,0.009
0.004,0.008
0.002,0.003
0.003,0.003
0.005,0.003
0.012,0.009
0.011,0.012
0.006,0.008
0.014,0.006
0.016,0.015
0.019,0.02
0.024,0.021
0.036,0.029
0.042,0.037
0.004,0.012
0.006,0.005
0.012,0.008
0.019,0.015
0.023,0.021
0.034,0.027
0.026,0.034
0.019,0.021
0.025,0.021
0.037,0.027
0.03,0.04
0.031,0.028
0.034,0.035
0.044,0.04
0.038,0.04
0.031,0.031
0.011,0.015
0.006,0.006
0.01,0.008
0.013,0.01
0.023,0.015
0.012,0.023
0.03,0.024
0.019,0.038
0.031,0.035
0.029,0.031
0.033,0.032
0.003,0.029
0.012,0.013
0.062,0.02
0.025,0.023
0.03,0.026
0.038,0.033
0.035,0.038
0.026,0.029
0.034,0.027
0.031,0.04
0.017,0.026
0.017,0.017
0.019,0.019
0.025,0.024
0.023,0.025
0.029,0.027
0.022,0.027
0.006,0.012
0.004,0.005
0.005,0.004
0.007,0.005
0.005,0.007
0.002,0.004
0.002,0.002
0.003,0.003
0.004,0.004
0.005,0.005
0.004,0.005
0.003,0.003
0.004,0.004
0.006,0.005
0.006,0.006
0.015,0.007
0.017,0.016
0.018,0.015
0.022,0.02
0.035,0.025
0.017,0.027
0.005,0.012
0.003,0.003
0.023,0.014
0.012,0.019
0.003,0.005
0.004,0.004
0.008,0.008
0.026,0.013
0.013,0.02
0.009,0.01
0.004,0.005
0.001,0.003
0.001,0.001
0.001,0.001
0.001,0.001
0.001,0.001
0.001,0.001
0.001,0.001
0.001,0.001
0.001,0.001
0.005,0.001
0.005,0.005
0.006,0.006
0.006,0.006
0.007,0.007
0.007,0.007
0.008,0.007
0.008,0.008
0.009,0.008
0.009,0.009
0.01,0.009
0.01,0.01
0.01,0.01
0.011,0.011
0.011,0.011
0.011,0.011
0.013,0.012
0.017,0.014
0.032,0.024
0.031,0.031
0.03,0.033
0.022,0.024
0.005,0.015
0.004,0.005
0.009,0.003
0.008,0.008
0.006,0.007
0.008,0.007
0.003,0.004
0.003,0.003
0.003,0.003
0.004,0.003
0.004,0.004
0.005,0.005
0.006,0.005
0.006,0.006
0.007,0.007
0.006,0.006
0.006,0.005
0.007,0.006
0.006,0.006
0.009,0.008
0.016,0.012
0.036,0.024
0.038,0.04
0.031,0.035
0.035,0.033
0.046,0.038
0.032,0.039
0.031,0.03
0.042,0.037
0.035,0.031
0.016,0.034
0.043,0.036
0.016,0.031
0.007,0.009
0.008,0.006
0.009,0.01
0.009,0.009
0.009,0.007
0.004,0.006
0.004,0.003
0.007,0.005
0.007,0.007
0.009,0.007
0.007,0.008
0.005,0.006
0.006,0.006
0.008,0.006
0.024,0.015
0.037,0.03
0.03,0.038
0.036,0.032
0.036,0.04
0.027,0.032
0.023,0.026
0.022,0.021
0.027,0.024
0.021,0.023
0.017,0.02
0.016,0.016
0.007,0.011
0.009,0.007
0.023,0.014
0.041,0.03
0.012,0.037
0.013,0.018
0.013,0.011
0.03,0.02
0.023,0.022
0.019,0.022
0.045,0.033
0.019,0.022
0.056,0.032
0.044,0.038
0.032,0.04
0.044,0.039
0.033,0.035
0.029,0.033
0.016,0.02
0.016,0.015
0.012,0.014
0.006,0.008
0.002,0.004
0.001,0.001
0.001,0.001
0.001,0.001
0.001,0.001
0.001,0.001
0.001,0.001
0.001,0.001
0.001,0.001
0.003,0.001
0.004,0.003
0.004,0.004
0.004,0.004
0.005,0.004
0.005,0.005
0.005,0.005
0.005,0.005
0.006,0.005
0.007,0.006
0.004,0.007
0.012,0.009
0.009,0.011
0.007,0.005
0.013,0.014
0.01,0.008
0.006,0.008
0.006,0.006
0.01,0.009
0.007,0.01
0.002,0.004
0.002,0.002
0.002,0.002
0.002,0.002
0.003,0.001
0.002,0.002
0.002,0.002
0.002,0.002
0.002,0.002
0.002,0.002
0.002,0.002
0.002,0.002
0.002,0.002
0.002,0.002
0.002,0.002
0.002,0.002
0.002,0.002
0.003,0.003
0.003,0.003
0.003,0.003
0.003,0.003
0.003,0.003
0.003,0.003
0.003,0.003
0.003,0.003
0.002,0.003
0.002,0.002
0.002,0.002
0.006,0.001
0.005,0.005
0.006,0.005
0.006,0.005
0.006,0.006
0.007,0.008
0.009,0.008
0.009,0.009
0.018,0.014
0.032,0.024
0.039,0.034
0.035,0.036
0.041,0.037
0.007,0.011
0.208,0.033
0.009,0.007
0.009,0.01
0.007,0.008
0.006,0.008
0.003,0.004
0.01,0.004
0.042,0.016
0.029,0.031
0.004,0.016
0.022,0.01
0.039,0.036
0.02,0.03
0.043,0.029
0.03,0.035
0.051,0.037
0.001,0.004
0.001,0.001
0.002,0.001
0.002,0.002
0.003,0.002
0.002,0.002
0.002,0.002
0.003,0.008
0.006,0.009
0.007,0.005
0.174,0.038
0.075,0.037
0.024,0.029
0.054,0.039
0.013,0.016
0.013,0.015
0.014,0.014
0.016,0.014
0.017,0.016
0.016,0.017
0.016,0.016
0.025,0.017
0.02,0.015
0.006,0.022
0.006,0.006
0.006,0.006
0.006,0.006
0.006,0.006
0.011,0.006
0.001,0.006
0.002,0.001
0.003,0.003
0.079,0.015
0.005,0.014
0.03,0.015
0.005,0.033
0.006,0.02
0.002,0.009
0.004,0.003
0.006,0.005
0.008,0.007
0.01,0.009
0.015,0.037
0.016,0.016
0.005,0.012
0.015,0.014
0.016,0.016
0.11,0.013
0.005,0.038
0.006,0.007
0.017,0.008
0.005,0.009
0.035,0.012
0.032,0.033
0.015,0.03
0.015,0.015
0.014,0.015
0.012,0.014
0.111,0.025
0.032,0.039
0.026,0.027
0.027,0.026
0.028,0.029
0.026,0.033
0.032,0.032
0.032,0.032
0.032,0.032
0.033,0.033
0.034,0.033
0.002,0.001
0.002,0.002
0.003,0.003
0.004,0.004
0.028,0.02
0.001,0.013
0.001,0.001
0.003,0.001
0.003,0.003
0.004,0.003
0.004,0.004
0.005,0.004
0.005,0.005
0.006,0.006
0.006,0.006
0.017,0.007
0.221,0.031
0.017,0.024
0.063,0.018
0.022,0.024
0.024,0.024
0.028,0.028
0.019,0.025
0.029,0.025
0.029,0.028
0.028,0.03
0.03,0.03
0.024,0.032
0.03,0.029
0.038,0.029
0.011,0.039
0.004,0.006
0.004,0.004
0.005,0.005
0.005,0.005
0.005,0.005
0.006,0.006
0.006,0.006
0.006,0.007
0.006,0.006
0.004,0.005
0.004,0.004
0.006,0.005
0.005,0.006
0.008,0.005
0.003,0.005
0.006,0.006
0.01,0.008
0.015,0.015
0.005,0.011
0.001,0.003
0.002,0.001
0.003,0.003
0.003,0.002
0.006,0.002
0.003,0.005
0.003,0.003
0.003,0.003
0.004,0.004
0.005,0.004
0.005,0.005
0.004,0.004
0.005,0.004
0.009,0.006
0.025,0.014
0.03,0.032
0.037,0.027
0.009,0.026
0.004,0.007
0.007,0.006
0.005,0.006
0.007,0.006
0.009,0.008
0.005,0.019
0.011,0.008
0.019,0.018
0.02,0.022
0.005,0.006
0.008,0.007
0.012,0.01
0.018,0.015
0.003,0.004
0.068,0.012
0.006,0.005
0.028,0.018
0.024,0.028
0.035,0.03
0.037,0.037
0.035,0.038
0.035,0.035
0.042,0.026
0.003,0.016
0.009,0.003
0.012,0.01
0.038,0.02
0.014,0.033
0.006,0.005
0.025,0.007
0.038,0.026
0.016,0.028
0.019,0.011
0.022,0.02
0.025,0.02
0.015,0.02
0.012,0.012
0.016,0.033
0.013,0.017
0.015,0.014
0.017,0.016
0.019,0.018
0.021,0.02
0.018,0.02
0.02,0.019
0.023,0.021
0.071,0.034
0.028,0.028
0.029,0.029
0.027,0.025
0.027,0.025
0.026,0.027
0.029,0.027
0.007,0.014
0.055,0.036
0.026,0.027
0.028,0.027
0.014,0.027
0.002,0.004
0.003,0.002
0.003,0.003
0.003,0.003
0.004,0.004
0.004,0.004
0.004,0.004
0.005,0.005
0.005,0.005
0.006,0.005
0.038,0.031
0.01,0.026
0.004,0.007
0.003,0.003
0.005,0.004
0.003,0.006
0.003,0.004
0.003,0.003
0.003,0.003
0.003,0.003
0.004,0.003
0.004,0.004
0.006,0.005
0.003,0.004
0.003,0.003
0.004,0.004
0.004,0.004
0.004,0.004
0.004,0.004
0.004,0.004
0.004,0.004
0.005,0.005
0.006,0.004
0.012,0.008
0.008,0.009
0.016,0.009
0.016,0.017
0.017,0.017
0.017,0.017
0.017,0.017
0.018,0.018
0.021,0.02
0.026,0.022
0.031,0.029
0.035,0.034
0.033,0.035
0.039,0.035
0.005,0.005
0.009,0.007
0.012,0.01
0.027,0.017
0.044,0.04
0.008,0.032
0.041,0.015
0.006,0.016
0.007,0.007
0.008,0.008
0.009,0.008
0.011,0.009
0.01,0.01
0.011,0.01
0.007,0.036
0.046,0.02
0.051,0.021
0.034,0.039
0.021,0.028
0.016,0.018
0.01,0.013
0.005,0.008
0.004,0.004
0.004,0.004
0.005,0.005
0.005,0.005
0.006,0.006
0.008,0.008
0.004,0.006
0.006,0.004
0.003,0.004
0.002,0.002
0.001,0.002
0.001,0.001
0.001,0.001
0.001,0.001
0.001,0.001
0.001,0.001
0.001,0.001
0.001,0.001
0.001,0.001
0.001,0.001
0.001,0.001
0.001,0.001
0.001,0.001
0.001,0.001
0.001,0.001
0.001,0.001
0.001,0.001
0.001,0.001
0.001,0.001
0.001,0.001
0.001,0.001
0.005,0.001
0.006,0.005
0.006,0.006
0.005,0.006
0.006,0.006
0.007,0.006
0.005,0.006
0.006,0.005
0.005,0.006
0.006,0.005
0.007,0.006
0.008,0.007
0.005,0.007
0.007,0.006
0.005,0.008
0.022,0.014
0.009,0.013
0.02,0.02
0.036,0.027
0.03,0.038
0.012,0.015
0.012,0.012
0.012,0.011
0.055,0.022
0.004,0.021
0.004,0.004
0.007,0.007
0.007,0.007
0.011,0.009
0.016,0.014
0.003,0.014
0.004,0.003
0.006,0.005
0.009,0.008
0.025,0.018
0.003,0.018
0.006,0.004
0.008,0.007
0.018,0.015
0.022,0.019
0.027,0.024
0.035,0.03
0.044,0.039
0.042,0.025
0.023,0.025
0.044,0.034
0.026,0.04
0.008,0.018
0.003,0.004
0.003,0.004
0.003,0.004
0.007,0.005
0.007,0.007
0.009,0.009
0.01,0.009
0.019,0.013
0.023,0.021
0.032,0.029
0.006,0.037
0.033,0.018
0.014,0.021
0.02,0.02
0.053,0.02
0.008,0.007
0.011,0.01
0.005,0.007
0.009,0.006
0.009,0.009
0.006,0.008
0.006,0.006
0.009,0.007
0.005,0.006
0.003,0.024
0.017,0.01
0.003,0.003
0.005,0.007
0.111,0.02
0.026,0.02
0.004,0.011
0.005,0.004
0.039,0.017
0.035,0.017
0.002,0.006
0.002,0.002
0.003,0.002
0.004,0.004
0.004,0.004
0.004,0.004
0.005,0.004
0.005,0.005
0.005,0.005
0.006,0.006
0.059,0.007
0.006,0.005
0.004,0.017
0.006,0.005
0.012,0.008
0.013,0.017
0.019,0.017
0.076,0.032
0.039,0.04
0.015,0.025
0.057,0.023
0.025,0.025
0.023,0.025
0.116,0.04
0.025,0.026
0.003,0.005
0.026,0.021
0.014,0.02
0.002,0.009
0.026,0.012
0.002,0.006
0.002,0.002
0.003,0.003
0.004,0.003
0.004,0.004
0.027,0.015
0.019,0.027
0.016,0.007
0.021,0.037
0.005,0.01
0.005,0.004
0.005,0.006
0.01,0.009
0.013,0.011
0.024,0.013
0.024,0.023
0.149,0.025
0.007,0.027
0.077,0.035
0.027,0.04
0.055,0.027
0.015,0.037
0.014,0.015
0.013,0.013
0.176,0.037
0.03,0.03
0.003,0.029
0.026,0.01
0.05,0.03
0.005,0.034
0.004,0.005
0.004,0.004
0.004,0.004
0.007,0.004
0.007,0.007
0.008,0.008
0.01,0.009
0.01,0.01
0.01,0.01
0.095,0.035
0.008,0.006
0.065,0.01
0.024,0.024
0.024,0.024
0.035,0.023
0.022,0.023
0.061,0.021
0.015,0.007
0.014,0.013
0.014,0.014
0.008,0.01
0.089,0.029
0.003,0.002
0.004,0.003
0.005,0.004
0.032,0.016
0.081,0.016
0.019,0.026
0.013,0.016
0.011,0.013
0.007,0.01
0.008,0.007
0.009,0.008
0.009,0.01
0.009,0.008
0.006,0.007
0.002,0.004
0.003,0.002
0.003,0.003
0.002,0.002
0.002,0.002
0.002,0.002
0.001,0.002
0.001,0.001
0.001,0.001
0.001,0.001
0.001,0.001
0.001,0.001
0.001,0.001
0.001,0.001
0.001,0.001
0.001,0.001
0.001,0.001
0.001,0.001
0.001,0.001
0.001,0.001
0.001,0.001
0.001,0.001
0.001,0.001
0.001,0.001
0.001,0.001
0.001,0.001
0.001,0.001
0.001,0.001
0.001,0.001
0.001,0.001
0.001,0.001
0.001,0.001
0.001,0.001
0.006,0.001
0.006,0.006
0.006,0.006
0.006,0.006
0.006,0.006
0.006,0.006
0.006,0.006
0.007,0.006
0.007,0.007
0.007,0.007
0.007,0.007
0.006,0.007
0.005,0.006
0.005,0.005
0.006,0.006
0.006,0.006
0.005,0.006
0.007,0.006
0.01,0.009
0.007,0.008
0.005,0.006
0.006,0.007
0.005,0.006
0.002,0.004
0.006,0.002
0.014,0.009
0.012,0.016
0.009,0.01
0.008,0.006
0.01,0.01
0.005,0.007
0.002,0.004
0.002,0.002
0.002,0.002
0.002,0.002
0.003,0.002
0.003,0.003
0.003,0.003
0.004,0.003
0.004,0.004
0.004,0.004
0.005,0.004
0.005,0.005
0.005,0.005
0.005,0.005
0.005,0.005
0.004,0.005
0.004,0.004
0.005,0.003
0.005,0.005
0.006,0.005
0.008,0.006
0.005,0.006
0.004,0.004
0.005,0.004
0.007,0.006
0.008,0.008
0.013,0.01
0.011,0.014
0.005,0.008
0.005,0.005
0.006,0.006
0.009,0.008
0.008,0.008
0.009,0.009
0.001,0.006
0.001,0.001
0.001,0.001
0.001,0.001
0.001,0.001
0.001,0.001
0.001,0.001
0.001,0.001
0.001,0.001
0.001,0.001
0.001,0.001
0.001,0.001
0.001,0.001
0.001,0.001
0.001,0.001
0.001,0.001
0.001,0.001
0.001,0.001
0.001,0.001
0.001,0.001
0.001,0.001
0.001,0.001
0.001,0.001
0.001,0.001
0.001,0.001
0.001,0.001
0.001,0.001
0.001,0.001
0.001,0.001
0.001,0.001
0.001,0.001
0.005,0.001
0.005,0.005
0.006,0.005
0.006,0.006
0.006,0.006
0.006,0.006
0.006,0.006
0.006,0.006
0.006,0.006
0.006,0.006
0.007,0.007
0.007,0.007
0.007,0.007
0.007,0.007
0.007,0.007
0.007,0.007
0.007,0.007
0.008,0.007
0.008,0.008
0.008,0.008
0.008,0.008
0.006,0.007
0.006,0.007
0.012,0.009
0.015,0.016
0.006,0.011
0.007,0.007
0.013,0.011
0.017,0.014
0.025,0.023
0.025,0.026
0.026,0.028
0.013,0.02
0.008,0.011
0.003,0.005
0.002,0.002
0.002,0.002
0.002,0.002
0.002,0.002
0.001,0.002
0.001,0.001
0.001,0.001
0.002,0.001
0.002,0.002
0.002,0.002
0.002,0.002
0.002,0.002
0.002,0.002
0.005,0.001
0.004,0.004
0.004,0.004
0.004,0.004
0.004,0.004
0.005,0.004
0.005,0.005
0.006,0.005
0.005,0.006
0.007,0.007
0.007,0.007
0.006,0.007
0.006,0.006
0.009,0.007
0.008,0.011
0.008,0.009
0.012,0.01
0.019,0.015
0.026,0.022
0.027,0.03
0.018,0.023
0.013,0.013
0.024,0.016
0.035,0.03
0.05,0.036
0.03,0.034
0.029,0.028
0.021,0.027
0.005,0.012
0.005,0.005
0.003,0.005
0.003,0.003
0.001,0.003
0.001,0.001
0.002,0.001
0.001,0.001
0.001,0.001
0.001,0.001
0.001,0.001
0.002,0.001
0.004,0.001
0.004,0.004
0.004,0.004
0.004,0.004
0.004,0.005
0.002,0.003
0.002,0.002
0.003,0.003
0.002,0.004
0.003,0.003
0.003,0.003
0.002,0.003
0.001,0.002
0.001,0.001
0.002,0.002
0.001,0.002
0.001,0.002
0.001,0.001
0.001,0.001
0.001,0.001
0.001,0.001
0.002,0.001
0.001,0.001
0.001,0.001
0.003,0.001
0.001,0.002
0.001,0.001
0.001,0.001
0.001,0.001
0.001,0.001
0.001,0.001
0.001,0.001
0.001,0.001
0.001,0.001
0.001,0.001
0.001,0.001
0.001,0.001
0.001,0.001
0.001,0.001
0.001,0.001
0.001,0.001
0.001,0.001
0.001,0.001
0.001,0.001
0.001,0.001
0.001,0.001
0.001,0.001
0.001,0.001
0.004,0.001
0.004,0.004
0.004,0.004
0.004,0.004
0.005,0.004
0.005,0.005
0.005,0.005
0.005,0.005
0.005,0.005
0.005,0.005
0.005,0.005
0.005,0.005
0.005,0.005
0.006,0.005
0.006,0.006
0.006,0.006
0.003,0.004
0.003,0.003
0.004,0.004
0.005,0.005
0.006,0.006
0.007,0.006
0.006,0.006
0.006,0.006
0.015,0.008
0.023,0.021
0.027,0.026
0.032,0.027
0.046,0.037
0.046,0.04
0.017,0.024
0.007,0.012
0.001,0.003
0.001,0.001
0.001,0.001
0.001,0.001
0.001,0.001
0.001,0.001
0.001,0.001
0.001,0.001
0.001,0.001
0.008,0.001
0.008,0.009
0.009,0.009
0.011,0.009
0.027,0.016
0.027,0.037
0.05,0.039
0.022,0.025
0.015,0.017
0.016,0.027
0.002,0.015
0.002,0.002
0.003,0.003
0.002,0.003
0.053,0.022
0.006,0.008
0.014,0.01
0.007,0.032
0.013,0.01
0.014,0.012
0.006,0.018
0.005,0.022
0.006,0.009
0.078,0.013
0.011,0.009
0.093,0.034
0.038,0.038
0.037,0.037
0.036,0.036
0.036,0.036
0.011,0.017
0.01,0.009
0.002,0.003
0.002,0.002
0.003,0.002
0.003,0.003
0.004,0.003
0.004,0.004
0.005,0.005
0.005,0.005
0.006,0.006
0.006,0.006
0.007,0.007
0.004,0.032
0.033,0.034
0.033,0.033
0.031,0.031
0.033,0.032
0.032,0.032
0.018,0.037
0.04,0.04
0.029,0.036
0.022,0.024
0.018,0.02
0.012,0.016
0.007,0.01
0.007,0.006
0.006,0.007
0.013,0.009
0.015,0.015
0.007,0.007
0.006,0.008
0.003,0.006
0.002,0.004
0.004,0.003
0.005,0.004
0.004,0.004
0.01,0.008
0.012,0.01
0.007,0.007
0.005,0.005
0.003,0.004
0.003,0.003
0.004,0.004
0.005,0.005
0.006,0.006
0.006,0.006
0.008,0.007
0.006,0.007
0.008,0.007
0.008,0.008
0.012,0.011
0.018,0.015
0.035,0.026
0.016,0.027
0.013,0.015
0.002,0.005
0.004,0.003
0.005,0.005
0.003,0.004
0.005,0.004
0.002,0.003
0.001,0.001
0.005,0.001
0.004,0.004
0.005,0.005
0.01,0.007
0.026,0.015
0.018,0.021
0.01,0.014
0.012,0.011
0.02,0.015
0.022,0.022
0.025,0.02
0.028,0.026
0.03,0.029
0.031,0.03
0.032,0.03
0.024,0.026
0.028,0.024
0.043,0.036
0.007,0.027
0.009,0.008
0.012,0.011
0.015,0.013
0.015,0.015
0.015,0.015
0.017,0.017
0.048,0.018
0.009,0.03
0.007,0.008
0.009,0.008
0.059,0.02
0.021,0.026
0.027,0.024
0.022,0.025
0.012,0.015
0.003,0.01
0.003,0.003
0.005,0.003
0.005,0.005
0.005,0.004
0.005,0.005
0.012,0.007
0.014,0.01
0.009,0.011
0.008,0.009
0.006,0.006
0.005,0.006
0.006,0.006
0.004,0.005
0.003,0.003
0.004,0.003
0.003,0.003
0.001,0.002
0.004,0.001
0.005,0.004
0.005,0.005
0.004,0.005
0.007,0.005
0.012,0.007
0.028,0.017
0.017,0.031
0.003,0.007
0.001,0.002
0.002,0.001
0.001,0.001
0.001,0.001
0.001,0.001
0.001,0.001
0.001,0.001
0.001,0.001
0.001,0.001
0.001,0.001
0.001,0.001
0.006,0.001
0.004,0.006
0.005,0.005
0.004,0.005
0.005,0.004
0.005,0.005
0.006,0.006
0.007,0.006
0.006,0.006
0.006,0.006
0.007,0.006
0.005,0.005
0.005,0.006
0.017,0.009
0.045,0.033
0.023,0.03
0.038,0.031
0.036,0.037
0.032,0.035
0.034,0.032
0.032,0.03
0.042,0.037
0.022,0.032
0.014,0.017
0.026,0.017
0.03,0.034
0.022,0.027
0.015,0.018
0.014,0.014
0.021,0.019
0.008,0.015
0.03,0.013
0.01,0.028
0.025,0.024
0.038,0.032
0.032,0.036
0.051,0.04
0.034,0.039
0.043,0.039
0.035,0.035
0.017,0.027
0.009,0.014
0.006,0.005
0.008,0.008
0.017,0.012
0.045,0.03
0.03,0.028
0.044,0.036
0.046,0.028
0.003,0.017
0.004,0.004
0.006,0.04
0.002,0.002
0.002,0.002
0.003,0.002
0.003,0.003
0.004,0.004
0.004,0.004
0.005,0.005
0.006,0.005
0.089,0.019
0.005,0.006
0.011,0.007
0.075,0.036
0.013,0.03
0.018,0.016
0.042,0.032
0.002,0.027
0.003,0.002
0.004,0.003
0.005,0.004
0.006,0.006
0.008,0.007
0.058,0.031
0.022,0.038
0.01,0.015
0.015,0.013
0.037,0.022
0.007,0.007
0.012,0.009
0.012,0.012
0.011,0.011
0.01,0.011
0.009,0.01
0.012,0.01
0.013,0.012
0.012,0.012
0.011,0.011
0.01,0.01
0.011,0.01
0.01,0.011
0.01,0.01
0.011,0.01
0.014,0.012
0.016,0.015
0.018,0.017
0.02,0.019
0.021,0.02
0.022,0.022
0.022,0.022
0.021,0.022
0.024,0.023
0.024,0.023
0.025,0.025
0.011,0.014
0.009,0.011
0.012,0.009
0.155,0.04
0.014,0.024
0.014,0.015
0.015,0.016
0.038,0.016
0.02,0.028
0.014,0.027
0.015,0.015
0.016,0.016
0.017,0.017
0.018,0.018
0.014,0.014
0.017,0.018
0.03,0.035
0.035,0.033
0.017,0.022
0.018,0.019
0.053,0.031
0.015,0.023
0.066,0.026
0.016,0.015
0.015,0.027
0.014,0.014
0.012,0.013
0.012,0.012
0.012,0.012
0.012,0.012
0.011,0.011
0.036,0.022
0.036,0.036
0.035,0.035
0.026,0.029
0.026,0.026
0.026,0.026
0.026,0.026
0.026,0.026
0.02,0.026
0.026,0.014
0.013,0.014
0.013,0.013
0.001,0.006
0.001,0.001
0.002,0.002
0.002,0.002
0.002,0.002
0.003,0.002
0.003,0.003
0.003,0.003
0.014,0.024
0.008,0.008
0.432,0.038
0.054,0.036
0.027,0.026
0.03,0.028
0.028,0.028
0.013,0.011
0.017,0.015
0.012,0.033
0.006,0.01
0.005,0.005
0.004,0.005
0.003,0.004
0.005,0.004
0.005,0.005
0.006,0.005
0.007,0.007
0.008,0.008
0.004,0.006
0.004,0.004
0.005,0.005
0.068,0.035
0.02,0.036
0.016,0.039
0.019,0.017
0.019,0.018
0.029,0.021
0.019,0.03
0.02,0.036
0.034,0.039
0.029,0.032
0.022,0.026
0.035,0.028
0.037,0.038
0.032,0.033
0.033,0.033
0.035,0.034
0.043,0.037
0.017,0.025
0.009,0.011
0.007,0.008
0.004,0.005
0.003,0.004
0.003,0.002
0.004,0.003
0.002,0.003
0.003,0.002
0.003,0.003
0.004,0.003
0.005,0.004
0.003,0.003
0.005,0.004
0.005,0.006
0.006,0.005
0.02,0.011
0.011,0.016
0.018,0.012
0.019,0.022
0.061,0.027
0.016,0.028
0.016,0.015
0.017,0.016
0.009,0.013
0.006,0.007
0.002,0.005
0.001,0.002
0.002,0.001
0.002,0.002
0.002,0.002
0.002,0.003
0.007,0.002
0.008,0.007
0.008,0.007
0.006,0.008
0.011,0.008
0.017,0.017
0.004,0.011
0.004,0.003
0.006,0.005
0.004,0.005
0.003,0.003
0.003,0.004
0.003,0.003
0.004,0.003
0.005,0.004
0.004,0.004
0.006,0.005
0.007,0.007
0.003,0.005
0.004,0.003
0.002,0.003
0.002,0.002
0.002,0.002
0.001,0.002
0.005,0.002
0.005,0.005
0.01,0.007
0.01,0.009
0.013,0.012
0.019,0.017
0.035,0.024
0.04,0.027
0.01,0.024
0.014,0.012
0.149,0.035
0.001,0.015
0.002,0.001
0.002,0.002
0.002,0.002
0.003,0.002
0.003,0.003
0.003,0.003
0.004,0.003
0.004,0.004
0.004,0.004
0.035,0.013
0.004,0.015
0.002,0.008
0.003,0.002
0.013,0.017
0.013,0.013
0.013,0.013
0.014,0.014
0.014,0.014
0.014,0.014
0.014,0.015
0.041,0.034
0.035,0.035
0.007,0.008
0.139,0.026
0.026,0.04
0.026,0.027
0.026,0.026
0.027,0.027
0.023,0.027
0.018,0.028
0.015,0.016
0.016,0.016
0.014,0.016
0.014,0.014
0.014,0.014
0.014,0.014
0.014,0.014
0.014,0.014
0.014,0.014
0.014,0.014
0.014,0.014
0.02,0.014
0.02,0.02
0.021,0.021
0.021,0.021
0.022,0.022
0.022,0.022
0.024,0.023
0.037,0.033
0.029,0.027
0.028,0.029
0.034,0.03
0.026,0.026
0.026,0.026
0.031,0.036
0.014,0.028
0.009,0.009
0.009,0.009
0.009,0.009
0.01,0.01
0.01,0.01
0.011,0.01
0.011,0.011
0.012,0.011
0.012,0.012
0.012,0.012
0.012,0.012
0.012,0.012
0.014,0.018
0.014,0.03
0.018,0.014
0.052,0.026
0.021,0.027
0.044,0.034
0.019,0.03
0.027,0.021
0.026,0.026
0.024,0.025
0.024,0.024
0.044,0.037
0.026,0.031
0.028,0.027
0.032,0.022
0.013,0.036
0.013,0.013
0.036,0.034
0.038,0.039
0.048,0.039
0.027,0.027
0.025,0.034
0.025,0.025
0.025,0.025
0.025,0.025
0.025,0.025
0.026,0.025
0.026,0.026
0.026,0.026
0.026,0.026
0.026,0.026
0.026,0.026
0.026,0.026
0.026,0.026
0.026,0.026
0.026,0.025
0.026,0.026
0.026,0.026
0.026,0.026
0.026,0.026
0.026,0.026
0.026,0.026
0.049,0.033
0.026,0.03
0.028,0.026
0.026,0.026
0.026,0.026
0.027,0.027
0.014,0.018
0.025,0.015
0.026,0.029
0.013,0.023
0.014,0.013
0.014,0.014
0.014,0.014
0.019,0.022
0.022,0.031
0.013,0.018
0.013,0.013
0.013,0.013
0.013,0.013
0.014,0.013
0.014,0.014
0.017,0.015
0.017,0.017
0.023,0.02
0.028,0.027
0.098,0.033
0.027,0.027
0.025,0.03
0.024,0.024
0.075,0.023
0.026,0.039
0.011,0.025
0.002,0.005
0.002,0.002
0.001,0.001
0.001,0.001
0.001,0.001
0.001,0.001
0.003,0.001
0.004,0.003
0.004,0.004
0.004,0.004
0.005,0.004
0.005,0.005
0.006,0.005
0.006,0.005
0.004,0.005
0.005,0.004
0.005,0.005
0.005,0.005
0.005,0.005
0.005,0.004
0.018,0.01
0.027,0.023
0.022,0.025
0.065,0.029
0.034,0.034
0.012,0.012
0.014,0.012
0.015,0.015
0.034,0.037
0.026,0.027
0.024,0.026
0.019,0.02
0.004,0.01
0.003,0.003
0.005,0.004
0.019,0.01
0.044,0.032
0.033,0.036
0.039,0.035
0.037,0.034
0.003,0.019
0.006,0.004
0.008,0.008
0.003,0.005
0.007,0.006
0.005,0.007
0.003,0.004
0.003,0.003
0.004,0.003
0.005,0.004
0.004,0.005
0.006,0.005
0.008,0.006
0.004,0.006
0.006,0.004
0.006,0.005
0.006,0.006
0.007,0.006
0.007,0.007
0.019,0.011
0.024,0.025
0.02,0.023
0.013,0.016
0.021,0.016
0.022,0.022
0.018,0.02
0.015,0.016
0.01,0.012
0.012,0.011
0.026,0.019
0.014,0.021
0.007,0.01
0.009,0.008
0.011,0.012
0.004,0.007
0.002,0.003
0.003,0.003
0.002,0.003
0.003,0.001
0.002,0.002
0.002,0.002
0.003,0.002
0.003,0.003
0.004,0.004
0.005,0.004
0.005,0.005
0.007,0.006
0.006,0.007
0.007,0.006
0.01,0.008
0.008,0.01
0.007,0.008
0.012,0.01
0.03,0.016
0.051,0.035
0.057,0.036
0.044,0.028
0.01,0.011
0.014,0.012
0.069,0.037
0.03,0.027
0.03,0.034
0.028,0.032
0.02,0.025
0.013,0.018
0.012,0.011
0.015,0.013
0.022,0.015
0.017,0.022
0.005,0.01
0.003,0.003
0.004,0.003
0.005,0.005
0.007,0.006
0.008,0.007
0.007,0.008
0.009,0.008
0.011,0.011
0.014,0.014
0.02,0.017
0.013,0.015
0.021,0.02
0.014,0.018
0.013,0.013
0.017,0.014
0.018,0.018
0.012,0.017
0.007,0.01
0.004,0.006
0.003,0.004
0.001,0.002
0.001,0.001
0.002,0.001
0.002,0.002
0.003,0.003
0.003,0.003
0.002,0.003
0.002,0.002
0.003,0.003
0.003,0.003
0.002,0.003
0.002,0.002
0.002,0.002
0.002,0.002
0.002,0.002
0.002,0.002
0.002,0.002
0.002,0.002
0.002,0.002
0.002,0.002
0.002,0.002
0.002,0.002
0.002,0.002
0.002,0.002
0.002,0.002
0.002,0.002
0.005,0.002
0.005,0.005
0.005,0.005
0.005,0.005
0.005,0.005
0.005,0.005
0.005,0.005
0.005,0.005
0.006,0.006
0.006,0.006
0.006,0.006
0.005,0.006
0.005,0.005
0.005,0.005
0.004,0.004
0.003,0.003
0.004,0.004
0.007,0.005
0.008,0.007
0.006,0.006
0.004,0.004
0.004,0.004
0.002,0.003
0.002,0.002
0.007,0.002
0.009,0.008
0.008,0.008
0.007,0.009
0.005,0.006
0.003,0.004
0.006,0.004
0.008,0.006
0.003,0.005
0.002,0.002
0.002,0.003
0.001,0.001
0.002,0.001
0.002,0.002
0.002,0.002
0.002,0.002
0.002,0.002
0.002,0.002
0.002,0.002
0.002,0.002
0.002,0.002
0.002,0.002
0.002,0.002
0.002,0.002
0.006,0.002
0.007,0.006
0.007,0.007
0.013,0.008
0.02,0.015
0.025,0.028
0.015,0.02
0.018,0.017
0.024,0.019
0.021,0.026
0.016,0.017
0.017,0.016
0.007,0.013
0.002,0.004
0.002,0.002
0.001,0.001
0.001,0.001
0.001,0.001
0.001,0.001
0.001,0.001
0.001,0.001
0.001,0.001
0.001,0.001
0.001,0.001
0.004,0.001
0.004,0.004
0.004,0.004
0.005,0.005
0.005,0.005
0.005,0.005
0.005,0.005
0.006,0.006
0.006,0.006
0.006,0.006
0.007,0.006
0.007,0.007
0.007,0.007
0.007,0.007
0.008,0.007
0.008,0.008
0.008,0.008
0.008,0.008
0.008,0.008
0.009,0.009
0.008,0.008
0.011,0.009
0.018,0.014
0.04,0.027
0.021,0.019
0.044,0.038
0.023,0.033
0.053,0.039
0.036,0.039
0.018,0.03
0.01,0.013
0.007,0.008
0.005,0.006
0.005,0.005
0.003,0.004
0.003,0.003
0.004,0.004
0.005,0.004
0.006,0.005
0.006,0.006
0.007,0.007
0.007,0.007
0.006,0.006
0.009,0.007
0.004,0.007
0.002,0.003
0.001,0.002
0.007,0.001
0.014,0.008
0.017,0.018
0.003,0.011
0.002,0.002
0.003,0.002
0.005,0.004
0.006,0.005
0.007,0.006
0.008,0.008
0.013,0.012
0.016,0.017
0.048,0.034
0.034,0.036
0.028,0.032
0.023,0.026
0.021,0.021
0.015,0.018
0.008,0.011
0.011,0.008
0.006,0.009
0.005,0.006
0.004,0.004
0.006,0.002
0.006,0.006
0.004,0.005
0.006,0.005
0.007,0.006
0.01,0.008
0.015,0.01
0.02,0.021
0.036,0.025
0.055,0.039
0.021,0.022
0.015,0.018
0.014,0.012
0.025,0.024
0.02,0.024
0.029,0.028
0.037,0.033
0.037,0.039
0.029,0.032
0.037,0.04
0.011,0.016
0.061,0.04
0.024,0.035
0.017,0.025
0.015,0.016
0.009,0.013
0.005,0.007
0.002,0.004
0.002,0.002
0.002,0.002
0.002,0.002
0.003,0.003
0.004,0.004
0.003,0.003
0.002,0.002
0.003,0.002
0.004,0.003
0.004,0.004
0.004,0.004
0.005,0.005
0.007,0.006
0.006,0.007
0.004,0.006
0.011,0.008
0.035,0.02
0.037,0.031
0.033,0.033
0.027,0.033
0.027,0.03
0.03,0.037
0.009,0.017
0.048,0.027
0.029,0.024
0.026,0.03
0.027,0.026
0.034,0.029
0.044,0.039
0.016,0.034
0.001,0.006
0.002,0.001
0.002,0.002
0.002,0.002
0.003,0.003
0.004,0.003
0.004,0.004
0.005,0.004
0.005,0.005
0.003,0.005
0.003,0.002
0.003,0.004
0.006,0.004
0.005,0.006
0.008,0.006
0.008,0.008
0.014,0.011
0.023,0.018
0.025,0.029
0.033,0.021
0.03,0.028
0.028,0.03
0.029,0.029
0.007,0.007
0.009,0.008
0.055,0.01
0.024,0.028
0.032,0.027
0.02,0.031
0.008,0.019
0.002,0.004
0.001,0.001
0.001,0.001
0.001,0.001
0.003,0.001
0.004,0.003
0.004,0.004
0.005,0.004
0.003,0.004
0.004,0.004
0.005,0.004
0.004,0.005
0.002,0.003
0.001,0.002
0.001,0.001
0.002,0.002
0.003,0.002
0.002,0.002
0.003,0.003
0.003,0.003
0.003,0.003
0.003,0.003
0.003,0.003
0.004,0.004
0.004,0.004
0.003,0.003
0.001,0.002
0.001,0.001
0.005,0.001
0.007,0.006
0.01,0.008
0.007,0.009
0.006,0.006
0.028,0.016
0.016,0.022
0.019,0.019
0.015,0.019
0.005,0.008
0.009,0.007
0.014,0.011
0.033,0.029
0.015,0.024
0.011,0.012
0.015,0.011
0.017,0.018
0.021,0.02
0.012,0.017
0.017,0.016
0.013,0.018
0.018,0.014
0.044,0.029
0.029,0.038
0.023,0.027
0.044,0.028
0.03,0.04
0.01,0.021
0.012,0.009
0.01,0.011
0.01,0.008
0.013,0.012
0.01,0.012
0.014,0.012
0.015,0.015
0.015,0.014
0.02,0.017
0.027,0.022
0.047,0.035
0.03,0.035
0.019,0.032
0.012,0.015
0.006,0.007
0.005,0.008
0.003,0.004
0.003,0.003
0.004,0.003
0.004,0.004
0.004,0.004
0.013,0.007
0.013,0.013
0.014,0.013
0.014,0.014
0.015,0.015
0.015,0.015
0.015,0.015
0.016,0.015
0.014,0.015
0.015,0.014
0.014,0.015
0.014,0.014
0.014,0.014
0.014,0.014
0.015,0.014
0.014,0.014
0.025,0.022
0.022,0.023
0.021,0.023
0.017,0.019
0.012,0.014
0.013,0.013
0.011,0.012
0.01,0.01
0.009,0.009
0.009,0.01
0.015,0.009
0.013,0.015
0.012,0.013
0.011,0.012
0.012,0.011
0.01,0.01
0.007,0.009
0.008,0.007
0.004,0.008
0.003,0.003
0.004,0.003
0.004,0.004
0.004,0.004
0.003,0.003
0.003,0.003
0.003,0.003
0.003,0.003
0.002,0.002
0.001,0.002
0.001,0.001
0.001,0.001
0.001,0.001
0.001,0.001
0.002,0.001
0.006,0.001
0.007,0.006
0.009,0.007
0.01,0.008
0.011,0.01
0.013,0.011
0.014,0.013
0.018,0.017
0.02,0.017
0.024,0.02
0.032,0.03
0.032,0.031
0.027,0.032
0.02,0.023
0.015,0.019
0.009,0.012
0.003,0.005
0.003,0.002
0.003,0.003
0.004,0.004
0.004,0.004
0.005,0.005
0.005,0.005
0.005,0.005
0.003,0.004
0.015,0.008
0.027,0.021
0.019,0.018
0.009,0.014
0.012,0.01
0.014,0.013
0.034,0.025
0.03,0.025
0.008,0.02
0.014,0.011
0.023,0.023
0.016,0.03
0.015,0.024
0.01,0.022
0.012,0.012
0.021,0.016
0.02,0.017
0.038,0.029
0.021,0.014
0.009,0.015
0.016,0.014
0.022,0.027
0.033,0.028
0.035,0.033
0.031,0.031
0.032,0.029
0.024,0.021
0.03,0.028
0.026,0.029
0.025,0.025
0.027,0.026
0.044,0.029
0.022,0.028
0.025,0.014
0.022,0.025
0.004,0.017
0.006,0.005
0.008,0.007
0.043,0.014
0.013,0.021
0.015,0.013
0.017,0.016
0.021,0.019
0.056,0.036
0.041,0.032
0.007,0.025
0.017,0.013
0.016,0.017
0.009,0.014
0.003,0.006
0.008,0.005
0.003,0.006
0.006,0.004
0.032,0.016
0.011,0.021
0.058,0.022
0.005,0.018
0.003,0.004
0.005,0.004
0.005,0.005
0.012,0.007
0.01,0.012
0.006,0.008
0.009,0.014
0.005,0.011
0.005,0.004
0.007,0.006
0.005,0.011
0.029,0.013
0.008,0.02
0.013,0.018
0.012,0.013
0.044,0.028
0.017,0.038
0.072,0.021
0.03,0.039
0.03,0.034
0.026,0.03
0.029,0.027
0.027,0.027
0.054,0.034
0.023,0.033
0.023,0.024
0.019,0.02
0.01,0.016
0.01,0.009
0.015,0.013
0.012,0.014
0.003,0.012
0.018,0.013
0.006,0.019
0.035,0.017
0.043,0.039
0.037,0.029
0.05,0.023
0.009,0.037
0.069,0.028
0.077,0.034
0.008,0.012
0.008,0.007
0.011,0.01
0.018,0.015
0.01,0.017
0.013,0.013
0.018,0.015
0.018,0.026
0.019,0.018
0.02,0.02
0.021,0.02
0.02,0.021
0.019,0.021
0.019,0.019
0.036,0.039
0.027,0.034
0.019,0.022
0.034,0.031
0.004,0.028
0.007,0.007
0.006,0.008
0.007,0.009
0.012,0.009
0.008,0.007
0.011,0.01
0.024,0.033
0.011,0.01
0.033,0.017
0.044,0.02
0.018,0.025
0.01,0.013
0.006,0.008
0.004,0.005
0.004,0.004
0.004,0.004
0.005,0.005
0.006,0.005
0.013,0.01
0.022,0.016
0.018,0.022
0.02,0.018
0.016,0.018
0.019,0.017
0.024,0.021
0.027,0.024
0.018,0.022
0.025,0.02
0.033,0.028
0.033,0.039
0.028,0.028
0.03,0.03
0.029,0.029
0.049,0.036
0.011,0.009
0.031,0.037
0.023,0.025
0.023,0.023
0.009,0.017
0.008,0.008
0.002,0.004
0.003,0.002
0.004,0.003
0.004,0.004
0.003,0.004
0.001,0.003
0.001,0.001
0.002,0.002
0.002,0.002
0.002,0.002
0.002,0.002
0.002,0.002
0.002,0.002
0.002,0.002
0.003,0.003
0.003,0.003
0.003,0.003
0.003,0.003
0.003,0.003
0.003,0.003
0.003,0.003
0.004,0.004
0.004,0.004
0.004,0.004
0.004,0.004
0.003,0.004
0.003,0.003
0.002,0.003
0.001,0.002
0.001,0.001
0.004,0.001
0.004,0.004
0.006,0.005
0.008,0.007
0.01,0.009
0.01,0.01
0.009,0.01
0.077,0.037
0.03,0.038
0.027,0.022
0.037,0.035
0.015,0.013
0.016,0.015
0.024,0.018
0.034,0.034
0.028,0.026
0.039,0.03
0.015,0.022
0.014,0.015
0.014,0.015
0.016,0.033
0.025,0.026
0.028,0.026
0.026,0.027
0.026,0.026
0.027,0.026
0.025,0.026
0.026,0.026
0.025,0.026
0.026,0.026
0.026,0.026
0.026,0.026
0.026,0.026
0.025,0.026
0.029,0.025
0.03,0.029
0.03,0.03
0.031,0.03
0.031,0.031
0.031,0.032
0.027,0.035
0.016,0.026
0.019,0.017
0.021,0.02
0.014,0.034
0.004,0.011
0.064,0.029
0.04,0.036
0.026,0.033
0.026,0.026
0.026,0.026
0.027,0.033
0.029,0.028
0.026,0.026
0.025,0.026
0.027,0.026
0.02,0.027
0.014,0.015
0.013,0.015
0.019,0.014
0.013,0.019
0.011,0.013
0.011,0.011
0.07,0.038
0.013,0.025
0.019,0.016
0.026,0.025
0.026,0.026
0.026,0.026
0.037,0.038
0.038,0.037
0.026,0.035
0.015,0.021
0.017,0.016
0.084,0.02
0.031,0.033
0.018,0.017
0.002,0.002
0.003,0.002
0.004,0.003
0.005,0.004
0.006,0.005
0.096,0.014
0.002,0.037
0.003,0.002
0.052,0.035
0.033,0.038
0.007,0.016
0.01,0.009
0.01,0.011
0.009,0.01
0.008,0.009
0.008,0.008
0.008,0.008
0.009,0.009
0.009,0.009
0.008,0.008
0.007,0.01
0.009,0.009
0.017,0.011
0.015,0.015
0.019,0.017
0.023,0.018
0.019,0.018
0.014,0.016
0.015,0.018
0.024,0.018
0.043,0.036
0.009,0.013
0.006,0.008
0.013,0.01
0.01,0.013
0.011,0.014
0.016,0.014
0.015,0.012
0.103,0.035
0.03,0.039
0.039,0.036
0.031,0.035
0.03,0.029
0.038,0.034
0.071,0.035
0.027,0.029
0.013,0.018
0.003,0.01
0.006,0.004
0.004,0.005
0.005,0.005
0.006,0.006
0.007,0.006
0.005,0.006
0.018,0.01
0.013,0.015
0.005,0.009
0.007,0.005
0.016,0.012
0.02,0.019
0.032,0.026
0.005,0.016
0.009,0.007
0.007,0.015
0.004,0.004
0.006,0.006
0.009,0.008
0.018,0.01
0.028,0.032
0.03,0.031
0.027,0.022
0.032,0.029
0.034,0.032
0.01,0.026
0.013,0.009
0.015,0.014
0.089,0.035
0.027,0.027
0.025,0.026
0.024,0.025
0.023,0.024
0.022,0.023
0.021,0.021
0.02,0.02
0.018,0.019
0.019,0.018
0.015,0.017
0.017,0.016
0.026,0.021
0.056,0.035
0.017,0.018
0.031,0.021
0.026,0.039
0.021,0.026
0.017,0.028
0.048,0.026
0.012,0.017
0.007,0.017
0.014,0.017
0.018,0.018
0.071,0.039
0.021,0.033
0.125,0.037
0.027,0.039
0.018,0.022
0.017,0.018
0.018,0.017
0.011,0.014
0.011,0.011
0.011,0.011
0.022,0.011
0.021,0.02
0.017,0.02
0.01,0.012
0.01,0.01
0.01,0.01
0.01,0.01
0.01,0.01
0.009,0.01
0.009,0.009
0.009,0.009
0.009,0.009
0.009,0.009
0.009,0.009
0.008,0.009
0.008,0.008
0.008,0.008
0.008,0.008
0.008,0.008
0.008,0.008
0.008,0.008
0.008,0.008
0.008,0.008
0.008,0.008
0.008,0.008
0.008,0.008
0.008,0.008
0.044,0.012
0.002,0.014
0.057,0.014
0.008,0.019
0.011,0.009
0.011,0.01
0.125,0.04
0.003,0.03
0.004,0.003
0.006,0.005
0.006,0.006
0.004,0.007
0.001,0.002
0.003,0.002
0.004,0.003
0.005,0.004
0.005,0.005
0.01,0.008
0.009,0.011
0.017,0.013
0.02,0.016
0.019,0.019
0.019,0.017
0.021,0.021
0.023,0.022
0.028,0.025
0.024,0.025
0.022,0.026
0.027,0.026
0.027,0.026
0.027,0.027
0.028,0.027
0.028,0.028
0.028,0.027
0.028,0.027
0.027,0.028
0.027,0.027
0.028,0.028
0.026,0.028
0.028,0.027
0.029,0.028
0.027,0.028
0.028,0.027
0.028,0.028
0.028,0.028
0.027,0.028
0.029,0.028
0.029,0.028
0.028,0.028
0.026,0.035
0.027,0.027
0.027,0.027
0.027,0.026
0.027,0.027
0.025,0.026
0.019,0.023
0.018,0.018
0.017,0.018
0.017,0.017
0.024,0.017
0.026,0.04
0.022,0.024
0.02,0.021
0.021,0.021
0.019,0.021
0.008,0.014
0.008,0.006
0.006,0.007
0.005,0.006
0.004,0.005
0.003,0.004
0.011,0.006
0.022,0.015
0.035,0.028
0.044,0.037
0.039,0.04
0.045,0.038
0.004,0.023
0.007,0.013
0.055,0.026
0.039,0.037
0.038,0.04
0.042,0.037
0.018,0.014
0.015,0.015
0.021,0.018
0.025,0.018
0.028,0.023
0.023,0.023
0.022,0.025
0.032,0.023
0.034,0.034
0.013,0.024
0.023,0.012
0.015,0.018
0.017,0.016
0.021,0.021
0.022,0.019
0.019,0.023
0.013,0.013
0.014,0.014
0.019,0.015
0.021,0.022
0.02,0.021
0.023,0.021
0.024,0.023
0.028,0.026
0.026,0.027
0.026,0.026
0.024,0.029
0.026,0.025
0.021,0.023
0.012,0.016
0.01,0.011
0.009,0.01
0.01,0.009
0.008,0.008
0.004,0.007
0.003,0.003
0.004,0.003
0.004,0.004
0.006,0.005
0.02,0.011
0.038,0.028
0.021,0.019
0.006,0.026
0.042,0.01
0.008,0.029
0.011,0.009
0.017,0.014
0.021,0.019
0.022,0.021
0.022,0.023
0.011,0.015
0.011,0.01
0.009,0.01
0.008,0.009
0.012,0.01
0.007,0.01
0.008,0.008
0.009,0.008
0.011,0.009
0.01,0.011
0.012,0.01
0.013,0.011
0.011,0.012
0.011,0.011
0.014,0.011
0.013,0.013
0.015,0.014
0.015,0.014
0.015,0.015
0.015,0.015
0.016,0.015
0.014,0.015
0.016,0.015
0.014,0.015
0.014,0.014
0.014,0.014
0.014,0.014
0.002,0.008
0.002,0.002
0.002,0.002
0.002,0.002
0.002,0.002
0.002,0.002
0.002,0.002
0.003,0.003
0.003,0.003
0.003,0.003
0.016,0.005
0.016,0.02
0.038,0.034
0.028,0.035
0.025,0.031
0.025,0.025
0.025,0.025
0.025,0.026
0.025,0.025
0.012,0.024
0.012,0.012
0.013,0.012
0.012,0.012
0.012,0.012
0.001,0.006
0.001,0.001
0.001,0.001
0.001,0.001
0.001,0.001
0.001,0.001
0.001,0.001
0.001,0.001
0.001,0.001
0.001,0.001
0.001,0.001
0.001,0.001
0.001,0.001
0.001,0.001
0.001,0.001
0.001,0.001
0.001,0.001
0.001,0.001
0.001,0.001
0.001,0.001
0.001,0.001
0.001,0.001
0.024,0.004
0.001,0.016
0.001,0.001
0.001,0.001
0.027,0.029
0.026,0.026
0.027,0.026
0.027,0.027
0.027,0.027
0.027,0.027
0.026,0.026
0.023,0.024
0.023,0.023
0.02,0.022
0.019,0.019
0.017,0.018
0.016,0.017
0.015,0.016
0.015,0.015
0.017,0.016
0.085,0.019
0.024,0.013
0.002,0.025
0.013,0.006
0.022,0.013
0.001,0.003
0.001,0.001
0.001,0.001
0.001,0.001
0.001,0.001
0.001,0.001
0.001,0.001
0.001,0.001
0.001,0.001
0.001,0.001
0.001,0.001
0.001,0.001
0.001,0.001
0.001,0.001
0.001,0.001
0.001,0.001
0.001,0.001
0.001,0.001
0.001,0.001
0.001,0.001
0.001,0.001
0.001,0.001
0.001,0.001
0.001,0.001
0.001,0.001
0.001,0.001
0.001,0.001
0.001,0.001
0.001,0.001
0.001,0.001
0.001,0.001
0.001,0.001
0.001,0.001
0.001,0.001
0.026,0.012
0.073,0.028
0.027,0.04
0.026,0.014
0.025,0.026
0.024,0.025
0.042,0.032
0.027,0.034
0.027,0.027
0.028,0.028
0.036,0.029
0.029,0.039
0.027,0.027
0.037,0.035
0.025,0.025
0.025,0.025
0.025,0.025
0.025,0.025
0.136,0.027
0.055,0.029
0.079,0.035
0.025,0.029
0.021,0.026
0.014,0.014
0.014,0.014
0.014,0.014
0.001,0.009
0.001,0.001
0.001,0.001
0.001,0.001
0.001,0.001
0.001,0.001
0.002,0.002
0.024,0.002
0.027,0.027
0.026,0.026
0.025,0.026
0.025,0.026
0.025,0.026
0.012,0.017
0.012,0.012
0.012,0.012
0.011,0.012
0.012,0.012
0.012,0.012
0.011,0.012
0.012,0.012
0.012,0.012
0.012,0.012
0.012,0.012
0.012,0.012
0.012,0.012
0.012,0.012
0.012,0.012
0.012,0.012
0.013,0.012
0.013,0.012
0.012,0.012
0.013,0.013
0.015,0.024
0.015,0.015
0.014,0.015
0.015,0.014
0.015,0.014
0.016,0.015
0.016,0.016
0.015,0.016
0.016,0.015
0.016,0.015
0.015,0.015
0.015,0.015
0.015,0.015
0.015,0.015
0.015,0.015
0.015,0.015
0.015,0.015
0.016,0.015
0.016,0.016
0.016,0.016
0.016,0.016
0.045,0.025
0.001,0.021
0.012,0.009
0.013,0.013
0.012,0.013
0.009,0.013
0.001,0.001
0.001,0.001
0.001,0.001
0.001,0.001
0.001,0.001
0.001,0.001
0.001,0.001
0.001,0.001
0.001,0.001
0.001,0.001
0.003,0.001
0.004,0.004
0.004,0.004
0.004,0.004
0.004,0.004
0.005,0.004
0.005,0.005
0.005,0.005
0.005,0.005
0.005,0.005
0.011,0.005
0.004,0.013
0.035,0.01
0.006,0.014
0.015,0.008
0.017,0.017
0.022,0.016
0.032,0.033
0.013,0.013
0.014,0.014
0.014,0.014
0.015,0.015
0.015,0.015
0.016,0.016
0.016,0.016
0.017,0.017
0.018,0.017
0.018,0.018
0.018,0.018
0.017,0.017
0.018,0.017
0.055,0.025
0.02,0.039
0.024,0.021
0.024,0.024
0.035,0.037
0.03,0.034
0.024,0.028
0.032,0.026
0.013,0.022
0.012,0.012
0.014,0.013
0.015,0.015
0.018,0.016
0.02,0.02
0.029,0.022
0.007,0.013
0.002,0.002
0.003,0.002
0.003,0.003
0.01,0.009
0.01,0.01
0.017,0.017
0.004,0.011
0.006,0.005
0.032,0.013
0.044,0.012
0.031,0.032
0.032,0.03
0.014,0.015
0.014,0.013
0.013,0.014
0.008,0.011
0.003,0.006
0.004,0.003
0.004,0.004
0.005,0.005
0.005,0.005
0.006,0.006
0.004,0.005
0.006,0.005
0.006,0.006
0.007,0.006
0.007,0.01
0.025,0.022
0.027,0.023
0.022,0.026
0.026,0.025
0.029,0.029
0.033,0.031
0.033,0.03
0.03,0.032
0.04,0.034
0.042,0.039
0.035,0.036
0.015,0.04
0.019,0.017
0.089,0.032
0.032,0.037
0.029,0.028
0.022,0.022
0.028,0.026
0.033,0.03
0.014,0.024
0.015,0.015
0.018,0.016
0.019,0.018
0.014,0.014
0.013,0.014
0.013,0.014
0.013,0.013
0.013,0.013
0.013,0.013
0.012,0.013
0.172,0.032
0.012,0.012
0.001,0.012
0.001,0.001
0.001,0.001
0.001,0.001
0.003,0.001
0.004,0.003
0.015,0.004
0.016,0.015
0.016,0.016
0.016,0.016
0.016,0.016
0.017,0.017
0.017,0.017
0.018,0.017
0.014,0.018
0.007,0.007
0.019,0.013
0.019,0.019
0.019,0.019
0.019,0.019
0.02,0.02
0.116,0.026
0.02,0.016
0.015,0.014
0.03,0.016
0.018,0.016
0.022,0.02
0.027,0.024
0.028,0.027
0.031,0.031
0.04,0.035
0.031,0.032
0.038,0.029
0.036,0.037
0.039,0.037
0.036,0.038
0.033,0.035
0.035,0.034
0.035,0.036
0.038,0.036
0.028,0.033
0.028,0.028
0.027,0.028
0.038,0.033
0.04,0.04
0.019,0.024
0.016,0.019
0.016,0.016
0.016,0.016
0.016,0.016
0.016,0.016
0.016,0.016
0.016,0.016
0.016,0.016
0.016,0.016
0.026,0.016
0.02,0.016
0.005,0.016
0.008,0.006
0.009,0.008
0.014,0.012
0.014,0.029
0.02,0.011
0.04,0.03
0.009,0.009
0.015,0.012
0.001,0.032
0.01,0.006
0.013,0.012
0.015,0.013
0.103,0.026
0.01,0.032
0.014,0.011
0.042,0.015
0.009,0.033
0.007,0.015
0.007,0.007
0.007,0.007
0.007,0.007
0.007,0.007
0.007,0.007
0.02,0.027
0.014,0.015
0.013,0.014
0.014,0.013
0.033,0.015
0.02,0.024
0.021,0.02
0.022,0.021
0.022,0.022
0.022,0.022
0.022,0.022
0.022,0.022
0.022,0.021
0.022,0.022
0.023,0.023
0.021,0.022
0.017,0.019
0.016,0.016
0.017,0.018
0.017,0.016
0.018,0.019
0.014,0.015
0.015,0.015
0.015,0.015
0.013,0.014
0.012,0.013
0.013,0.013
0.013,0.012
0.012,0.012
0.011,0.012
0.013,0.012
0.012,0.012
0.012,0.012
0.013,0.012
0.012,0.012
0.012,0.012
0.011,0.011
0.011,0.011
0.012,0.012
0.064,0.038
0.02,0.04
0.021,0.021
0.021,0.021
0.022,0.022
0.022,0.022
0.002,0.013
0.003,0.003
0.003,0.003
0.004,0.004
0.004,0.004
0.005,0.004
0.005,0.005
0.015,0.021
0.014,0.02
0.014,0.014
0.015,0.014
0.016,0.015
0.015,0.016
0.016,0.015
0.018,0.016
0.02,0.018
0.021,0.02
0.018,0.022
0.016,0.016
0.018,0.016
0.016,0.017
0.048,0.027
0.014,0.028
0.013,0.013
0.014,0.014
0.011,0.014
0.006,0.019
0.001,0.002
0.001,0.001
0.001,0.001
0.001,0.001
0.001,0.001
0.001,0.001
0.001,0.001
0.001,0.001
0.006,0.001
0.008,0.006
0.013,0.008
0.015,0.014
0.012,0.013
0.014,0.01
0.014,0.011
0.009,0.01
0.009,0.009
0.008,0.008
0.008,0.008
0.009,0.008
0.009,0.009
0.009,0.009
0.009,0.009
0.01,0.01
0.026,0.012
0.005,0.01
0.006,0.006
0.009,0.006
0.074,0.029
0.004,0.003
0.006,0.005
0.03,0.015
0.02,0.02
0.161,0.035
0.014,0.015
0.029,0.019
0.016,0.022
0.017,0.014
0.017,0.016
0.009,0.013
0.006,0.004
0.004,0.005
0.004,0.004
0.005,0.004
0.002,0.004
0.002,0.002
0.003,0.003
0.003,0.003
0.004,0.004
0.004,0.004
0.005,0.005
0.005,0.011
0.005,0.005
0.041,0.008
0.006,0.015
0.005,0.016
0.005,0.018
0.006,0.005
0.005,0.006
0.006,0.006
0.008,0.018
0.02,0.016
0.016,0.017
0.01,0.013
0.006,0.008
0.012,0.01
0.012,0.011
0.024,0.015
0.019,0.021
0.026,0.024
0.024,0.025
0.024,0.025
0.028,0.025
0.028,0.028
0.028,0.028
0.028,0.028
0.028,0.028
0.024,0.028
0.029,0.027
0.028,0.028
0.028,0.029
0.029,0.028
0.028,0.028
0.029,0.029
0.029,0.029
0.03,0.029
0.029,0.029
0.03,0.029
0.03,0.03
0.03,0.03
0.03,0.03
0.034,0.032
0.029,0.028
0.042,0.035
0.01,0.032
0.012,0.011
0.009,0.01
0.01,0.009
0.011,0.01
0.011,0.011
0.01,0.01
0.009,0.01
0.008,0.009
0.001,0.004
0.001,0.001
0.002,0.001
0.003,0.003
0.003,0.003
0.004,0.003
0.004,0.004
0.004,0.004
0.005,0.005
0.005,0.005
0.009,0.006
0.016,0.012
0.021,0.019
0.018,0.019
0.03,0.022
0.027,0.028
0.037,0.029
0.033,0.038
0.029,0.035
0.017,0.022
0.049,0.031
0.041,0.038
0.028,0.035
0.03,0.023
0.023,0.025
0.025,0.025
0.021,0.023
0.019,0.019
0.01,0.015
0.023,0.022
0.039,0.034
0.026,0.026
0.026,0.026
0.026,0.026
0.026,0.026
0.025,0.026
0.031,0.026
0.031,0.031
0.033,0.032
0.026,0.026
0.03,0.029
0.04,0.032
0.016,0.016
0.038,0.018
0.084,0.04
0.027,0.023
0.027,0.027
0.027,0.026
0.027,0.027
0.031,0.029
0.026,0.036
0.012,0.024
0.012,0.012
0.012,0.012
0.012,0.012
0.012,0.012
0.012,0.012
0.012,0.012
0.012,0.012
0.012,0.012
0.012,0.012
0.012,0.012
0.012,0.012
0.012,0.012
0.012,0.012
0.012,0.012
0.012,0.012
0.012,0.012
0.012,0.012
0.014,0.012
0.014,0.014
0.014,0.014
0.014,0.014
0.014,0.014
0.014,0.014
0.015,0.014
0.015,0.015
0.015,0.015
0.015,0.015
0.015,0.015
0.015,0.015
0.015,0.015
0.015,0.015
0.016,0.015
0.016,0.015
0.015,0.015
0.016,0.015
0.055,0.031
0.022,0.028
0.032,0.027
0.008,0.021
0.001,0.003
0.001,0.001
0.001,0.001
0.005,0.001
0.006,0.005
0.005,0.006
0.006,0.006
0.016,0.008
0.045,0.029
0.024,0.04
0.024,0.024
0.006,0.008
0.008,0.007
0.009,0.008
0.098,0.015
0.006,0.02
0.005,0.007
0.006,0.006
0.007,0.006
0.007,0.007
0.007,0.007
0.007,0.007
0.008,0.008
0.009,0.008
0.009,0.009
0.01,0.009
0.01,0.009
0.011,0.01
0.011,0.011
0.011,0.011
0.034,0.012
0.016,0.04
0.001,0.006
0.001,0.001
0.001,0.001
0.001,0.001
0.001,0.001
0.004,0.001
0.005,0.005
0.006,0.005
0.006,0.006
0.007,0.006
0.007,0.007
0.009,0.008
0.013,0.009
0.028,0.019
0.05,0.037
0.015,0.032
0.018,0.016
0.014,0.016
0.012,0.013
0.008,0.01
0.015,0.011
0.013,0.013
0.013,0.016
0.017,0.015
0.021,0.02
0.021,0.019
0.024,0.021
0.021,0.024
0.023,0.022
0.026,0.024
0.028,0.025
0.027,0.025
0.026,0.026
0.026,0.026
0.028,0.026
0.027,0.027
0.027,0.027
0.027,0.027
0.027,0.027
0.027,0.027
0.027,0.027
0.039,0.028
0.034,0.035
0.032,0.034
0.015,0.028
0.007,0.01
0.02,0.01
0.062,0.038
0.028,0.033
0.02,0.025
0.013,0.017
0.004,0.01
0.005,0.004
0.007,0.005
0.007,0.007
0.007,0.007
0.011,0.007
0.026,0.015
0.052,0.036
0.028,0.034
0.014,0.02
0.007,0.01
0.01,0.009
0.016,0.012
0.019,0.016
0.019,0.021
0.023,0.018
0.031,0.026
0.017,0.028
0.016,0.024
0.022,0.022
0.035,0.027
0.032,0.037
0.027,0.028
0.034,0.026
0.024,0.029
0.043,0.033
0.034,0.04
0.038,0.038
0.031,0.035
0.02,0.024
0.01,0.015
0.013,0.013
0.01,0.013
0.011,0.011
0.016,0.016
0.029,0.026
0.031,0.034
0.026,0.032
0.02,0.028
0.02,0.017
0.016,0.019
0.009,0.011
0.006,0.011
0.007,0.007
0.006,0.007
0.007,0.006
0.012,0.008
0.026,0.018
0.042,0.029
0.033,0.035
0.019,0.028
0.015,0.016
0.045,0.027
0.009,0.024
0.006,0.006
0.011,0.008
0.013,0.012
0.02,0.015
0.067,0.039
0.009,0.031
0.01,0.009
0.045,0.021
0.038,0.038
0.028,0.033
0.031,0.032
0.037,0.038
0.033,0.038
0.037,0.039
0.039,0.031
0.02,0.033
0.025,0.025
0.016,0.011
0.019,0.026
0.011,0.016
0.007,0.01
0.008,0.006
0.009,0.008
0.005,0.006
0.007,0.006
0.016,0.01
0.023,0.017
0.025,0.02
0.033,0.028
0.005,0.018
0.008,0.006
0.044,0.012
0.013,0.022
0.023,0.022
0.016,0.019
0.016,0.026
0.015,0.018
0.014,0.014
0.014,0.018
0.127,0.025
0.03,0.031
0.027,0.029
0.036,0.028
0.014,0.016
0.017,0.013
0.017,0.017
0.044,0.038
0.039,0.027
0.029,0.028
0.025,0.026
0.026,0.026
0.026,0.026
0.021,0.026
0.026,0.025
0.026,0.026
0.026,0.026
0.03,0.026
0.031,0.031
0.04,0.032
0.013,0.017
0.013,0.013
0.012,0.013
0.012,0.012
0.016,0.016
0.026,0.036
0.026,0.031
0.026,0.026
0.027,0.027
0.028,0.028
0.028,0.028
0.029,0.029
0.04,0.03
0.027,0.037
0.029,0.028
0.025,0.03
0.026,0.026
0.025,0.025
0.025,0.037
0.026,0.026
0.026,0.026
0.026,0.025
0.041,0.026
0.022,0.039
0.027,0.025
0.015,0.012
0.016,0.017
0.226,0.019
0.013,0.01
0.024,0.026
0.03,0.026
0.033,0.03
0.034,0.032
0.031,0.03
0.036,0.032
0.03,0.035
0.03,0.031
0.024,0.028
0.03,0.027
0.027,0.028
0.026,0.028
0.026,0.027
0.03,0.029
0.031,0.026
0.026,0.028
0.03,0.028
0.028,0.027
0.021,0.028
0.027,0.027
0.026,0.027
0.026,0.027
0.027,0.025
0.015,0.016
0.035,0.038
0.03,0.034
0.03,0.033
0.023,0.034
0.026,0.026
0.028,0.027
0.028,0.028
0.006,0.024
0.001,0.002
0.003,0.001
0.004,0.004
0.005,0.005
0.006,0.006
0.008,0.007
0.012,0.01
0.044,0.022
0.032,0.021
0.021,0.021
0.016,0.02
0.015,0.016
0.015,0.015
0.011,0.013
0.013,0.011
0.006,0.005
0.009,0.007
0.005,0.01
0.011,0.009
0.005,0.007
0.005,0.004
0.008,0.007
0.013,0.009
0.012,0.012
0.014,0.01
0.031,0.026
0.015,0.019
0.018,0.018
0.016,0.013
0.019,0.019
0.034,0.027
0.053,0.037
0.016,0.024
0.017,0.017
0.017,0.015
0.018,0.025
0.032,0.025
0.053,0.038
0.015,0.014
0.016,0.016
0.055,0.027
0.029,0.04
0.037,0.018
0.03,0.035
0.01,0.015
0.005,0.009
0.008,0.006
0.009,0.009
0.01,0.009
0.026,0.013
0.031,0.02
0.074,0.038
0.018,0.019
0.018,0.018
0.019,0.019
0.049,0.018
0.026,0.017
0.026,0.026
0.026,0.026
0.004,0.019
0.007,0.004
0.006,0.006
0.007,0.007
0.008,0.008
0.009,0.008
0.01,0.009
0.01,0.01
0.011,0.01
0.012,0.011
0.01,0.012
0.013,0.01
0.011,0.017
0.01,0.009
0.013,0.013
0.013,0.018
0.013,0.02
0.013,0.013
0.048,0.021
0.001,0.005
0.003,0.002
0.004,0.003
0.006,0.005
0.01,0.009
0.011,0.011
0.003,0.024
0.005,0.003
0.007,0.005
0.009,0.007
0.008,0.007
0.009,0.008
0.007,0.007
0.008,0.008
0.009,0.009
0.016,0.012
0.022,0.02
0.027,0.025
0.029,0.028
0.03,0.03
0.03,0.03
0.031,0.03
0.031,0.031
0.016,0.038
0.008,0.011
0.005,0.004
0.014,0.006
0.005,0.02
0.006,0.005
0.006,0.006
0.005,0.006
0.006,0.006
0.006,0.006
0.006,0.006
0.007,0.006
0.007,0.007
0.029,0.014
0.004,0.01
0.006,0.005
0.008,0.007
0.019,0.01
0.029,0.011
0.026,0.026
0.026,0.026
0.027,0.026
0.027,0.027
0.027,0.027
0.027,0.027
0.027,0.027
0.027,0.027
0.026,0.027
0.028,0.027
0.028,0.027
0.025,0.027
0.027,0.027
0.027,0.027
0.027,0.027
0.027,0.027
0.027,0.027
0.024,0.026
0.022,0.024
0.047,0.031
0.027,0.025
0.029,0.027
0.029,0.028
0.04,0.04
0.036,0.04
0.034,0.036
0.032,0.034
0.035,0.033
0.034,0.034
0.025,0.032
0.02,0.021
0.021,0.02
0.02,0.02
0.02,0.02
0.02,0.02
0.021,0.02
0.019,0.02
0.019,0.019
0.02,0.02
0.02,0.02
0.02,0.019
0.019,0.019
0.02,0.019
0.023,0.034
0.004,0.013
0.005,0.005
0.006,0.005
0.008,0.006
0.005,0.006
0.005,0.005
0.006,0.005
0.006,0.006
0.007,0.007
0.009,0.007
0.029,0.017
0.049,0.032
0.061,0.017
0.007,0.018
0.007,0.007
0.008,0.008
0.01,0.01
0.012,0.011
0.01,0.011
0.013,0.012
0.008,0.003
0.007,0.008
0.01,0.009
0.013,0.011
0.051,0.039
0.042,0.04
0.023,0.027
0.011,0.014
0.006,0.008
0.004,0.007
0.003,0.003
0.003,0.003
0.004,0.003
0.004,0.004
0.006,0.005
0.007,0.006
0.008,0.008
0.011,0.009
0.012,0.01
0.014,0.012
0.021,0.016
0.029,0.027
0.032,0.032
0.045,0.039
0.008,0.008
0.008,0.008
0.009,0.008
0.009,0.009
0.009,0.009
0.008,0.008
0.008,0.008
0.007,0.008
0.009,0.008
0.009,0.009
0.006,0.007
0.004,0.004
0.003,0.003
0.003,0.003
0.004,0.004
0.002,0.002
0.003,0.002
0.001,0.002
0.002,0.001
0.008,0.003
0.009,0.008
0.012,0.012
0.013,0.012
0.017,0.014
0.014,0.015
0.009,0.016
0.015,0.012
0.036,0.039
0.028,0.029
0.038,0.038
0.02,0.017
0.035,0.029
0.024,0.039
0.013,0.016
0.03,0.023
0.026,0.03
0.05,0.029
0.034,0.039
0.08,0.035
0.041,0.022
0.033,0.038
0.018,0.018
0.017,0.018
0.016,0.016
0.014,0.015
0.014,0.014
0.013,0.014
0.014,0.014
0.015,0.016
0.014,0.015
0.075,0.026
0.033,0.035
0.016,0.023
0.014,0.016
0.006,0.009
0.002,0.003
0.002,0.002
0.003,0.003
0.002,0.002
0.003,0.003
0.004,0.003
0.004,0.004
0.005,0.005
0.006,0.005
0.006,0.006
0.007,0.007
0.007,0.007
0.008,0.008
0.008,0.008
0.008,0.008
0.007,0.008
0.007,0.007
0.025,0.016
0.034,0.029
0.035,0.038
0.019,0.028
0.016,0.018
0.014,0.015
0.019,0.016
0.008,0.039
0.006,0.006
0.007,0.006
0.008,0.008
0.009,0.008
0.01,0.009
0.011,0.01
0.011,0.011
0.012,0.012
0.036,0.03
0.005,0.005
0.004,0.005
0.004,0.004
0.004,0.004
0.007,0.004
0.158,0.023
0.041,0.039
0.022,0.022
0.028,0.022
0.028,0.027
0.02,0.027
0.023,0.023
0.026,0.024
0.026,0.025
0.025,0.027
0.029,0.028
0.03,0.031
0.035,0.037
0.03,0.033
0.018,0.028
0.018,0.018
0.019,0.018
0.019,0.019
0.019,0.019
0.019,0.019
0.019,0.019
0.019,0.019
0.02,0.02
0.02,0.02
0.02,0.02
0.02,0.02
0.02,0.02
0.021,0.021
0.021,0.021
0.021,0.021
0.021,0.021
0.022,0.022
0.022,0.022
0.041,0.024
0.013,0.013
0.013,0.013
0.014,0.013
0.014,0.014
0.014,0.014
0.014,0.014
0.014,0.014
0.015,0.014
0.013,0.014
0.008,0.011
0.116,0.012
0.006,0.015
0.005,0.005
0.007,0.006
0.01,0.008
0.02,0.012
0.015,0.011
0.011,0.033
0.002,0.004
0.003,0.003
0.004,0.004
0.005,0.005
0.005,0.006
0.005,0.005
0.007,0.007
0.018,0.011
0.02,0.019
0.02,0.036
0.007,0.014
0.001,0.003
0.001,0.001
0.001,0.002
0.001,0.001
0.001,0.001
0.001,0.001
0.001,0.001
0.001,0.001
0.001,0.001
0.001,0.001
0.001,0.001
0.001,0.001
0.001,0.001
0.001,0.001
0.001,0.001
0.001,0.001
0.001,0.001
0.001,0.001
0.008,0.001
0.008,0.008
0.007,0.007
0.005,0.006
0.004,0.004
0.005,0.004
0.006,0.006
0.004,0.004
0.007,0.005
0.003,0.005
0.004,0.003
0.004,0.005
0.005,0.005
0.007,0.006
0.011,0.009
0.087,0.032
0.022,0.018
0.034,0.023
0.014,0.029
0.017,0.021
0.032,0.034
0.033,0.031
0.035,0.035
0.033,0.037
0.026,0.029
0.021,0.021
0.054,0.033
0.021,0.022
0.018,0.021
0.015,0.016
0.031,0.04
0.048,0.035
0.031,0.035
0.009,0.02
0.009,0.008
0.008,0.008
0.009,0.009
0.009,0.009
0.011,0.01
0.011,0.011
0.011,0.011
0.011,0.011
0.02,0.013
0.06,0.04
0.052,0.029
0.018,0.035
0.024,0.036
0.029,0.03
0.023,0.029
0.033,0.027
0.04,0.039
0.015,0.015
0.015,0.016
0.018,0.015
0.025,0.021
0.024,0.026
0.023,0.024
0.018,0.021
0.027,0.018
0.013,0.022
0.018,0.014
0.019,0.018
0.025,0.019
0.007,0.008
0.016,0.01
0.024,0.014
0.014,0.017
0.02,0.02
0.029,0.022
0.023,0.033
0.018,0.033
0.045,0.039
0.014,0.014
0.02,0.017
0.014,0.014
0.016,0.015
0.009,0.015
0.017,0.019
0.022,0.019
0.02,0.017
0.019,0.018
0.019,0.022
0.041,0.03
0.005,0.016
0.003,0.003
0.004,0.003
0.004,0.004
0.005,0.005
0.006,0.005
0.006,0.006
0.007,0.006
0.007,0.007
0.019,0.008
0.051,0.04
0.026,0.04
0.026,0.026
0.026,0.026
0.012,0.037
0.039,0.021
0.029,0.027
0.026,0.029
0.024,0.025
0.026,0.022
0.014,0.019
0.021,0.02
0.021,0.019
0.022,0.021
0.023,0.02
0.017,0.015
0.01,0.017
0.005,0.006
0.005,0.005
0.007,0.006
0.008,0.007
0.006,0.007
0.005,0.006
0.007,0.005
0.01,0.008
0.018,0.011
0.018,0.02
0.005,0.014
0.008,0.006
0.014,0.01
0.025,0.018
0.023,0.026
0.062,0.039
0.03,0.029
0.033,0.029
0.029,0.03
0.036,0.03
0.026,0.03
0.03,0.027
0.013,0.014
0.018,0.014
0.021,0.017
0.063,0.019
0.019,0.031
0.011,0.016
0.009,0.008
0.013,0.01
0.022,0.017
0.016,0.016
0.015,0.013
0.009,0.014
0.013,0.012
0.025,0.015
0.033,0.029
0.026,0.039
0.014,0.021
0.015,0.014
0.016,0.015
0.016,0.015
0.016,0.016
0.014,0.032
0.017,0.019
0.018,0.017
0.021,0.02
0.019,0.025
0.021,0.026
0.014,0.017
0.01,0.012
0.011,0.011
0.015,0.012
0.017,0.014
0.013,0.012
0.019,0.015
0.027,0.022
0.008,0.009
0.015,0.011
0.011,0.011
0.013,0.012
0.014,0.013
0.016,0.015
0.018,0.017
0.013,0.01
0.021,0.022
0.016,0.035
0.021,0.018
0.025,0.022
0.04,0.04
0.041,0.04
0.001,0.007
0.001,0.001
0.002,0.002
0.003,0.003
0.001,0.001
0.001,0.001
0.001,0.001
0.001,0.002
0.003,0.002
0.005,0.004
0.006,0.006
0.017,0.011
0.02,0.017
0.036,0.024
0.031,0.034
0.022,0.038
0.028,0.033
0.021,0.025
0.013,0.015
0.006,0.01
0.005,0.006
0.004,0.004
0.006,0.005
0.006,0.006
0.005,0.005
0.003,0.003
0.004,0.004
0.007,0.005
0.008,0.007
0.008,0.008
0.03,0.016
0.044,0.04
0.004,0.031
0.008,0.005
0.003,0.02
0.004,0.005
0.005,0.004
0.006,0.005
0.009,0.007
0.005,0.007
0.006,0.006
0.018,0.009
0.011,0.013
0.017,0.015
0.023,0.016
0.02,0.018
0.022,0.019
0.021,0.017
0.018,0.019
0.016,0.016
0.017,0.017
0.009,0.017
0.015,0.016
0.018,0.015
0.013,0.018
0.014,0.017
0.016,0.018
0.02,0.021
0.017,0.017
0.019,0.02
0.021,0.022
0.026,0.025
0.025,0.023
0.025,0.025
0.027,0.029
0.031,0.026
0.025,0.021
0.024,0.03
0.022,0.035
0.026,0.025
0.017,0.028
0.023,0.017
0.017,0.022
0.018,0.018
0.022,0.018
0.031,0.037
0.037,0.036
0.034,0.036
0.043,0.035
0.035,0.035
0.035,0.035
0.035,0.035
0.035,0.035
0.035,0.035
0.029,0.035
0.057,0.03
0.045,0.037
0.017,0.016
0.021,0.038
0.026,0.028
0.003,0.013
0.004,0.004
0.006,0.005
0.007,0.006
0.024,0.009
0.027,0.031
0.03,0.029
0.056,0.034
0.015,0.023
0.01,0.038
0.008,0.008
0.009,0.008
0.011,0.01
0.016,0.011
0.024,0.034
0.019,0.022
0.012,0.018
0.01,0.014
0.008,0.009
0.009,0.01
0.01,0.008
0.02,0.016
0.023,0.026
0.03,0.022
0.023,0.025
0.026,0.022
0.029,0.026
0.033,0.031
0.035,0.036
0.043,0.023
0.046,0.039
0.022,0.027
0.007,0.016
0.008,0.008
0.008,0.01
0.01,0.009
0.003,0.007
0.008,0.005
0.008,0.008
0.014,0.011
0.019,0.016
0.019,0.019
0.04,0.026
0.036,0.033
0.027,0.027
0.027,0.027
0.027,0.027
0.027,0.027
0.027,0.026
0.026,0.026
0.026,0.026
0.026,0.026
0.026,0.026
0.026,0.034
0.025,0.025
0.026,0.025
0.026,0.026
0.026,0.026
0.026,0.026
0.026,0.026
0.026,0.026
0.026,0.026
0.027,0.028
0.029,0.028
0.028,0.032
0.042,0.034
0.018,0.031
0.013,0.015
0.02,0.015
0.097,0.035
0.041,0.035
0.004,0.009
0.005,0.006
0.008,0.008
0.021,0.013
0.029,0.03
0.032,0.03
0.04,0.04
0.032,0.034
0.026,0.035
0.024,0.023
0.025,0.026
0.107,0.032
0.025,0.023
0.028,0.028
0.039,0.031
0.027,0.033
0.029,0.028
0.031,0.03
0.033,0.032
0.03,0.04
0.03,0.034
0.029,0.032
0.031,0.031
0.025,0.026
0.026,0.025
0.026,0.026
0.026,0.026
0.026,0.026
0.026,0.026
0.026,0.026
0.026,0.026
0.02,0.026
0.013,0.014
0.013,0.013
0.014,0.013
0.014,0.013
0.014,0.014
0.025,0.014
0.036,0.034
0.041,0.04
0.033,0.039
0.04,0.037
0.056,0.02
0.014,0.015
0.019,0.029
0.027,0.021
0.199,0.038
0.023,0.037
0.008,0.033
0.004,0.005
0.003,0.004
0.004,0.003
0.005,0.005
0.006,0.006
0.008,0.007
0.008,0.008
0.012,0.009
0.027,0.017
0.035,0.025
0.029,0.03
0.04,0.033
0.002,0.014
0.003,0.002
0.007,0.005
0.012,0.009
0.014,0.013
0.013,0.013
0.015,0.013
0.019,0.017
0.019,0.019
0.018,0.018
0.022,0.02
0.026,0.023
0.027,0.027
0.027,0.027
0.027,0.027
0.026,0.026
0.026,0.026
0.025,0.024
0.023,0.024
0.04,0.038
0.022,0.027
0.027,0.025
0.014,0.026
0.019,0.015
0.019,0.018
0.018,0.019
0.007,0.015
0.01,0.009
0.061,0.019
0.112,0.036
0.013,0.04
0.016,0.016
0.018,0.017
0.013,0.016
0.018,0.013
0.022,0.022
0.033,0.031
0.033,0.03
0.018,0.023
0.011,0.011
0.011,0.016
0.028,0.017
0.029,0.027
0.014,0.02
0.018,0.018
0.016,0.026
0.011,0.017
0.02,0.014
0.019,0.021
0.013,0.012
0.014,0.017
0.006,0.009
0.011,0.008
0.013,0.012
0.035,0.04
0.032,0.019
0.011,0.027
0.032,0.027
0.007,0.015
0.006,0.007
0.002,0.004
0.001,0.003
0.004,0.001
0.004,0.004
0.004,0.004
0.005,0.004
0.006,0.005
0.007,0.006
0.008,0.007
0.008,0.008
0.01,0.009
0.019,0.012
0.034,0.025
0.048,0.04
0.028,0.026
0.031,0.03
0.029,0.03
0.026,0.03
0.023,0.022
0.021,0.021
0.13,0.023
0.029,0.022
0.007,0.023
0.005,0.004
0.005,0.003
0.006,0.006
0.004,0.005
0.009,0.007
0.011,0.009
0.011,0.012
0.013,0.011
0.013,0.014
0.009,0.011
0.011,0.01
0.015,0.013
0.007,0.011
0.023,0.013
0.007,0.024
0.01,0.037
0.048,0.02
0.017,0.034
0.014,0.011
0.005,0.007
0.008,0.008
0.009,0.008
0.009,0.009
0.011,0.009
0.011,0.011
0.012,0.011
0.011,0.011
0.011,0.011
0.012,0.012
0.012,0.012
0.013,0.013
0.013,0.013
0.012,0.012
0.013,0.013
0.014,0.013
0.022,0.021
0.019,0.021
0.019,0.019
0.02,0.019
0.021,0.02
0.04,0.033
0.015,0.03
0.018,0.03
0.018,0.018
0.018,0.018
0.018,0.018
0.018,0.018
0.019,0.018
0.019,0.019
0.019,0.019
0.019,0.019
0.019,0.019
0.019,0.019
0.02,0.019
0.02,0.02
0.02,0.02
0.02,0.02
0.02,0.02
0.02,0.02
0.022,0.021
0.017,0.02
0.044,0.038
0.009,0.038
0.009,0.008
0.009,0.01
0.011,0.01
0.043,0.019
0.037,0.036
0.033,0.036
0.032,0.031
0.009,0.018
0.005,0.009
0.002,0.003
0.001,0.001
0.001,0.001
0.001,0.001
0.002,0.001
0.003,0.003
0.003,0.003
0.003,0.003
0.003,0.003
0.004,0.003
0.004,0.004
0.004,0.004
0.004,0.004
0.005,0.004
0.005,0.005
0.005,0.005
0.005,0.005
0.006,0.005
0.006,0.006
0.006,0.006
0.007,0.006
0.007,0.007
0.007,0.007
0.008,0.008
0.008,0.008
0.01,0.007
0.006,0.005
0.009,0.006
0.003,0.007
0.008,0.006
0.004,0.007
0.006,0.005
0.004,0.005
0.003,0.003
0.003,0.003
0.004,0.004
0.003,0.003
0.001,0.003
0.002,0.003
0.005,0.003
0.002,0.004
0.005,0.005
0.005,0.003
0.001,0.003
0.003,0.002
0.003,0.002
0.006,0.003
0.003,0.003
0.005,0.004
0.007,0.004
0.004,0.005
0.003,0.004
0.009,0.003
0.007,0.007
0.008,0.007
0.008,0.008
0.007,0.008
0.008,0.008
0.008,0.008
0.008,0.007
0.008,0.008
0.007,0.009
0.006,0.007
0.007,0.006
0.007,0.007
0.008,0.008
0.005,0.005
0.007,0.007
0.007,0.007
0.02,0.014
0.033,0.027
0.039,0.035
0.04,0.04
0.041,0.04
0.084,0.02
0.036,0.035
0.043,0.037
0.018,0.017
0.014,0.018
0.036,0.021
0.021,0.025
0.009,0.026
0.017,0.016
0.017,0.017
0.041,0.027
0.014,0.019
0.023,0.028
0.021,0.022
0.014,0.018
0.065,0.036
0.04,0.04
0.032,0.04
0.027,0.032
0.004,0.018
0.028,0.008
0.002,0.032
0.007,0.005
0.013,0.01
0.04,0.025
0.05,0.037
0.003,0.031
0.005,0.004
0.007,0.006
0.008,0.007
0.01,0.009
0.031,0.016
0.037,0.038
0.032,0.039
0.008,0.04
0.043,0.038
0.047,0.04
0.008,0.037
0.007,0.007
0.008,0.007
0.008,0.008
0.01,0.009
0.011,0.011
0.01,0.01
0.011,0.011
0.012,0.012
0.015,0.012
0.021,0.018
0.023,0.028
0.015,0.024
0.024,0.022
0.02,0.026
0.008,0.014
0.019,0.013
0.106,0.033
0.005,0.013
0.023,0.018
0.005,0.011
0.005,0.005
0.006,0.005
0.005,0.006
0.005,0.006
0.006,0.007
0.008,0.006
0.004,0.006
0.002,0.005
0.003,0.002
0.003,0.003
0.004,0.004
0.004,0.005
0.005,0.005
0.004,0.005
0.004,0.004
0.009,0.003
0.006,0.007
0.009,0.008
0.009,0.011
0.01,0.007
0.01,0.009
0.012,0.011
0.012,0.013
0.013,0.011
0.021,0.012
0.004,0.014
0.004,0.004
0.006,0.005
0.008,0.006
0.009,0.008
0.011,0.009
0.011,0.011
0.013,0.012
0.015,0.014
0.011,0.021
0.013,0.009
0.02,0.018
0.023,0.022
0.028,0.023
0.009,0.025
0.066,0.025
0.087,0.031
0.011,0.006
0.003,0.019
0.104,0.016
0.012,0.006
0.011,0.007
0.017,0.011
0.01,0.012
0.007,0.035
0.014,0.028
0.029,0.037
0.028,0.028
0.025,0.026
0.025,0.024
0.039,0.037
0.025,0.025
0.024,0.024
0.024,0.024
0.061,0.025
0.031,0.034
0.029,0.026
0.03,0.03
0.026,0.026
0.035,0.034
0.013,0.013
0.2,0.026
0.004,0.003
0.006,0.008
0.004,0.006
0.036,0.012
0.126,0.039
0.004,0.027
0.004,0.005
0.007,0.005
0.007,0.007
0.008,0.008
0.033,0.025
0.037,0.04
0.013,0.021
0.007,0.012
0.004,0.005
0.007,0.005
0.008,0.007
0.061,0.03
0.002,0.008
0.002,0.002
0.002,0.002
0.002,0.002
0.003,0.002
0.003,0.003
0.003,0.003
0.004,0.004
0.004,0.004
0.007,0.005
0.005,0.007
0.006,0.005
0.006,0.008
0.01,0.007
0.011,0.008
0.034,0.024
0.02,0.033
0.013,0.015
0.007,0.008
0.003,0.006
0.004,0.004
0.004,0.003
0.008,0.006
0.003,0.006
0.002,0.003
0.001,0.001
0.001,0.001
0.001,0.001
0.001,0.001
0.001,0.001
0.001,0.001
0.001,0.001
0.001,0.001
0.001,0.001
0.001,0.001
0.001,0.001
0.001,0.001
0.001,0.001
0.001,0.001
0.004,0.001
0.005,0.005
0.005,0.005
0.005,0.005
0.006,0.005
0.006,0.006
0.006,0.006
0.006,0.006
0.007,0.006
0.007,0.007
0.007,0.007
0.007,0.007
0.008,0.008
0.008,0.008
0.008,0.008
0.009,0.008
0.004,0.006
0.016,0.008
0.025,0.018
0.023,0.025
0.016,0.02
0.027,0.019
0.047,0.038
0.003,0.014
0.006,0.005
0.006,0.006
0.009,0.007
0.01,0.009
0.01,0.009
0.055,0.033
0.02,0.026
0.019,0.02
0.021,0.02
0.021,0.023
0.019,0.019
0.021,0.021
0.018,0.019
0.018,0.019
0.022,0.022
0.028,0.023
0.028,0.025
0.029,0.027
0.028,0.029
0.029,0.029
0.03,0.029
0.029,0.03
0.029,0.029
0.027,0.027
0.028,0.029
0.026,0.031
0.031,0.028
0.127,0.038
0.028,0.027
0.029,0.027
0.03,0.028
0.033,0.031
0.016,0.039
0.018,0.016
0.019,0.018
0.017,0.018
0.014,0.013
0.014,0.015
0.013,0.013
0.011,0.012
0.012,0.013
0.014,0.013
0.012,0.013
0.013,0.013
0.014,0.014
0.015,0.014
0.011,0.013
0.013,0.013
0.014,0.014
0.015,0.013
0.014,0.013
0.016,0.015
0.013,0.016
0.016,0.016
0.015,0.018
0.02,0.019
0.026,0.017
0.019,0.027
0.03,0.025
0.032,0.029
0.028,0.028
0.028,0.029
0.033,0.031
0.032,0.032
0.034,0.033
0.033,0.032
0.028,0.033
0.034,0.033
0.036,0.035
0.036,0.034
0.035,0.035
0.033,0.035
0.035,0.035
0.037,0.035
0.034,0.034
0.042,0.034
0.027,0.031
0.03,0.032
0.062,0.039
0.039,0.023
0.037,0.04
0.032,0.035
0.02,0.028
0.025,0.022
0.025,0.025
0.031,0.029
0.041,0.037
0.041,0.036
0.029,0.023
0.044,0.036
0.037,0.037
0.03,0.034
0.034,0.031
0.032,0.031
0.029,0.029
0.027,0.028
0.03,0.028
0.024,0.026
0.024,0.026
0.023,0.023
0.021,0.023
0.021,0.02
0.017,0.02
0.017,0.019
0.018,0.018
0.015,0.016
0.015,0.015
0.015,0.015
0.039,0.022
0.038,0.039
0.044,0.04
0.035,0.035
0.012,0.009
0.009,0.013
0.012,0.012
0.01,0.015
0.014,0.013
0.028,0.022
0.028,0.023
0.024,0.026
0.058,0.037
0.065,0.036
0.011,0.005
0.014,0.013
0.015,0.014
0.014,0.015
0.013,0.014
0.013,0.013
0.01,0.012
0.01,0.01
0.011,0.01
0.012,0.011
0.011,0.011
0.011,0.011
0.011,0.011
0.012,0.011
0.012,0.012
0.014,0.013
0.014,0.013
0.012,0.013
0.012,0.012
0.013,0.013
0.013,0.013
0.012,0.013
0.015,0.015
0.009,0.02
0.029,0.027
0.034,0.033
0.009,0.024
0.034,0.02
0.009,0.022
0.006,0.006
0.013,0.01
0.016,0.014
0.014,0.016
0.014,0.014
0.003,0.01
0.002,0.003
0.003,0.003
0.001,0.002
0.003,0.003
0.003,0.002
0.002,0.002
0.002,0.002
0.002,0.002
0.002,0.002
0.002,0.002
0.002,0.002
0.002,0.002
0.002,0.002
0.005,0.002
0.005,0.005
0.005,0.005
0.005,0.005
0.005,0.005
0.006,0.006
0.006,0.006
0.006,0.006
0.006,0.006
0.006,0.006
0.006,0.006
0.007,0.007
0.007,0.007
0.007,0.007
0.007,0.007
0.007,0.007
0.006,0.007
0.007,0.006
0.007,0.007
0.003,0.005
0.003,0.004
0.004,0.004
0.004,0.004
0.003,0.003
0.008,0.003
0.008,0.008
0.008,0.009
0.01,0.008
0.006,0.011
0.009,0.009
0.026,0.02
0.029,0.032
0.009,0.02
0.044,0.026
0.037,0.017
0.04,0.029
0.005,0.027
0.009,0.006
0.013,0.01
0.065,0.014
0.017,0.009
0.037,0.025
0.025,0.022
0.018,0.025
0.039,0.029
0.014,0.032
0.036,0.021
0.041,0.038
0.009,0.03
0.007,0.007
0.013,0.009
0.028,0.019
0.048,0.036
0.034,0.038
0.04,0.038
0.04,0.039
0.03,0.035
0.03,0.028
0.038,0.031
0.034,0.039
0.029,0.033
0.03,0.029
0.02,0.028
0.023,0.028
0.021,0.023
0.02,0.023
0.022,0.02
0.025,0.023
0.018,0.024
0.022,0.021
0.015,0.016
0.035,0.026
0.032,0.028
0.031,0.031
0.033,0.029
0.027,0.028
0.016,0.02
0.017,0.02
0.026,0.02
0.019,0.02
0.022,0.021
0.017,0.02
0.036,0.021
0.037,0.039
0.033,0.033
0.028,0.032
0.01,0.021
0.005,0.007
0.004,0.005
0.004,0.004
0.005,0.005
0.005,0.005
0.006,0.006
0.006,0.006
0.007,0.007
0.008,0.007
0.008,0.008
0.013,0.009
0.028,0.02
0.022,0.029
0.013,0.017
0.014,0.013
0.036,0.026
0.056,0.032
0.026,0.029
0.025,0.025
0.01,0.019
0.003,0.005
0.004,0.004
0.006,0.005
0.006,0.006
0.014,0.009
0.018,0.023
0.061,0.028
0.017,0.03
0.022,0.019
0.027,0.024
0.045,0.039
0.033,0.025
0.044,0.039
0.017,0.019
0.117,0.04
0.006,0.037
0.008,0.006
0.012,0.01
0.014,0.012
0.014,0.016
0.05,0.036
0.033,0.037
0.028,0.037
0.01,0.008
0.012,0.01
0.013,0.013
0.046,0.035
0.031,0.028
0.035,0.037
0.039,0.039
0.029,0.036
0.024,0.03
0.02,0.029
0.042,0.03
0.033,0.033
0.034,0.039
0.027,0.034
0.014,0.037
0.016,0.017
0.016,0.016
0.019,0.017
0.02,0.019
0.02,0.019
0.021,0.02
0.02,0.02
0.018,0.019
0.02,0.018
0.022,0.02
0.021,0.02
0.022,0.02
0.02,0.021
0.021,0.021
0.025,0.022
0.024,0.02
0.015,0.021
0.017,0.02
0.017,0.019
0.016,0.017
0.018,0.02
0.019,0.015
0.014,0.018
0.017,0.016
0.015,0.016
0.017,0.017
0.041,0.022
0.028,0.029
0.03,0.027
0.041,0.037
0.031,0.039
0.029,0.029
0.018,0.024
0.009,0.014
0.006,0.008
0.008,0.008
0.008,0.008
0.007,0.007
0.006,0.006
0.007,0.006
0.007,0.007
0.007,0.007
0.006,0.007
0.006,0.006
0.006,0.006
0.006,0.006
0.007,0.007
0.007,0.007
0.007,0.007
0.007,0.007
0.007,0.007
0.008,0.008
0.008,0.008
0.008,0.008
0.008,0.008
0.008,0.008
0.009,0.009
0.009,0.008
0.009,0.009
0.018,0.013
0.027,0.022
0.093,0.039
0.022,0.037
0.011,0.019
0.008,0.009
0.009,0.008
0.011,0.01
0.009,0.01
0.007,0.009
0.031,0.032
0.019,0.025
0.027,0.023
0.012,0.016
0.016,0.014
0.017,0.016
0.02,0.017
0.016,0.018
0.02,0.02
0.016,0.02
0.021,0.021
0.016,0.018
0.02,0.019
0.006,0.012
0.005,0.006
0.007,0.006
0.007,0.008
0.009,0.008
0.011,0.01
0.019,0.013
0.015,0.015
0.014,0.01
0.017,0.013
0.015,0.013
0.009,0.01
0.009,0.01
0.009,0.012
0.023,0.021
0.041,0.038
0.035,0.038
0.022,0.021
0.02,0.023
0.024,0.023
0.028,0.024
0.021,0.026
0.025,0.027
0.059,0.03
0.026,0.039
0.028,0.027
0.03,0.029
0.081,0.033
0.032,0.015
0.026,0.028
0.015,0.019
0.055,0.021
0.017,0.025
0.038,0.024
0.028,0.013
0.026,0.022
0.049,0.022
0.031,0.037
0.01,0.035
0.067,0.034
0.009,0.029
0.007,0.007
0.015,0.009
0.037,0.026
0.012,0.012
0.025,0.015
0.005,0.027
0.018,0.013
0.022,0.024
0.022,0.02
0.011,0.018
0.006,0.007
0.008,0.009
0.008,0.008
0.008,0.008
0.014,0.009
0.019,0.024
0.013,0.014
0.008,0.011
0.009,0.006
0.006,0.007
0.009,0.007
0.015,0.012
0.006,0.017
0.007,0.006
0.008,0.007
0.008,0.007
0.009,0.008
0.013,0.011
0.014,0.028
0.005,0.016
0.005,0.012
0.009,0.008
0.015,0.009
0.007,0.019
0.013,0.01
0.072,0.024
0.01,0.007
0.009,0.014
0.018,0.017
0.019,0.038
0.008,0.022
0.015,0.01
0.012,0.029
0.027,0.03
0.007,0.019
0.004,0.004
0.009,0.006
0.011,0.007
0.012,0.011
0.016,0.013
0.008,0.016
0.008,0.008
0.011,0.009
0.011,0.011
0.19,0.021
0.003,0.02
0.007,0.005
0.006,0.004
0.007,0.006
0.01,0.008
0.025,0.016
0.029,0.028
0.011,0.018
0.016,0.011
0.036,0.031
0.027,0.031
0.005,0.015
0.007,0.005
0.007,0.007
0.012,0.011
0.023,0.02
0.023,0.033
0.009,0.015
0.011,0.012
0.015,0.013
0.005,0.013
0.003,0.003
0.004,0.004
0.005,0.004
0.003,0.004
0.001,0.003
0.001,0.001
0.001,0.001
0.001,0.001
0.005,0.001
0.006,0.005
0.006,0.006
0.007,0.006
0.007,0.007
0.008,0.008
0.007,0.008
0.005,0.006
0.007,0.005
0.01,0.009
0.009,0.01
0.01,0.008
0.006,0.007
0.006,0.005
0.007,0.007
0.009,0.008
0.008,0.013
0.004,0.013
0.006,0.004
0.008,0.007
0.011,0.01
0.074,0.037
0.003,0.021
0.003,0.005
0.009,0.004
0.007,0.01
0.01,0.01
0.011,0.011
0.058,0.028
0.005,0.005
0.007,0.006
0.008,0.008
0.012,0.011
0.015,0.012
0.013,0.012
0.013,0.012
0.038,0.034
0.007,0.015
0.004,0.005
0.004,0.004
0.006,0.005
0.004,0.006
0.007,0.006
0.007,0.007
0.009,0.008
0.011,0.01
0.013,0.011
0.016,0.013
0.022,0.018
0.047,0.029
0.001,0.001
0.002,0.001
0.002,0.002
0.003,0.003
0.004,0.003
0.005,0.004
0.005,0.005
0.006,0.006
0.007,0.006
0.007,0.007
0.008,0.008
0.009,0.008
0.009,0.009
0.009,0.009
0.011,0.01
0.023,0.016
0.042,0.028
0.01,0.008
0.02,0.014
0.012,0.012
0.008,0.022
0.022,0.014
0.008,0.033
0.013,0.011
0.04,0.015
0.009,0.02
0.003,0.005
0.005,0.004
0.006,0.005
0.006,0.006
0.006,0.006
0.006,0.005
0.009,0.006
0.01,0.009
0.01,0.009
0.005,0.008
0.013,0.006
0.054,0.028
0.014,0.014
0.015,0.014
0.013,0.014
0.012,0.012
0.016,0.013
0.023,0.018
0.027,0.022
0.013,0.025
0.014,0.022
0.019,0.021
0.063,0.027
0.004,0.027
0.04,0.02
0.014,0.035
0.026,0.021
0.024,0.025
0.027,0.026
0.027,0.028
0.032,0.024
0.206,0.023
0.026,0.025
0.027,0.026
0.026,0.027
0.028,0.027
0.029,0.028
0.03,0.028
0.03,0.03
0.03,0.03
0.03,0.03
0.035,0.03
0.02,0.019
0.018,0.017
0.026,0.019
0.028,0.028
0.025,0.028
0.006,0.034
0.008,0.007
0.014,0.009
0.011,0.009
0.012,0.011
0.015,0.013
0.052,0.037
0.014,0.017
0.07,0.029
0.01,0.009
0.004,0.005
0.012,0.008
0.014,0.011
0.014,0.016
0.019,0.015
0.019,0.014
0.013,0.012
0.012,0.018
0.042,0.026
0.018,0.04
0.009,0.014
0.01,0.011
0.01,0.011
0.013,0.011
0.017,0.039
0.005,0.01
0.006,0.004
0.012,0.009
0.015,0.015
0.026,0.02
0.034,0.028
0.021,0.028
0.021,0.021
0.027,0.026
0.01,0.016
0.02,0.017
0.005,0.028
0.007,0.008
0.057,0.033
0.011,0.011
0.015,0.015
0.031,0.035
0.041,0.038
0.049,0.038
0.005,0.011
0.007,0.002
0.062,0.036
0.006,0.029
0.006,0.005
0.019,0.012
0.067,0.037
0.032,0.035
0.004,0.007
0.007,0.005
0.012,0.012
0.013,0.012
0.016,0.014
0.147,0.032
0.012,0.022
0.01,0.007
0.004,0.038
0.011,0.009
0.015,0.013
0.137,0.031
0.017,0.026
0.007,0.005
0.011,0.01
0.045,0.021
0.029,0.039
0.012,0.008
0.013,0.015
0.01,0.039
0.021,0.018
0.01,0.011
0.005,0.008
0.011,0.009
0.029,0.021
0.026,0.033
0.009,0.019
0.002,0.005
0.003,0.002
0.004,0.003
0.005,0.004
0.007,0.006
0.002,0.006
0.004,0.003
0.027,0.013
0.013,0.025
0.004,0.005
0.003,0.005
0.001,0.003
0.001,0.001
0.001,0.001
0.003,0.001
0.004,0.004
0.005,0.004
0.005,0.005
0.006,0.006
0.007,0.006
0.007,0.007
0.008,0.008
0.003,0.008
0.012,0.008
0.017,0.018
0.015,0.016
0.013,0.015
0.011,0.011
0.006,0.011
0.008,0.005
0.001,0.004
0.001,0.001
0.001,0.001
0.001,0.001
0.001,0.001
0.001,0.001
0.001,0.001
0.001,0.001
0.006,0.001
0.007,0.006
0.007,0.007
0.008,0.008
0.005,0.008
0.007,0.006
0.013,0.008
0.012,0.014
0.005,0.009
0.004,0.003
0.005,0.004
0.006,0.005
0.023,0.014
0.019,0.023
0.048,0.034
0.062,0.039
0.048,0.027
0.014,0.036
0.008,0.011
0.004,0.004
0.004,0.004
0.005,0.005
0.006,0.006
0.007,0.006
0.005,0.006
0.005,0.005
0.006,0.006
0.006,0.006
0.014,0.007
0.015,0.014
0.013,0.014
0.014,0.015
0.018,0.016
0.01,0.013
0.012,0.011
0.024,0.016
0.016,0.019
0.002,0.007
0.002,0.002
0.005,0.001
0.004,0.004
0.005,0.005
0.002,0.002
0.003,0.002
0.002,0.003
0.002,0.002
0.002,0.002
0.002,0.002
0.002,0.002
0.002,0.002
0.002,0.002
0.003,0.002
0.003,0.003
0.003,0.003
0.003,0.003
0.003,0.003
0.003,0.003
0.003,0.003
0.001,0.002
0.001,0.001
0.001,0.001
0.001,0.001
0.002,0.002
0.004,0.001
0.003,0.004
0.004,0.004
0.003,0.004
0.004,0.004
0.005,0.004
0.005,0.005
0.005,0.005
0.006,0.005
0.005,0.006
0.006,0.006
0.006,0.007
0.009,0.007
0.007,0.008
0.008,0.008
0.009,0.008
0.008,0.008
0.009,0.009
0.01,0.009
0.015,0.013
0.013,0.011
0.008,0.011
0.016,0.008
0.011,0.011
0.007,0.01
0.008,0.007
0.005,0.007
0.005,0.007
0.003,0.003
0.002,0.002
0.002,0.002
0.002,0.002
0.002,0.002
0.002,0.002
0.002,0.002
0.002,0.002
0.003,0.003
0.003,0.003
0.003,0.003
0.003,0.003
0.003,0.003
0.004,0.004
0.004,0.004
0.004,0.004
0.004,0.004
0.004,0.004
0.003,0.004
0.003,0.003
0.005,0.003
0.004,0.004
0.004,0.004
0.004,0.004
0.004,0.004
0.005,0.004
0.006,0.005
0.007,0.006
0.007,0.007
0.009,0.008
0.02,0.014
0.047,0.034
0.003,0.028
0.019,0.006
0.011,0.013
0.013,0.015
0.007,0.008
0.007,0.008
0.004,0.006
0.008,0.006
0.011,0.01
0.014,0.012
0.017,0.013
0.015,0.012
0.013,0.012
0.02,0.015
0.016,0.014
0.016,0.014
0.014,0.012
0.023,0.016
0.01,0.024
0.025,0.02
0.015,0.021
0.01,0.014
0.009,0.007
0.01,0.01
0.02,0.017
0.016,0.017
0.016,0.015
0.012,0.013
0.016,0.014
0.013,0.013
0.007,0.009
0.008,0.011
0.011,0.007
0.009,0.009
0.008,0.009
0.01,0.01
0.009,0.011
0.012,0.008
0.008,0.008
0.018,0.011
0.01,0.014
0.008,0.009
0.014,0.011
0.016,0.015
0.025,0.023
0.034,0.03
0.045,0.039
0.014,0.04
0.01,0.014
0.014,0.01
0.017,0.015
0.029,0.025
0.02,0.019
0.034,0.037
0.037,0.035
0.049,0.04
0.029,0.03
0.083,0.04
0.008,0.009
0.006,0.007
0.009,0.006
0.01,0.009
0.01,0.01
0.012,0.011
0.014,0.013
0.015,0.014
0.017,0.016
0.014,0.016
0.051,0.022
0.028,0.037
0.038,0.031
0.043,0.025
0.028,0.031
0.023,0.026
0.011,0.017
0.003,0.01
0.004,0.004
0.004,0.003
0.005,0.004
0.005,0.005
0.004,0.004
0.005,0.004
0.004,0.005
0.004,0.005
0.005,0.005
0.006,0.007
0.006,0.006
0.007,0.006
0.007,0.007
0.005,0.006
0.006,0.005
0.008,0.007
0.006,0.006
0.007,0.006
0.009,0.008
0.009,0.008
0.014,0.01
0.02,0.029
0.019,0.02
0.025,0.024
0.034,0.024
0.037,0.032
0.018,0.031
0.009,0.031
0.011,0.01
0.011,0.01
0.026,0.024
0.011,0.009
0.008,0.008
0.005,0.006
0.008,0.006
0.009,0.008
0.009,0.008
0.007,0.008
0.005,0.006
0.004,0.005
0.006,0.005
0.009,0.007
0.01,0.01
0.01,0.01
0.012,0.012
0.012,0.013
0.015,0.014
0.013,0.014
0.01,0.033
0.02,0.024
0.009,0.014
0.019,0.012
0.014,0.015
0.03,0.021
0.005,0.017
0.006,0.005
0.006,0.006
0.004,0.005
0.003,0.004
0.002,0.001
0.002,0.002
0.001,0.002
0.002,0.002
0.003,0.002
0.003,0.003
0.005,0.004
0.005,0.005
0.009,0.006
0.025,0.017
0.035,0.03
0.037,0.038
0.046,0.031
0.014,0.015
0.014,0.014
0.016,0.015
0.01,0.008
0.012,0.015
0.051,0.028
0.024,0.035
0.006,0.009
0.012,0.006
0.011,0.011
0.011,0.013
0.015,0.01
0.007,0.012
0.01,0.011
0.015,0.012
0.081,0.031
0.033,0.019
0.099,0.037
0.033,0.032
0.038,0.03
0.02,0.029
0.011,0.014
0.011,0.011
0.013,0.011
0.045,0.023
0.01,0.01
0.014,0.012
0.015,0.014
0.016,0.015
0.017,0.016
0.016,0.017
0.032,0.016
0.013,0.028
0.012,0.014
0.019,0.015
0.017,0.018
0.033,0.021
0.012,0.011
0.013,0.013
0.016,0.015
0.014,0.014
0.017,0.015
0.026,0.02
0.036,0.021
0.008,0.032
0.026,0.011
0.048,0.032
0.009,0.016
0.01,0.009
0.019,0.013
0.024,0.028
0.007,0.028
0.026,0.014
0.023,0.027
0.007,0.009
0.007,0.007
0.007,0.006
0.031,0.011
0.005,0.028
0.005,0.004
0.007,0.006
0.004,0.006
0.006,0.005
0.009,0.007
0.012,0.011
0.013,0.01
0.03,0.022
0.052,0.04
0.007,0.021
0.01,0.007
0.012,0.011
0.005,0.01
0.006,0.005
0.005,0.004
0.006,0.004
0.004,0.004
0.005,0.004
0.005,0.005
0.005,0.004
0.003,0.003
0.003,0.003
0.004,0.004
0.005,0.005
0.006,0.006
0.007,0.007
0.006,0.007
0.005,0.007
0.006,0.006
0.01,0.009
0.016,0.013
0.045,0.029
0.031,0.034
0.043,0.038
0.039,0.037
0.04,0.04
0.006,0.006
0.011,0.009
0.007,0.026
0.045,0.012
0.034,0.04
0.021,0.03
0.01,0.012
0.003,0.019
0.009,0.006
0.006,0.008
0.006,0.007
0.015,0.008
0.014,0.015
0.006,0.014
0.003,0.004
0.009,0.003
0.023,0.009
0.011,0.011
0.005,0.009
0.006,0.007
0.028,0.023
0.014,0.012
0.008,0.018
0.029,0.023
0.017,0.022
0.006,0.015
0.005,0.006
0.007,0.005
0.005,0.005
0.009,0.006
0.006,0.007
0.006,0.007
0.008,0.007
0.01,0.009
0.01,0.008
0.008,0.009
0.007,0.008
0.015,0.011
0.044,0.037
0.014,0.01
0.013,0.015
0.01,0.01
0.012,0.01
0.012,0.013
0.009,0.01
0.009,0.009
0.007,0.008
0.007,0.007
0.008,0.008
0.009,0.009
0.008,0.009
0.007,0.008
0.006,0.007
0.007,0.007
0.007,0.007
0.006,0.007
0.006,0.006
0.006,0.005
0.007,0.007
0.006,0.006
0.008,0.007
0.008,0.008
0.008,0.008
0.009,0.008
0.008,0.009
0.016,0.008
0.014,0.016
0.014,0.015
0.015,0.015
0.015,0.016
0.013,0.015
0.012,0.013
0.01,0.01
0.009,0.01
0.008,0.01
0.007,0.007
0.008,0.007
0.006,0.007
0.008,0.007
0.006,0.007
0.005,0.005
0.007,0.006
0.005,0.006
0.005,0.005
0.007,0.006
0.006,0.006
0.005,0.006
0.005,0.005
0.004,0.005
0.009,0.004
0.01,0.009
0.012,0.013
0.041,0.032
0.022,0.034
0.025,0.026
0.034,0.026
0.006,0.024
0.012,0.011
0.008,0.012
0.008,0.009
0.017,0.009
0.03,0.03
0.007,0.013
0.012,0.008
0.017,0.013
0.031,0.033
0.013,0.022
0.003,0.008
0.004,0.005
0.004,0.003
0.006,0.005
0.058,0.033
0.02,0.035
0.027,0.035
0.007,0.028
0.009,0.008
0.026,0.01
0.043,0.034
0.003,0.019
0.004,0.003
0.006,0.006
0.007,0.006
0.005,0.007
0.005,0.006
0.007,0.005
0.005,0.006
0.015,0.011
0.014,0.016
0.009,0.013
0.005,0.006
0.003,0.005
0.004,0.005
0.005,0.005
0.009,0.006
0.006,0.007
0.007,0.007
0.008,0.007
0.008,0.008
0.009,0.008
0.01,0.009
0.01,0.011
0.013,0.009
0.01,0.011
0.012,0.012
0.009,0.011
0.012,0.011
0.026,0.022
0.008,0.013
0.01,0.01
0.01,0.01
0.012,0.011
0.012,0.012
0.012,0.01
0.044,0.022
0.034,0.034
0.011,0.02
0.007,0.009
0.026,0.009
0.006,0.009
0.003,0.002
0.003,0.003
0.004,0.004
0.005,0.005
0.006,0.005
0.007,0.006
0.008,0.007
0.008,0.008
0.009,0.009
0.01,0.01
0.023,0.013
0.024,0.023
0.024,0.024
0.025,0.024
0.026,0.026
0.013,0.026
0.011,0.012
0.013,0.011
0.011,0.012
0.012,0.012
0.013,0.013
0.026,0.033
0.016,0.02
0.019,0.017
0.028,0.022
0.026,0.024
0.028,0.027
0.015,0.023
0.013,0.015
0.011,0.012
0.012,0.014
0.009,0.01
0.005,0.008
0.003,0.003
0.003,0.003
0.004,0.003
0.004,0.004
0.005,0.004
0.004,0.005
0.001,0.003
0.001,0.001
0.005,0.001
0.005,0.005
0.006,0.006
0.007,0.006
0.008,0.007
0.011,0.008
0.022,0.013
0.027,0.022
0.025,0.028
0.039,0.027
0.006,0.031
0.006,0.011
0.006,0.008
0.012,0.008
0.051,0.038
0.016,0.009
0.007,0.017
0.013,0.011
0.015,0.016
0.112,0.032
0.076,0.039
0.022,0.016
0.013,0.011
0.019,0.026
0.015,0.014
0.052,0.025
0.111,0.037
0.068,0.035
0.023,0.023
0.025,0.024
0.024,0.023
0.024,0.024
0.024,0.024
0.023,0.024
0.022,0.022
0.022,0.022
0.022,0.022
0.02,0.021
0.018,0.019
0.02,0.019
0.02,0.02
0.021,0.02
0.02,0.02
0.016,0.02
0.017,0.018
0.017,0.018
0.018,0.018
0.015,0.017
0.017,0.017
0.018,0.018
0.016,0.017
0.012,0.013
0.014,0.013
0.013,0.014
0.021,0.012
0.022,0.022
0.021,0.022
0.022,0.021
0.024,0.023
0.015,0.03
0.017,0.025
0.051,0.037
0.018,0.023
0.017,0.022
0.018,0.017
0.015,0.017
0.02,0.016
0.028,0.02
0.032,0.03
0.021,0.032
0.027,0.026
0.031,0.031
0.033,0.033
0.052,0.035
0.063,0.039
0.028,0.021
0.016,0.036
0.025,0.037
0.026,0.035
0.07,0.039
0.013,0.012
0.014,0.013
0.035,0.026
0.01,0.023
0.025,0.017
0.033,0.035
0.026,0.027
0.025,0.026
0.038,0.033
0.037,0.037
0.037,0.037
0.038,0.038
0.033,0.034
0.014,0.023
0.007,0.01
0.004,0.005
0.004,0.005
0.004,0.004
0.005,0.004
0.006,0.005
0.007,0.007
0.01,0.008
0.009,0.009
0.006,0.01
0.005,0.008
0.009,0.009
0.014,0.011
0.01,0.015
0.005,0.008
0.009,0.012
0.009,0.009
0.016,0.011
0.01,0.024
0.017,0.013
0.011,0.014
0.016,0.013
0.009,0.029
0.009,0.016
0.024,0.028
0.029,0.032
0.06,0.016
0.015,0.038
0.002,0.006
0.002,0.002
0.003,0.002
0.004,0.003
0.005,0.004
0.006,0.006
0.008,0.007
0.009,0.008
0.01,0.009
0.011,0.011
0.013,0.012
0.013,0.015
0.018,0.018
0.077,0.018
0.025,0.032
0.043,0.037
0.018,0.025
0.048,0.038
0.008,0.028
0.003,0.006
0.003,0.002
0.003,0.003
0.004,0.004
0.005,0.005
0.006,0.006
0.007,0.007
0.008,0.008
0.008,0.008
0.012,0.01
0.037,0.024
0.015,0.028
0.007,0.01
0.008,0.007
0.009,0.009
0.013,0.009
0.009,0.01
0.006,0.006
0.007,0.007
0.01,0.009
0.017,0.014
0.07,0.025
0.027,0.026
0.027,0.028
0.029,0.029
0.03,0.03
0.031,0.031
0.032,0.032
0.033,0.033
0.035,0.034
0.025,0.038
0.019,0.019
0.019,0.018
0.06,0.022
0.011,0.01
0.021,0.015
0.013,0.012
0.013,0.013
0.015,0.014
0.016,0.016
0.065,0.034
0.013,0.024
0.038,0.037
0.03,0.035
0.009,0.022
0.005,0.008
0.005,0.007
0.004,0.006
0.003,0.003
0.003,0.003
0.003,0.003
0.003,0.003
0.003,0.003
0.003,0.003
0.003,0.003
0.004,0.004
0.004,0.004
0.004,0.004
0.004,0.004
0.004,0.004
0.003,0.003
0.003,0.003
0.001,0.002
0.001,0.001
0.001,0.001
0.001,0.001
0.001,0.001
0.005,0.001
0.005,0.005
0.005,0.005
0.006,0.006
0.006,0.006
0.007,0.006
0.006,0.006
0.005,0.005
0.006,0.006
0.006,0.006
0.006,0.006
0.007,0.007
0.007,0.007
0.008,0.008
0.008,0.008
0.008,0.008
0.007,0.007
0.003,0.005
0.007,0.005
0.006,0.006
0.013,0.012
0.003,0.005
0.003,0.004
0.001,0.001
0.008,0.001
0.004,0.007
0.003,0.004
0.004,0.003
0.005,0.005
0.006,0.005
0.007,0.007
0.006,0.006
0.004,0.005
0.006,0.006
0.008,0.006
0.012,0.009
0.008,0.009
0.007,0.007
0.009,0.007
0.006,0.008
0.005,0.005
0.006,0.005
0.007,0.007
0.008,0.007
0.009,0.008
0.014,0.014
0.01,0.013
0.019,0.017
0.018,0.018
0.027,0.026
0.007,0.021
0.008,0.009
0.008,0.008
0.014,0.01
0.017,0.017
0.009,0.008
0.007,0.008
0.005,0.006
0.004,0.005
0.005,0.004
0.005,0.005
0.003,0.003
0.002,0.002
0.002,0.002
0.002,0.002
0.002,0.002
0.002,0.002
0.002,0.002
0.002,0.002
0.002,0.002
0.002,0.002
0.002,0.002
0.008,0.002
0.008,0.008
0.008,0.008
0.009,0.009
0.008,0.009
0.011,0.009
0.016,0.012
0.023,0.02
0.044,0.035
0.014,0.03
0.014,0.019
0.004,0.008
0.005,0.005
0.01,0.005
0.005,0.009
0.004,0.003
0.003,0.003
0.002,0.002
0.003,0.002
0.002,0.002
0.003,0.003
0.003,0.003
0.004,0.004
0.004,0.004
0.005,0.005
0.006,0.005
0.006,0.006
0.006,0.006
0.007,0.006
0.007,0.007
0.007,0.008
0.006,0.007
0.007,0.006
0.007,0.007
0.031,0.018
0.03,0.03
0.023,0.027
0.018,0.021
0.044,0.026
0.015,0.035
0.013,0.019
0.026,0.017
0.014,0.034
0.057,0.025
0.01,0.033
0.012,0.01
0.013,0.012
0.014,0.013
0.013,0.014
0.009,0.01
0.015,0.013
0.007,0.012
0.008,0.006
0.007,0.006
0.01,0.007
0.004,0.008
0.006,0.005
0.007,0.007
0.008,0.006
0.007,0.007
0.006,0.007
0.009,0.009
0.031,0.015
0.018,0.029
0.044,0.025
0.019,0.033
0.021,0.022
0.041,0.028
0.026,0.03
0.019,0.023
0.017,0.017
0.014,0.03
0.015,0.015
0.014,0.014
0.027,0.014
0.033,0.03
0.03,0.029
0.059,0.035
0.024,0.038
0.028,0.027
0.03,0.03
0.033,0.031
0.033,0.034
0.018,0.015
0.016,0.015
0.015,0.016
0.015,0.015
0.016,0.016
0.017,0.017
0.014,0.015
0.018,0.015
0.012,0.021
0.013,0.011
0.014,0.013
0.013,0.013
0.015,0.014
0.039,0.03
0.027,0.026
0.028,0.027
0.027,0.028
0.029,0.029
0.029,0.029
0.028,0.029
0.029,0.028
0.033,0.029
0.03,0.031
0.026,0.027
0.024,0.026
0.024,0.024
0.025,0.024
0.016,0.029
0.02,0.018
0.04,0.035
0.039,0.04
0.024,0.032
0.017,0.015
0.015,0.019
0.02,0.016
0.091,0.037
0.021,0.016
0.02,0.022
0.004,0.013
0.003,0.004
0.003,0.003
0.003,0.003
0.002,0.003
0.006,0.003
0.006,0.006
0.007,0.003
0.008,0.007
0.006,0.008
0.008,0.007
0.005,0.005
0.007,0.006
0.004,0.005
0.005,0.004
0.004,0.004
0.004,0.004
0.008,0.007
0.007,0.007
0.006,0.007
0.008,0.007
0.014,0.011
0.036,0.02
0.013,0.04
0.018,0.015
0.081,0.038
0.014,0.028
0.022,0.015
0.018,0.017
0.017,0.018
0.009,0.01
0.016,0.015
0.004,0.009
0.003,0.003
0.001,0.002
0.002,0.002
0.002,0.002
0.003,0.002
0.003,0.003
0.003,0.003
0.004,0.003
0.004,0.004
0.004,0.004
0.005,0.004
0.005,0.005
0.004,0.005
0.005,0.005
0.008,0.007
0.007,0.007
0.004,0.005
0.006,0.003
0.006,0.004
0.01,0.007
0.008,0.01
0.002,0.004
0.003,0.003
0.003,0.003
0.004,0.004
0.005,0.004
0.006,0.005
0.016,0.009
0.018,0.016
0.018,0.018
0.018,0.018
0.019,0.018
0.019,0.019
0.02,0.019
0.02,0.02
0.021,0.021
0.023,0.022
0.023,0.031
0.016,0.019
0.015,0.016
0.026,0.021
0.012,0.02
0.005,0.01
0.004,0.004
0.004,0.004
0.004,0.003
0.005,0.005
0.005,0.005
0.004,0.006
0.006,0.005
0.009,0.006
0.008,0.011
0.004,0.007
0.002,0.003
0.003,0.002
0.001,0.004
0.001,0.002
0.005,0.001
0.006,0.006
0.006,0.006
0.007,0.007
0.008,0.007
0.006,0.007
0.002,0.004
0.002,0.002
0.002,0.002
0.002,0.003
0.004,0.003
0.003,0.003
0.003,0.003
0.005,0.004
0.005,0.005
0.005,0.006
0.011,0.009
0.019,0.017
0.024,0.023
0.014,0.021
0.004,0.009
0.005,0.005
0.003,0.004
0.001,0.001
0.005,0.001
0.007,0.006
0.007,0.007
0.009,0.008
0.014,0.011
0.012,0.014
0.014,0.011
0.021,0.012
0.009,0.014
0.005,0.007
0.004,0.004
0.003,0.004
0.003,0.003
0.005,0.004
0.004,0.005
0.008,0.006
0.009,0.007
0.005,0.008
0.007,0.006
0.005,0.006
0.005,0.005
0.004,0.005
0.007,0.006
0.011,0.009
0.024,0.015
0.045,0.034
0.028,0.039
0.047,0.029
0.024,0.031
0.026,0.025
0.015,0.021
0.017,0.017
0.016,0.016
0.019,0.018
0.019,0.019
0.019,0.018
0.019,0.019
0.034,0.022
0.02,0.018
0.022,0.021
0.013,0.019
0.016,0.014
0.006,0.009
0.006,0.007
0.012,0.009
0.036,0.017
0.004,0.007
0.007,0.004
0.011,0.008
0.05,0.019
0.018,0.017
0.019,0.018
0.126,0.033
0.034,0.037
0.036,0.035
0.034,0.035
0.02,0.018
0.049,0.027
0.029,0.025
0.022,0.038
0.027,0.029
0.039,0.039
0.028,0.026
0.032,0.032
0.033,0.032
0.033,0.036
0.022,0.024
0.086,0.032
0.021,0.035
0.03,0.022
0.028,0.027
0.09,0.04
0.019,0.016
0.02,0.03
0.008,0.011
0.004,0.007
0.003,0.003
0.004,0.005
0.004,0.004
0.005,0.004
0.007,0.006
0.009,0.008
0.007,0.01
0.012,0.008
0.013,0.014
0.014,0.014
0.002,0.008
0.004,0.003
0.005,0.004
0.004,0.005
0.004,0.004
0.008,0.005
0.014,0.009
0.019,0.015
0.043,0.027
0.018,0.025
0.019,0.014
0.022,0.021
0.02,0.017
0.022,0.021
0.012,0.016
0.013,0.017
0.019,0.019
0.018,0.018
0.019,0.019
0.019,0.02
0.019,0.019
0.004,0.004
0.003,0.003
0.002,0.003
0.001,0.002
0.001,0.001
0.001,0.001
0.001,0.001
0.001,0.001
0.001,0.001
0.001,0.001
0.001,0.001
0.001,0.001
0.001,0.001
0.001,0.001
0.001,0.001
0.001,0.001
0.001,0.001
0.001,0.001
0.001,0.001
0.001,0.001
0.001,0.001
0.001,0.001
0.001,0.001
0.001,0.001
0.001,0.001
0.001,0.001
0.001,0.001
0.001,0.001
0.001,0.001
0.001,0.001
0.001,0.001
0.001,0.001
0.001,0.001
0.001,0.001
0.001,0.001
0.001,0.001
0.001,0.001
0.001,0.001
0.001,0.001
0.001,0.001
0.001,0.001
0.001,0.001
0.001,0.001
0.001,0.001
0.001,0.001
0.001,0.001
0.001,0.001
0.03,0.005
0.028,0.024
0.016,0.02
0.019,0.018
0.008,0.015
0.004,0.005
0.007,0.005
0.011,0.008
0.024,0.017
0.04,0.032
0.284,0.034
0.022,0.024
0.032,0.026
0.086,0.026
0.024,0.022
0.019,0.02
0.018,0.018
0.015,0.017
0.023,0.019
0.022,0.022
0.022,0.02
0.024,0.022
0.021,0.024
0.021,0.022
0.021,0.021
0.025,0.022
0.022,0.023
0.026,0.023
0.026,0.027
0.029,0.027
0.027,0.027
0.025,0.034
0.017,0.018
0.005,0.009
0.006,0.006
0.007,0.007
0.004,0.005
0.009,0.006
0.022,0.014
0.045,0.032
0.025,0.036
0.004,0.014
0.004,0.004
0.003,0.004
0.015,0.009
0.022,0.018
0.033,0.026
0.036,0.04
0.037,0.036
0.029,0.034
0.023,0.026
0.014,0.017
0.008,0.012
0.005,0.006
0.012,0.01
0.011,0.012
0.01,0.011
0.007,0.008
0.007,0.007
0.008,0.008
0.011,0.009
0.009,0.008
0.01,0.01
0.007,0.01
0.004,0.005
0.004,0.002
0.007,0.005
0.003,0.006
0.007,0.006
0.007,0.007
0.003,0.005
0.002,0.003
0.003,0.002
0.004,0.004
0.005,0.004
0.005,0.006
0.007,0.007
0.012,0.01
0.024,0.011
0.029,0.026
0.009,0.022
0.004,0.005
0.003,0.003
0.004,0.003
0.004,0.003
0.002,0.003
0.003,0.002
0.004,0.004
0.004,0.004
0.005,0.003
0.009,0.008
0.011,0.007
0.011,0.009
0.008,0.011
0.01,0.012
0.013,0.012
0.008,0.01
0.008,0.007
0.01,0.008
0.006,0.009
0.007,0.007
0.006,0.006
0.008,0.007
0.005,0.007
0.006,0.006
0.007,0.008
0.005,0.007
0.005,0.005
0.005,0.005
0.003,0.004
0.003,0.003
0.003,0.003
0.003,0.003
0.005,0.003
0.005,0.005
0.005,0.005
0.005,0.005
0.006,0.005
0.006,0.006
0.006,0.006
0.006,0.006
0.007,0.006
0.007,0.007
0.007,0.007
0.007,0.007
0.008,0.007
0.008,0.008
0.008,0.008
0.008,0.008
0.009,0.008
0.009,0.009
0.009,0.008
0.013,0.01
0.015,0.018
0.016,0.016
0.015,0.015
0.015,0.015
0.023,0.015
0.024,0.023
0.015,0.015
0.016,0.016
0.017,0.017
0.019,0.018
0.018,0.018
0.02,0.019
0.022,0.021
0.024,0.024
0.025,0.024
0.026,0.025
0.028,0.026
0.013,0.031
0.024,0.027
0.015,0.024
0.075,0.036
0.025,0.025
0.024,0.024
0.026,0.025
0.025,0.027
0.026,0.026
0.027,0.026
0.028,0.027
0.032,0.023
0.027,0.032
0.021,0.019
0.019,0.022
0.02,0.031
0.025,0.028
0.022,0.024
0.022,0.023
0.025,0.021
0.05,0.038
0.041,0.038
0.014,0.027
0.014,0.016
0.009,0.012
0.015,0.01
0.003,0.01
0.005,0.004
0.009,0.007
0.011,0.01
0.008,0.011
0.01,0.01
0.007,0.01
0.007,0.007
0.006,0.008
0.009,0.006
0.009,0.008
0.015,0.014
0.027,0.017
0.014,0.012
0.023,0.02
0.018,0.038
0.012,0.022
0.014,0.012
0.01,0.01
0.01,0.009
0.015,0.013
0.004,0.01
0.008,0.006
0.013,0.012
0.012,0.016
0.011,0.011
0.011,0.009
0.038,0.017
0.006,0.023
0.002,0.003
0.004,0.002
0.004,0.005
0.006,0.005
0.006,0.007
0.053,0.024
0.014,0.015
0.01,0.013
0.008,0.008
0.012,0.009
0.009,0.012
0.011,0.011
0.014,0.013
0.015,0.014
0.04,0.02
0.036,0.038
0.049,0.04
0.015,0.024
0.006,0.01
0.006,0.006
0.006,0.005
0.005,0.005
0.004,0.005
0.006,0.004
0.009,0.009
0.027,0.016
0.025,0.026
0.012,0.019
0.017,0.014
0.01,0.015
0.008,0.007
0.012,0.011
0.025,0.014
0.031,0.037
0.004,0.016
0.002,0.003
0.003,0.003
0.003,0.002
0.001,0.002
0.002,0.001
0.003,0.003
0.004,0.003
0.004,0.004
0.005,0.004
0.005,0.005
0.006,0.005
0.006,0.006
0.007,0.006
0.004,0.006
0.005,0.005
0.004,0.005
0.005,0.006
0.003,0.005
0.004,0.003
0.004,0.004
0.005,0.005
0.006,0.005
0.006,0.006
0.007,0.006
0.007,0.007
0.015,0.009
0.032,0.023
0.039,0.035
0.037,0.037
0.029,0.028
0.025,0.028
0.011,0.017
0.014,0.015
0.029,0.021
0.058,0.039
0.038,0.023
0.015,0.014
0.016,0.015
0.017,0.017
0.026,0.019
0.029,0.03
0.033,0.037
0.01,0.021
0.016,0.015
0.015,0.014
0.02,0.017
0.009,0.017
0.015,0.011
0.012,0.017
0.005,0.008
0.006,0.008
0.005,0.005
0.006,0.006
0.003,0.004
0.005,0.004
0.022,0.012
0.015,0.03
0.027,0.025
0.026,0.039
0.013,0.02
0.011,0.011
0.013,0.011
0.008,0.01
0.005,0.007
0.003,0.005
0.004,0.004
0.005,0.004
0.005,0.005
0.007,0.006
0.008,0.007
0.009,0.007
0.005,0.007
0.004,0.003
0.004,0.004
0.006,0.005
0.007,0.007
0.012,0.008
0.031,0.029
0.008,0.02
0.002,0.007
0.005,0.004
0.007,0.004
0.036,0.015
0.01,0.027
0.01,0.008
0.012,0.01
0.029,0.022
0.014,0.021
0.037,0.022
0.016,0.031
0.015,0.01
0.051,0.033
0.012,0.038
0.006,0.005
0.007,0.007
0.022,0.014
0.009,0.018
0.004,0.006
0.002,0.002
0.002,0.002
0.002,0.002
0.002,0.002
0.002,0.002
0.006,0.002
0.006,0.006
0.007,0.007
0.008,0.007
0.008,0.008
0.009,0.009
0.008,0.009
0.018,0.009
0.012,0.014
0.012,0.011
0.014,0.011
0.002,0.008
0.004,0.005
0.008,0.005
0.016,0.012
0.015,0.016
0.016,0.019
0.012,0.017
0.015,0.011
0.065,0.022
0.012,0.036
0.007,0.006
0.018,0.012
0.075,0.024
0.01,0.01
0.01,0.01
0.009,0.01
0.011,0.009
0.01,0.01
0.01,0.011
0.01,0.01
0.018,0.01
0.048,0.021
0.023,0.034
0.017,0.02
0.005,0.009
0.004,0.004
0.005,0.004
0.005,0.005
0.006,0.006
0.004,0.005
0.003,0.005
0.003,0.003
0.006,0.004
0.005,0.006
0.004,0.005
0.002,0.003
0.002,0.002
0.003,0.002
0.003,0.003
0.002,0.003
0.002,0.003
0.003,0.002
0.007,0.001
0.007,0.006
0.008,0.007
0.011,0.009
0.014,0.011
0.005,0.02
0.006,0.005
0.01,0.007
0.018,0.013
0.061,0.035
0.022,0.033
0.015,0.021
0.02,0.016
0.03,0.028
0.014,0.018
0.009,0.013
0.013,0.006
0.026,0.021
0.029,0.033
0.056,0.04
0.05,0.031
0.03,0.036
0.026,0.023
0.037,0.031
0.038,0.038
0.033,0.033
0.016,0.025
0.003,0.009
0.005,0.005
0.007,0.005
0.004,0.006
0.004,0.003
0.003,0.003
0.002,0.002
0.003,0.003
0.003,0.003
0.004,0.003
0.004,0.004
0.005,0.004
0.005,0.005
0.006,0.005
0.005,0.006
0.005,0.005
0.003,0.005
0.004,0.004
0.005,0.005
0.006,0.006
0.007,0.006
0.007,0.006
0.011,0.008
0.025,0.018
0.023,0.025
0.017,0.023
0.007,0.009
0.023,0.016
0.023,0.025
0.006,0.015
0.006,0.008
0.005,0.007
0.005,0.005
0.007,0.006
0.015,0.009
0.021,0.021
0.024,0.024
0.006,0.016
0.004,0.003
0.005,0.004
0.007,0.006
0.008,0.007
0.01,0.009
0.011,0.01
0.012,0.011
0.011,0.012
0.031,0.016
0.034,0.036
0.029,0.032
0.02,0.029
0.015,0.016
0.019,0.019
0.016,0.017
0.017,0.014
0.016,0.018
0.015,0.015
0.008,0.011
0.012,0.011
0.011,0.013
0.011,0.01
0.006,0.01
0.006,0.006
0.004,0.006
0.004,0.004
0.004,0.004
0.004,0.004
0.004,0.004
0.004,0.004
0.004,0.004
0.003,0.003
0.003,0.004
0.003,0.003
0.003,0.003
0.003,0.003
0.009,0.003
0.009,0.009
0.01,0.01
0.01,0.01
0.011,0.011
0.011,0.011
0.012,0.011
0.011,0.011
0.017,0.012
0.028,0.021
0.042,0.032
0.035,0.036
0.036,0.032
0.027,0.03
0.047,0.029
0.034,0.026
0.111,0.04
0.029,0.038
0.017,0.028
0.03,0.03
0.017,0.018
0.022,0.018
0.017,0.013
0.017,0.016
0.02,0.018
0.036,0.04
0.156,0.04
0.027,0.03
0.015,0.021
0.012,0.013
0.016,0.012
0.023,0.02
0.033,0.027
0.033,0.036
0.037,0.037
0.026,0.033
0.031,0.026
0.023,0.029
0.017,0.023
0.015,0.018
0.009,0.011
0.017,0.017
0.016,0.013
0.007,0.012
0.011,0.009
0.013,0.01
0.005,0.014
0.007,0.006
0.006,0.008
0.008,0.008
0.013,0.009
0.02,0.014
0.011,0.016
0.009,0.01
0.013,0.009
0.019,0.017
0.016,0.017
0.024,0.019
0.041,0.033
0.023,0.02
0.011,0.018
0.009,0.008
0.008,0.009
0.005,0.005
0.005,0.006
0.014,0.009
0.021,0.017
0.031,0.027
0.013,0.022
0.009,0.01
0.008,0.008
0.005,0.007
0.005,0.005
0.004,0.004
0.005,0.005
0.009,0.006
0.007,0.006
0.025,0.016
0.058,0.032
0.037,0.034
0.037,0.039
0.028,0.031
0.012,0.03
0.013,0.012
0.014,0.014
0.014,0.015
0.015,0.015
0.016,0.015
0.018,0.017
0.044,0.022
0.027,0.034
0.021,0.025
0.013,0.017
0.021,0.014
0.031,0.025
0.048,0.038
0.035,0.034
0.044,0.038
0.026,0.035
0.018,0.022
0.016,0.017
0.013,0.015
0.013,0.013
0.012,0.013
0.011,0.011
0.011,0.011
0.01,0.01
0.009,0.01
0.011,0.009
0.013,0.012
0.008,0.01
0.007,0.008
0.005,0.006
0.005,0.005
0.005,0.005
0.006,0.006
0.009,0.008
0.01,0.01
0.008,0.009
0.012,0.011
0.012,0.011
0.006,0.009
0.005,0.005
0.005,0.005
0.004,0.004
0.008,0.004
0.009,0.009
0.009,0.009
0.005,0.007
0.005,0.005
0.006,0.005
0.006,0.006
0.007,0.007
0.008,0.007
0.008,0.008
0.008,0.008
0.009,0.008
0.009,0.009
0.009,0.009
0.009,0.009
0.01,0.01
0.01,0.01
0.006,0.009
0.006,0.007
0.009,0.007
0.008,0.009
0.008,0.008
0.01,0.01
0.013,0.01
0.013,0.01
0.013,0.012
0.014,0.015
0.02,0.018
0.015,0.017
0.017,0.015
0.022,0.02
0.016,0.018
0.016,0.018
0.017,0.015
0.038,0.026
0.014,0.038
0.022,0.017
0.016,0.019
0.018,0.014
0.011,0.019
0.01,0.007
0.014,0.013
0.018,0.016
0.029,0.022
0.038,0.04
0.042,0.037
0.037,0.039
0.036,0.037
0.037,0.037
0.036,0.034
0.024,0.033
0.018,0.02
0.015,0.018
0.015,0.016
0.013,0.016
0.012,0.012
0.007,0.008
0.007,0.007
0.008,0.007
0.007,0.008
0.008,0.007
0.01,0.008
0.009,0.01
0.009,0.01
0.007,0.008
0.007,0.007
0.008,0.008
0.008,0.008
0.008,0.008
0.008,0.009
0.005,0.008
0.005,0.006
0.008,0.006
0.013,0.009
0.016,0.015
0.014,0.016
0.011,0.013
0.012,0.012
0.017,0.013
0.016,0.017
0.013,0.014
0.012,0.01
0.007,0.01
0.012,0.01
0.042,0.022
0.031,0.03
0.044,0.037
0.027,0.023
0.014,0.02
0.071,0.032
0.016,0.015
0.013,0.016
0.015,0.015
0.023,0.018
0.027,0.031
0.033,0.026
0.038,0.036
0.016,0.029
0.011,0.015
0.009,0.01
0.008,0.008
0.008,0.008
0.007,0.008
0.008,0.007
0.008,0.008
0.01,0.009
0.011,0.011
0.012,0.012
0.023,0.015
0.039,0.032
0.036,0.037
0.027,0.036
0.039,0.032
0.042,0.035
0.016,0.033
0.007,0.011
0.006,0.007
0.005,0.005
0.005,0.005
0.005,0.005
0.005,0.005
0.009,0.005
0.01,0.01
0.011,0.01
0.011,0.011
0.012,0.012
0.013,0.013
0.014,0.013
0.014,0.014
0.015,0.015
0.016,0.015
0.017,0.016
0.013,0.013
0.02,0.016
0.03,0.024
0.05,0.04
0.013,0.027
0.008,0.012
0.005,0.006
0.007,0.006
0.007,0.007
0.008,0.008
0.007,0.007
0.012,0.009
0.006,0.008
0.009,0.006
0.011,0.01
0.015,0.015
0.018,0.015
0.022,0.019
0.029,0.032
0.03,0.027
0.028,0.033
0.027,0.036
0.029,0.027
0.049,0.036
0.019,0.033
0.071,0.039
0.027,0.038
0.029,0.039
0.025,0.028
0.039,0.026
0.03,0.032
0.033,0.03
0.003,0.015
0.003,0.002
0.004,0.003
0.005,0.004
0.006,0.005
0.007,0.006
0.006,0.007
0.009,0.01
0.021,0.012
0.042,0.036
0.021,0.031
0.007,0.016
0.004,0.005
0.005,0.004
0.007,0.006
0.007,0.007
0.009,0.008
0.01,0.009
0.022,0.015
0.026,0.028
0.026,0.026
0.024,0.025
0.038,0.026
0.048,0.04
0.037,0.038
0.052,0.036
0.029,0.033
0.032,0.032
0.014,0.021
0.011,0.013
0.012,0.012
0.011,0.012
0.005,0.009
0.005,0.004
0.011,0.007
0.013,0.012
0.013,0.012
0.018,0.016
0.008,0.013
0.006,0.007
0.006,0.006
0.021,0.011
0.017,0.022
0.008,0.012
0.004,0.005
0.002,0.003
0.002,0.003
0.006,0.002
0.009,0.008
0.015,0.012
0.015,0.014
0.032,0.024
0.029,0.03
0.03,0.03
0.018,0.025
0.007,0.011
0.003,0.004
0.004,0.004
0.004,0.004
0.003,0.003
0.003,0.003
0.003,0.003
0.003,0.003
0.003,0.003
0.003,0.003
0.003,0.003
0.003,0.003
0.003,0.003
0.003,0.003
0.003,0.003
0.003,0.003
0.008,0.003
0.008,0.008
0.009,0.009
0.009,0.009
0.009,0.009
0.01,0.01
0.01,0.01
0.011,0.01
0.011,0.011
0.011,0.011
0.012,0.012
0.012,0.012
0.013,0.012
0.011,0.012
0.011,0.011
0.013,0.012
0.011,0.012
0.011,0.012
0.012,0.01
0.012,0.012
0.007,0.009
0.007,0.007
0.013,0.011
0.01,0.01
0.009,0.01
0.009,0.008
0.009,0.009
0.014,0.012
0.019,0.017
0.023,0.021
0.035,0.028
0.018,0.019
0.012,0.017
0.009,0.01
0.008,0.008
0.005,0.006
0.005,0.006
0.004,0.005
0.005,0.005
0.005,0.005
0.006,0.005
0.006,0.006
0.006,0.006
0.006,0.006
0.006,0.006
0.006,0.006
0.009,0.008
0.005,0.006
0.005,0.005
0.005,0.005
0.005,0.005
0.005,0.005
0.009,0.005
0.009,0.009
0.009,0.009
0.009,0.009
0.01,0.01
0.01,0.01
0.01,0.01
0.01,0.01
0.01,0.01
0.012,0.011
0.013,0.013
0.015,0.014
0.016,0.017
0.023,0.019
0.041,0.024
0.049,0.038
0.026,0.033
0.026,0.031
0.023,0.024
0.038,0.033
0.04,0.039
0.033,0.034
0.022,0.029
0.01,0.016
0.014,0.01
0.011,0.012
0.018,0.014
0.027,0.021
0.032,0.029
0.029,0.031
0.027,0.025
0.035,0.03
0.035,0.033
0.042,0.037
0.042,0.038
0.019,0.03
0.016,0.015
0.014,0.014
0.017,0.013
0.013,0.015
0.01,0.011
0.01,0.009
0.009,0.008
0.009,0.009
0.008,0.008
0.007,0.008
0.01,0.008
0.015,0.012
0.011,0.011
0.01,0.012
0.012,0.011
0.011,0.012
0.016,0.012
0.042,0.033
0.02,0.024
0.044,0.031
0.027,0.02
0.028,0.028
0.04,0.033
0.018,0.023
0.017,0.02
0.013,0.013
0.01,0.011
0.01,0.009
0.011,0.01
0.01,0.011
0.014,0.012
0.015,0.013
0.045,0.027
0.012,0.015
0.034,0.022
0.042,0.023
0.013,0.03
0.004,0.007
0.005,0.006
0.005,0.005
0.007,0.006
0.008,0.008
0.01,0.008
0.014,0.01
0.024,0.017
0.044,0.037
0.044,0.037
0.045,0.038
0.013,0.029
0.015,0.014
0.019,0.014
0.014,0.016
0.024,0.016
0.051,0.032
0.05,0.039
0.041,0.037
0.03,0.035
0.022,0.03
0.024,0.026
0.028,0.027
0.021,0.024
0.009,0.016
0.009,0.01
0.01,0.012
0.012,0.011
0.01,0.01
0.013,0.01
0.018,0.015
0.024,0.02
0.029,0.026
0.028,0.027
0.022,0.026
0.017,0.02
0.017,0.017
0.017,0.017
0.017,0.017
0.018,0.018
0.025,0.02
0.023,0.026
0.019,0.021
0.019,0.019
0.021,0.02
0.019,0.02
0.018,0.019
0.022,0.02
0.014,0.017
0.012,0.013
0.013,0.013
0.018,0.015
0.025,0.022
0.02,0.022
0.036,0.027
0.031,0.033
0.043,0.039
0.038,0.038
0.038,0.038
0.039,0.039
0.04,0.039
0.038,0.04
0.042,0.039
0.034,0.04
0.044,0.038
0.036,0.036
0.037,0.037
0.038,0.038
0.039,0.038
0.04,0.039
0.04,0.04
0.042,0.031
0.038,0.039
0.04,0.039
0.04,0.039
0.026,0.022
0.032,0.033
0.044,0.027
0.039,0.031
0.034,0.039
0.037,0.031
0.039,0.033
0.201,0.028
0.049,0.038
0.049,0.028
0.075,0.04
0.028,0.038
0.015,0.024
0.025,0.021
0.028,0.028
0.025,0.027
0.015,0.021
0.021,0.021
0.009,0.014
0.008,0.01
0.002,0.006
0.003,0.002
0.004,0.003
0.007,0.005
0.004,0.005
0.001,0.002
0.004,0.001
0.006,0.005
0.007,0.006
0.005,0.007
0.008,0.006
0.006,0.011
0.005,0.006
0.006,0.006
0.007,0.006
0.011,0.009
0.008,0.009
0.008,0.008
0.008,0.008
0.007,0.005
0.006,0.006
0.007,0.006
0.008,0.008
0.011,0.01
0.011,0.012
0.011,0.008
0.007,0.012
0.006,0.006
0.004,0.004
0.004,0.004
0.007,0.004
0.008,0.007
0.008,0.008
0.008,0.009
0.008,0.007
0.009,0.008
0.011,0.01
0.034,0.017
0.011,0.008
0.008,0.009
0.009,0.008
0.009,0.009
0.011,0.01
0.032,0.019
0.03,0.027
0.033,0.033
0.037,0.036
0.04,0.04
0.035,0.038
0.036,0.036
0.003,0.027
0.006,0.005
0.01,0.004
0.022,0.014
0.02,0.026
0.022,0.016
0.017,0.034
0.014,0.013
0.006,0.012
0.031,0.012
0.02,0.04
0.011,0.015
0.011,0.01
0.015,0.014
0.005,0.009
0.006,0.006
0.008,0.007
0.009,0.008
0.011,0.01
0.011,0.011
0.013,0.012
0.015,0.014
0.022,0.016
0.029,0.023
0.034,0.037
0.012,0.025
0.01,0.011
0.011,0.011
0.014,0.011
0.018,0.018
0.016,0.018
0.023,0.018
0.019,0.022
0.012,0.015
0.017,0.015
0.012,0.014
0.011,0.012
0.009,0.01
0.009,0.009
0.01,0.009
0.011,0.01
0.012,0.012
0.014,0.013
0.015,0.014
0.016,0.015
0.014,0.016
0.025,0.019
0.017,0.021
0.019,0.02
0.016,0.019
0.011,0.013
0.01,0.011
0.015,0.013
0.017,0.016
0.022,0.021
0.019,0.019
0.022,0.02
0.035,0.027
0.04,0.037
0.034,0.023
0.038,0.037
0.046,0.032
0.025,0.035
0.051,0.035
0.027,0.028
0.031,0.03
0.041,0.04
0.018,0.022
0.019,0.019
0.012,0.018
0.013,0.012
0.013,0.013
0.012,0.013
0.011,0.012
0.01,0.01
0.009,0.01
0.009,0.009
0.009,0.009
0.009,0.009
0.009,0.009
0.009,0.009
0.009,0.009
0.009,0.009
0.009,0.009
0.009,0.009
0.009,0.009
0.009,0.009
0.015,0.008
0.033,0.02
0.053,0.04
0.011,0.021
0.006,0.009
0.007,0.007
0.007,0.007
0.008,0.007
0.008,0.008
0.008,0.008
0.008,0.008
0.008,0.008
0.009,0.008
0.009,0.009
0.009,0.009
0.009,0.009
0.009,0.009
0.007,0.008
0.007,0.007
0.006,0.007
0.007,0.007
0.007,0.007
0.008,0.008
0.009,0.008
0.007,0.009
0.007,0.007
0.008,0.007
0.01,0.009
0.011,0.009
0.015,0.014
0.015,0.016
0.012,0.014
0.01,0.012
0.009,0.009
0.011,0.01
0.014,0.012
0.017,0.015
0.044,0.027
0.005,0.022
0.008,0.005
0.008,0.009
0.014,0.01
0.028,0.02
0.047,0.034
0.037,0.025
0.02,0.031
0.017,0.017
0.019,0.018
0.017,0.019
0.026,0.018
0.036,0.032
0.031,0.031
0.037,0.034
0.034,0.037
0.021,0.035
0.011,0.015
0.005,0.008
0.003,0.004
0.005,0.004
0.005,0.004
0.003,0.003
0.004,0.003
0.005,0.004
0.006,0.005
0.005,0.006
0.005,0.005
0.006,0.005
0.005,0.006
0.007,0.006
0.006,0.006
0.007,0.007
0.01,0.009
0.011,0.01
0.013,0.012
0.019,0.016
0.028,0.022
0.038,0.026
0.044,0.034
0.045,0.03
0.026,0.027
0.035,0.028
0.036,0.038
0.021,0.025
0.017,0.019
0.017,0.017
0.018,0.014
0.011,0.013
0.009,0.011
0.014,0.012
0.011,0.014
0.012,0.012
0.01,0.014
0.01,0.01
0.01,0.007
0.011,0.01
0.015,0.012
0.023,0.017
0.021,0.02
0.035,0.028
0.036,0.037
0.046,0.039
0.017,0.017
0.025,0.016
0.013,0.011
0.042,0.023
0.009,0.006
0.011,0.01
0.041,0.026
0.026,0.039
0.018,0.013
0.033,0.034
0.038,0.035
0.032,0.033
0.026,0.027
0.026,0.026
0.029,0.023
0.028,0.027
0.033,0.03
0.042,0.038
0.032,0.038
0.028,0.032
0.03,0.031
0.023,0.028
0.039,0.028
0.029,0.037
0.026,0.027
0.027,0.025
0.022,0.029
0.027,0.024
0.033,0.028
0.013,0.015
0.022,0.015
0.023,0.034
0.017,0.018
0.038,0.024
0.035,0.036
0.031,0.04
0.003,0.021
0.007,0.005
0.016,0.011
0.017,0.016
0.025,0.018
0.03,0.026
0.037,0.03
0.009,0.012
0.018,0.012
0.024,0.029
0.01,0.013
0.013,0.011
0.032,0.018
0.04,0.028
0.043,0.038
0.033,0.037
0.025,0.029
0.026,0.031
0.032,0.03
0.031,0.031
0.03,0.034
0.046,0.032
0.023,0.031
0.029,0.028
0.029,0.029
0.036,0.029
0.035,0.035
0.034,0.034
0.03,0.031
0.029,0.03
0.029,0.029
0.032,0.03
0.035,0.039
0.018,0.026
0.021,0.016
0.022,0.018
0.037,0.022
0.034,0.026
0.059,0.033
0.013,0.015
0.015,0.014
0.078,0.028
0.018,0.024
0.022,0.02
0.004,0.013
0.015,0.013
0.019,0.016
0.017,0.02
0.017,0.017
0.013,0.014
0.016,0.015
0.017,0.017
0.023,0.018
0.024,0.028
0.021,0.023
0.02,0.019
0.022,0.024
0.065,0.022
0.019,0.03
0.021,0.035
0.036,0.016
0.1,0.039
0.028,0.028
0.032,0.029
0.04,0.037
0.042,0.038
0.034,0.033
0.034,0.033
0.033,0.033
0.034,0.033
0.036,0.034
0.034,0.035
0.037,0.035
0.023,0.036
0.024,0.024
0.02,0.022
0.019,0.021
0.019,0.02
0.018,0.019
0.018,0.018
0.02,0.018
0.035,0.038
0.036,0.036
0.033,0.033
0.034,0.037
0.036,0.033
0.008,0.028
0.006,0.008
0.011,0.01
0.013,0.013
0.028,0.015
0.014,0.018
0.015,0.014
0.014,0.014
0.014,0.014
0.015,0.015
0.021,0.016
0.057,0.026
0.039,0.036
0.039,0.038
0.04,0.037
0.036,0.038
0.021,0.02
0.034,0.024
0.03,0.036
0.019,0.028
0.018,0.018
0.018,0.019
0.021,0.019
0.025,0.023
0.026,0.02
0.03,0.029
0.031,0.031
0.03,0.031
0.033,0.032
0.033,0.033
0.089,0.04
0.002,0.009
0.004,0.003
0.006,0.005
0.012,0.008
0.005,0.008
0.01,0.005
0.026,0.021
0.021,0.024
0.038,0.03
0.015,0.021
0.022,0.018
0.036,0.027
0.034,0.035
0.037,0.036
0.04,0.039
0.032,0.031
0.033,0.031
0.028,0.032
0.028,0.032
0.035,0.032
0.031,0.033
0.032,0.032
0.033,0.032
0.031,0.034
0.038,0.038
0.037,0.037
0.041,0.04
0.011,0.037
0.048,0.017
0.038,0.038
0.05,0.033
0.031,0.039
0.016,0.023
0.012,0.014
0.011,0.011
0.011,0.011
0.011,0.011
0.011,0.011
0.011,0.011
0.011,0.011
0.011,0.011
0.011,0.011
0.027,0.014
0.044,0.033
0.033,0.023
0.039,0.04
0.025,0.031
0.018,0.018
0.023,0.02
0.029,0.023
0.035,0.037
0.033,0.027
0.042,0.032
0.045,0.04
0.036,0.039
0.014,0.023
0.013,0.011
0.016,0.014
0.016,0.015
0.017,0.017
0.013,0.017
0.022,0.019
0.016,0.019
0.016,0.016
0.015,0.016
0.024,0.019
0.038,0.032
0.022,0.031
0.022,0.02
0.025,0.02
0.037,0.034
0.029,0.035
0.028,0.027
0.021,0.026
0.019,0.023
0.028,0.024
0.018,0.022
0.037,0.024
0.027,0.037
0.053,0.034
0.014,0.028
0.018,0.017
0.019,0.019
0.023,0.021
0.07,0.025
0.032,0.034
0.029,0.03
0.008,0.014
0.008,0.007
0.009,0.009
0.01,0.01
0.011,0.011
0.012,0.012
0.014,0.013
0.013,0.014
0.01,0.011
0.01,0.01
0.011,0.01
0.011,0.011
0.012,0.012
0.012,0.012
0.013,0.012
0.017,0.013
0.02,0.021
0.03,0.026
0.039,0.038
0.037,0.029
0.032,0.034
0.023,0.028
0.032,0.023
0.047,0.04
0.008,0.019
0.002,0.005
0.006,0.004
0.007,0.006
0.006,0.006
0.032,0.013
0.009,0.016
0.011,0.01
0.009,0.008
0.004,0.007
0.011,0.007
0.033,0.021
0.058,0.04
0.018,0.016
0.023,0.02
0.024,0.039
0.037,0.04
0.043,0.037
0.02,0.02
0.024,0.022
0.026,0.028
0.103,0.035
0.034,0.036
0.052,0.038
0.037,0.035
0.033,0.037
0.035,0.035
0.025,0.036
0.032,0.034
0.036,0.034
0.341,0.039
0.064,0.018
0.076,0.034
0.017,0.022
0.018,0.017
0.016,0.016
0.018,0.018
0.02,0.018
0.022,0.02
0.016,0.019
0.014,0.014
0.017,0.014
0.017,0.017
0.018,0.018
0.015,0.018
0.023,0.02
0.025,0.023
0.019,0.033
0.046,0.026
0.041,0.031
0.033,0.033
0.038,0.035
0.04,0.04
0.038,0.04
0.032,0.03
0.031,0.033
0.03,0.02
0.017,0.023
0.017,0.019
0.008,0.011
0.01,0.01
0.012,0.01
0.01,0.011
0.007,0.008
0.009,0.008
0.008,0.009
0.009,0.008
0.01,0.009
0.009,0.01
0.008,0.009
0.009,0.008
0.006,0.008
0.007,0.007
0.007,0.007
0.007,0.007
0.007,0.007
0.007,0.007
0.007,0.007
0.02,0.007
0.022,0.021
0.024,0.023
0.035,0.029
0.047,0.04
0.025,0.025
0.075,0.031
0.061,0.033
0.021,0.021
0.016,0.021
0.017,0.018
0.06,0.027
0.039,0.036
0.033,0.03
0.042,0.031
0.036,0.039
0.033,0.028
0.014,0.033
0.005,0.008
0.007,0.006
0.006,0.005
0.006,0.006
0.006,0.006
0.007,0.006
0.01,0.008
0.013,0.012
0.017,0.015
0.025,0.019
0.029,0.027
0.029,0.031
0.031,0.031
0.053,0.037
0.039,0.032
0.025,0.031
0.028,0.025
0.036,0.038
0.022,0.027
0.036,0.024
0.043,0.037
0.029,0.038
0.024,0.021
0.008,0.016
0.005,0.006
0.003,0.003
0.003,0.003
0.003,0.003
0.004,0.004
0.004,0.004
0.005,0.005
0.005,0.005
0.004,0.005
0.005,0.004
0.006,0.005
0.006,0.006
0.004,0.006
0.004,0.003
0.001,0.002
0.002,0.002
0.002,0.002
0.001,0.002
0.002,0.002
0.002,0.002
0.006,0.002
0.007,0.006
0.007,0.007
0.007,0.007
0.007,0.007
0.008,0.008
0.008,0.008
0.009,0.008
0.009,0.009
0.01,0.009
0.01,0.01
0.011,0.01
0.011,0.011
0.013,0.024
0.025,0.019
0.016,0.018
0.018,0.017
0.019,0.02
0.016,0.02
0.025,0.024
0.029,0.027
0.035,0.033
0.043,0.038
0.021,0.029
0.018,0.02
0.029,0.022
0.027,0.023
0.023,0.025
0.021,0.022
0.017,0.018
0.021,0.017
0.013,0.018
0.018,0.014
0.011,0.014
0.015,0.014
0.012,0.013
0.01,0.011
0.016,0.012
0.014,0.012
0.011,0.014
0.015,0.013
0.012,0.014
0.008,0.009
0.012,0.01
0.006,0.008
0.011,0.01
0.013,0.011
0.009,0.011
0.01,0.01
0.008,0.01
0.007,0.007
0.008,0.008
0.008,0.008
0.008,0.008
0.01,0.009
0.009,0.01
0.007,0.008
0.008,0.008
0.007,0.008
0.007,0.007
0.008,0.007
0.009,0.008
0.008,0.007
0.007,0.008
0.008,0.008
0.008,0.008
0.009,0.009
0.008,0.008
0.009,0.009
0.008,0.009
0.007,0.008
0.009,0.009
0.02,0.008
0.027,0.023
0.043,0.033
0.022,0.029
0.02,0.021
0.012,0.015
0.009,0.01
0.011,0.009
0.009,0.011
0.014,0.011
0.006,0.011
0.006,0.007
0.007,0.008
0.009,0.008
0.011,0.009
0.011,0.011
0.009,0.011
0.013,0.01
0.009,0.011
0.011,0.009
0.013,0.012
0.013,0.012
0.013,0.013
0.011,0.012
0.011,0.011
0.01,0.013
0.01,0.011
0.011,0.01
0.012,0.011
0.013,0.012
0.011,0.012
0.012,0.011
0.015,0.013
0.005,0.009
0.008,0.006
0.012,0.01
0.015,0.015
0.014,0.015
0.025,0.02
0.031,0.028
0.049,0.039
0.005,0.015
0.006,0.004
0.014,0.011
0.017,0.015
0.026,0.023
0.022,0.026
0.008,0.02
0.009,0.009
0.008,0.008
0.008,0.008
0.01,0.009
0.007,0.009
0.008,0.007
0.012,0.01
0.008,0.012
0.007,0.008
0.008,0.008
0.008,0.009
0.017,0.01
0.013,0.019
0.01,0.011
0.011,0.01
0.017,0.014
0.011,0.018
0.013,0.012
0.009,0.011
0.012,0.009
0.024,0.017
0.017,0.021
0.017,0.018
0.026,0.019
0.017,0.019
0.043,0.03
0.031,0.036
0.029,0.025
0.042,0.034
0.023,0.03
0.014,0.018
0.012,0.013
0.01,0.012
0.006,0.007
0.007,0.006
0.018,0.011
0.046,0.032
0.03,0.036
0.028,0.03
0.016,0.025
0.008,0.015
0.013,0.013
0.004,0.008
0.005,0.004
0.005,0.005
0.005,0.005
0.005,0.005
0.005,0.005
0.005,0.005
0.005,0.005
0.008,0.005
0.008,0.008
0.008,0.008
0.009,0.008
0.009,0.009
0.009,0.009
0.009,0.009
0.01,0.009
0.01,0.01
0.01,0.01
0.01,0.01
0.011,0.011
0.011,0.011
0.011,0.011
0.011,0.011
0.024,0.014
0.045,0.035
0.044,0.038
0.034,0.033
0.034,0.035
0.028,0.027
0.026,0.035
0.027,0.025
0.031,0.036
0.031,0.03
0.027,0.033
0.025,0.024
0.035,0.034
0.037,0.035
0.044,0.036
0.012,0.025
0.04,0.028
0.025,0.039
0.022,0.021
0.049,0.033
0.026,0.033
0.015,0.019
0.008,0.011
0.004,0.006
0.001,0.002
0.001,0.001
0.001,0.001
0.001,0.001
0.007,0.001
0.007,0.006
0.01,0.009
0.007,0.01
0.004,0.004
0.003,0.004
0.004,0.004
0.005,0.004
0.006,0.005
0.006,0.006
0.008,0.007
0.006,0.007
0.006,0.006
0.007,0.006
0.016,0.01
0.011,0.014
0.011,0.009
0.008,0.009
0.005,0.007
0.005,0.005
0.005,0.005
0.005,0.005
0.005,0.005
0.005,0.005
0.007,0.005
0.007,0.007
0.007,0.007
0.008,0.007
0.008,0.008
0.008,0.008
0.008,0.008
0.008,0.008
0.009,0.009
0.009,0.009
0.009,0.009
0.01,0.009
0.009,0.01
0.008,0.009
0.009,0.008
0.008,0.009
0.007,0.007
0.004,0.005
0.004,0.004
0.003,0.004
0.004,0.004
0.006,0.005
0.008,0.007
0.01,0.009
0.054,0.017
0.032,0.039
0.036,0.033
0.043,0.039
0.017,0.037
0.022,0.014
0.017,0.017
0.032,0.023
0.023,0.026
0.051,0.033
0.022,0.019
0.114,0.033
0.019,0.022
0.021,0.021
0.025,0.023
0.024,0.024
0.026,0.026
0.027,0.029
0.03,0.028
0.029,0.03
0.034,0.032
0.039,0.037
0.04,0.04
0.008,0.013
0.006,0.008
0.006,0.007
0.005,0.005
0.003,0.005
0.003,0.003
0.003,0.003
0.004,0.003
0.004,0.004
0.004,0.004
0.004,0.004
0.004,0.004
0.005,0.005
0.005,0.005
0.005,0.005
0.006,0.006
0.006,0.006
0.006,0.006
0.002,0.004
0.005,0.002
0.004,0.005
0.005,0.005
0.008,0.007
0.008,0.009
0.009,0.009
0.008,0.008
0.013,0.01
0.013,0.013
0.014,0.013
0.011,0.012
0.011,0.012
0.01,0.01
0.012,0.011
0.012,0.011
0.011,0.013
0.015,0.011
0.009,0.014
0.009,0.01
0.005,0.008
0.005,0.005
0.004,0.005
0.004,0.004
0.004,0.004
0.005,0.004
0.006,0.006
0.006,0.006
0.006,0.006
0.006,0.006
0.006,0.006
0.007,0.007
0.007,0.007
0.007,0.007
0.007,0.007
0.01,0.009
0.028,0.016
0.026,0.032
0.025,0.026
0.029,0.025
0.042,0.036
0.017,0.039
0.018,0.018
0.02,0.019
0.022,0.021
0.024,0.023
0.026,0.025
0.026,0.026
0.1,0.036
0.032,0.037
0.019,0.027
0.013,0.015
0.015,0.014
0.02,0.017
0.021,0.022
0.028,0.023
0.041,0.032
0.034,0.025
0.032,0.033
0.036,0.036
0.039,0.037
0.038,0.037
0.037,0.037
0.034,0.035
0.03,0.031
0.03,0.032
0.037,0.028
0.009,0.022
0.01,0.009
0.016,0.013
0.025,0.019
0.028,0.028
0.026,0.026
0.04,0.034
0.034,0.037
0.042,0.036
0.025,0.036
0.013,0.015
0.044,0.021
0.011,0.026
0.003,0.006
0.005,0.004
0.008,0.006
0.003,0.004
0.004,0.003
0.004,0.004
0.006,0.005
0.004,0.006
0.004,0.004
0.005,0.004
0.006,0.005
0.005,0.005
0.006,0.006
0.007,0.007
0.005,0.005
0.005,0.005
0.006,0.005
0.002,0.005
0.011,0.002
0.014,0.013
0.021,0.016
0.021,0.023
0.038,0.035
0.013,0.035
0.01,0.011
0.01,0.01
0.01,0.01
0.01,0.01
0.01,0.01
0.01,0.01
0.01,0.01
0.01,0.01
0.01,0.01
0.01,0.01
0.01,0.01
0.01,0.01
0.01,0.01
0.01,0.01
0.01,0.01
0.01,0.01
0.009,0.009
0.023,0.016
0.024,0.021
0.027,0.026
0.024,0.024
0.025,0.025
0.024,0.023
0.051,0.035
0.011,0.021
0.007,0.009
0.006,0.007
0.006,0.006
0.007,0.006
0.008,0.007
0.009,0.008
0.004,0.007
0.004,0.004
0.005,0.005
0.005,0.005
0.006,0.006
0.007,0.006
0.009,0.007
0.036,0.02
0.008,0.011
0.039,0.022
0.013,0.017
0.005,0.009
0.005,0.004
0.008,0.007
0.007,0.007
0.007,0.007
0.009,0.008
0.011,0.011
0.004,0.007
0.005,0.005
0.005,0.005
0.006,0.006
0.008,0.006
0.007,0.006
0.009,0.009
0.004,0.006
0.004,0.004
0.006,0.005
0.009,0.009
0.006,0.006
0.006,0.005
0.013,0.009
0.026,0.019
0.016,0.021
0.028,0.02
0.039,0.033
0.028,0.037
0.021,0.026
0.012,0.016
0.006,0.009
0.006,0.005
0.006,0.006
0.009,0.007
0.015,0.013
0.011,0.015
0.01,0.012
0.007,0.009
0.013,0.008
0.015,0.014
0.012,0.016
0.01,0.011
0.01,0.01
0.008,0.008
0.007,0.007
0.007,0.007
0.008,0.007
0.008,0.008
0.008,0.008
0.008,0.008
0.008,0.008
0.008,0.008
0.008,0.008
0.008,0.008
0.009,0.008
0.009,0.009
0.009,0.009
0.009,0.009
0.009,0.009
0.009,0.009
0.009,0.009
0.009,0.009
0.009,0.009
0.009,0.009
0.009,0.009
0.009,0.009
0.009,0.009
0.009,0.009
0.009,0.009
0.008,0.009
0.005,0.009
0.005,0.005
0.006,0.006
0.007,0.006
0.008,0.007
0.007,0.008
0.02,0.011
0.013,0.024
0.013,0.012
0.031,0.021
0.029,0.034
0.012,0.021
0.05,0.023
0.009,0.026
0.011,0.012
0.007,0.009
0.012,0.009
0.021,0.016
0.028,0.025
0.047,0.035
0.008,0.025
0.004,0.005
0.007,0.004
0.009,0.008
0.007,0.009
0.01,0.009
0.011,0.012
0.014,0.013
0.012,0.014
0.013,0.013
0.01,0.011
0.011,0.01
0.011,0.011
0.011,0.011
0.011,0.011
0.012,0.011
0.012,0.012
0.011,0.012
0.011,0.011
0.012,0.012
0.012,0.012
0.016,0.016
0.016,0.014
0.007,0.011
0.009,0.009
0.014,0.01
0.016,0.013
0.021,0.019
0.019,0.019
0.023,0.021
0.021,0.023
0.026,0.021
0.031,0.027
0.037,0.032
0.033,0.033
0.026,0.026
0.024,0.024
0.033,0.029
0.034,0.028
0.024,0.034
0.035,0.027
0.025,0.029
0.027,0.03
0.044,0.036
0.023,0.04
0.011,0.013
0.014,0.014
0.016,0.014
0.01,0.016
0.022,0.014
0.026,0.029
0.016,0.016
0.051,0.029
0.007,0.021
0.009,0.007
0.007,0.008
0.006,0.006
0.006,0.006
0.01,0.008
0.037,0.016
0.018,0.016
0.017,0.018
0.031,0.026
0.01,0.02
0.004,0.004
0.002,0.004
0.005,0.003
0.003,0.004
0.004,0.003
0.004,0.004
0.005,0.005
0.006,0.005
0.007,0.006
0.007,0.007
0.008,0.008
0.006,0.007
0.009,0.007
0.014,0.013
0.014,0.016
0.018,0.02
0.023,0.02
0.013,0.021
0.015,0.014
0.016,0.016
0.015,0.014
0.011,0.014
0.011,0.011
0.015,0.013
0.027,0.019
0.037,0.032
0.04,0.038
0.028,0.018
0.023,0.035
0.017,0.021
0.026,0.026
0.024,0.021
0.032,0.031
0.053,0.035
0.03,0.03
0.038,0.032
0.015,0.027
0.031,0.022
0.034,0.031
0.032,0.034
0.019,0.029
0.022,0.019
0.015,0.021
0.013,0.014
0.015,0.014
0.01,0.012
0.012,0.01
0.01,0.011
0.016,0.013
0.026,0.022
0.015,0.027
0.017,0.014
0.012,0.014
0.007,0.011
0.013,0.011
0.01,0.01
0.02,0.018
0.034,0.028
0.017,0.032
0.017,0.017
0.025,0.02
0.029,0.025
0.045,0.038
0.025,0.04
0.029,0.028
0.013,0.019
0.013,0.012
0.016,0.016
0.01,0.013
0.014,0.013
0.01,0.012
0.008,0.009
0.007,0.007
0.008,0.007
0.008,0.009
0.008,0.009
0.009,0.008
0.003,0.006
0.004,0.003
0.003,0.003
0.003,0.003
0.004,0.003
0.003,0.004
0.003,0.003
0.003,0.003
0.003,0.003
0.003,0.003
0.003,0.003
0.003,0.003
0.003,0.003
0.003,0.003
0.003,0.003
0.003,0.003
0.003,0.003
0.003,0.003
0.003,0.003
0.003,0.003
0.003,0.003
0.003,0.003
0.003,0.003
0.003,0.003
0.003,0.003
0.003,0.003
0.003,0.003
0.003,0.003
0.009,0.003
0.009,0.009
0.009,0.009
0.009,0.009
0.01,0.009
0.008,0.008
0.004,0.006
0.005,0.005
0.006,0.005
0.005,0.005
0.004,0.003
0.004,0.005
0.002,0.003
0.002,0.002
0.002,0.002
0.003,0.002
0.002,0.003
0.002,0.002
0.002,0.002
0.002,0.002
0.002,0.002
0.002,0.002
0.002,0.002
0.002,0.002
0.002,0.002
0.002,0.002
0.002,0.002
0.002,0.002
0.002,0.002
0.002,0.002
0.002,0.002
0.002,0.002
0.002,0.002
0.002,0.002
0.002,0.002
0.002,0.002
0.002,0.002
0.002,0.002
0.002,0.002
0.002,0.002
0.002,0.002
0.002,0.002
0.002,0.002
0.002,0.002
0.002,0.002
0.002,0.002
0.002,0.002
0.002,0.002
0.008,0.002
0.008,0.008
0.008,0.008
0.008,0.008
0.009,0.009
0.009,0.009
0.009,0.009
0.009,0.009
0.009,0.009
0.009,0.009
0.01,0.009
0.01,0.01
0.01,0.01
0.01,0.01
0.01,0.01
0.012,0.01
0.024,0.014
0.018,0.024
0.025,0.02
0.016,0.017
0.029,0.022
0.011,0.021
0.007,0.012
0.006,0.007
0.011,0.01
0.008,0.014
0.01,0.009
0.007,0.01
0.006,0.008
0.013,0.009
0.018,0.017
0.006,0.013
0.007,0.005
0.009,0.008
0.009,0.01
0.012,0.008
0.056,0.03
0.014,0.025
0.02,0.013
0.039,0.03
0.029,0.036
0.02,0.029
0.011,0.017
0.009,0.01
0.011,0.01
0.007,0.01
0.006,0.006
0.007,0.007
0.007,0.007
0.007,0.007
0.007,0.007
0.007,0.007
0.007,0.007
0.007,0.007
0.007,0.007
0.007,0.007
0.007,0.007
0.007,0.007
0.007,0.007
0.007,0.007
0.007,0.007
0.013,0.007
0.013,0.013
0.014,0.013
0.014,0.014
0.016,0.014
0.021,0.017
0.027,0.022
0.034,0.034
0.039,0.038
0.035,0.037
0.025,0.03
0.032,0.027
0.02,0.025
0.042,0.032
0.028,0.027
0.034,0.034
0.038,0.039
0.022,0.027
0.017,0.019
0.016,0.016
0.016,0.016
0.011,0.012
0.013,0.012
0.015,0.014
0.017,0.016
0.019,0.018
0.012,0.016
0.013,0.012
0.013,0.013
0.021,0.015
0.016,0.021
0.019,0.017
0.018,0.018
0.017,0.018
0.022,0.018
0.02,0.022
0.016,0.018
0.016,0.017
0.015,0.015
0.017,0.016
0.035,0.019
0.04,0.038
0.018,0.03
0.015,0.015
0.015,0.015
0.015,0.015
0.016,0.016
0.016,0.016
0.017,0.016
0.017,0.017
0.017,0.017
0.018,0.018
0.018,0.018
0.018,0.018
0.017,0.017
0.017,0.017
0.018,0.018
0.017,0.018
0.017,0.017
0.012,0.014
0.012,0.012
0.022,0.012
0.023,0.023
0.025,0.024
0.026,0.025
0.028,0.027
0.029,0.028
0.03,0.03
0.032,0.031
0.034,0.033
0.034,0.033
0.035,0.037
0.024,0.03
0.017,0.019
0.014,0.017
0.015,0.014
0.015,0.014
0.015,0.016
0.011,0.013
0.011,0.01
0.011,0.011
0.01,0.011
0.01,0.01
0.01,0.01
0.009,0.009
0.009,0.009
0.009,0.009
0.009,0.009
0.009,0.009
0.009,0.009
0.009,0.009
0.009,0.009
0.01,0.01
0.017,0.012
0.016,0.016
0.017,0.016
0.018,0.017
0.02,0.019
0.011,0.017
0.011,0.009
0.013,0.014
0.015,0.014
0.016,0.015
0.018,0.017
0.023,0.02
0.026,0.025
0.024,0.025
0.026,0.026
0.025,0.031
0.032,0.027
0.029,0.036
0.007,0.014
0.008,0.008
0.007,0.008
0.01,0.008
0.015,0.012
0.023,0.018
0.036,0.031
0.043,0.04
0.035,0.034
0.027,0.04
0.015,0.024
0.019,0.017
0.017,0.019
0.032,0.023
0.049,0.038
0.018,0.03
0.013,0.015
0.006,0.007
0.009,0.006
0.01,0.007
0.009,0.01
0.003,0.007
0.002,0.002
0.002,0.002
0.003,0.002
0.003,0.003
0.003,0.003
0.001,0.003
0.001,0.001
0.001,0.001
0.001,0.001
0.001,0.001
0.001,0.001
0.001,0.001
0.001,0.001
0.001,0.001
0.001,0.001
0.001,0.001
0.001,0.001
0.001,0.001
0.001,0.001
0.001,0.001
0.001,0.001
0.001,0.001
0.001,0.001
0.001,0.001
0.001,0.001
0.001,0.001
0.001,0.001
0.001,0.001
0.001,0.001
0.001,0.001
0.001,0.001
0.001,0.001
0.001,0.001
0.001,0.001
0.001,0.001
0.001,0.001
0.001,0.001
0.001,0.001
0.001,0.001
0.001,0.001
0.001,0.001
0.001,0.001
0.001,0.001
0.001,0.001
0.001,0.001
0.001,0.001
0.001,0.001
0.001,0.001
0.001,0.001
0.001,0.001
0.001,0.001
0.001,0.001
0.001,0.001
0.001,0.001
0.001,0.001
0.001,0.001
0.001,0.001
0.001,0.001
0.001,0.001
0.001,0.001
0.001,0.001
0.001,0.001
0.001,0.001
0.001,0.001
0.001,0.001
0.001,0.001
0.001,0.001
0.001,0.001
0.001,0.001
0.001,0.001
0.001,0.001
0.001,0.001
0.001,0.001
0.001,0.001
0.001,0.001
0.001,0.001
0.001,0.001
0.001,0.001
0.001,0.001
0.001,0.001
0.001,0.001
0.001,0.001
0.001,0.001
0.001,0.001
0.001,0.001
0.001,0.001
0.001,0.001
0.001,0.001
0.001,0.001
0.001,0.001
0.001,0.001
0.001,0.001
0.001,0.001
0.001,0.001
0.001,0.001
0.001,0.001
0.001,0.001
0.001,0.001
0.001,0.001
0.001,0.001
0.001,0.001
0.001,0.001
0.001,0.001
0.001,0.001
0.001,0.001
0.001,0.001
0.001,0.001
0.001,0.001
0.001,0.001
0.001,0.001
0.001,0.001
0.001,0.001
0.001,0.001
0.001,0.001
0.001,0.001
0.009,0.001
0.009,0.009
0.009,0.009
0.009,0.009
0.009,0.009
0.009,0.009
0.009,0.009
0.009,0.009
0.01,0.009
0.01,0.01
0.009,0.009
0.008,0.009
0.016,0.012
0.02,0.018
0.031,0.027
0.027,0.03
0.029,0.029
0.044,0.035
0.039,0.04
0.038,0.04
0.032,0.035
0.031,0.03
0.048,0.038
0.033,0.04
0.025,0.032
0.015,0.019
0.012,0.015
0.01,0.012
0.01,0.01
0.01,0.009
0.01,0.011
0.011,0.011
0.007,0.009
0.01,0.008
0.01,0.01
0.011,0.01
0.014,0.011
0.017,0.016
0.015,0.016
0.018,0.014
0.018,0.018
0.021,0.02
0.031,0.026
0.025,0.029
0.025,0.025
0.025,0.024
0.031,0.027
0.034,0.033
0.044,0.039
0.036,0.038
0.022,0.03
0.008,0.014
0.006,0.007
0.008,0.007
0.012,0.009
0.018,0.014
0.022,0.02
0.024,0.024
0.024,0.024
0.024,0.023
0.027,0.025
0.028,0.028
0.027,0.029
0.028,0.027
0.026,0.027
0.021,0.024
0.015,0.017
0.015,0.015
0.021,0.018
0.023,0.022
0.029,0.025
0.029,0.031
0.03,0.028
0.033,0.032
0.031,0.032
0.035,0.034
0.038,0.037
0.034,0.039
0.027,0.031
0.018,0.023
0.011,0.013
0.011,0.011
0.003,0.007
0.002,0.002
0.002,0.002
0.005,0.002
0.006,0.005
0.006,0.006
0.006,0.006
0.007,0.007
0.007,0.007
0.008,0.008
0.008,0.008
0.009,0.009
0.009,0.009
0.011,0.01
0.01,0.01
0.008,0.009
0.009,0.008
0.006,0.009
0.011,0.009
0.015,0.013
0.026,0.021
0.027,0.027
0.024,0.023
0.024,0.024
0.023,0.024
0.026,0.025
0.018,0.02
0.028,0.02
0.045,0.035
0.025,0.029
0.007,0.015
0.012,0.007
0.013,0.014
0.014,0.014
0.017,0.015
0.018,0.018
0.016,0.016
0.01,0.014
0.008,0.008
0.006,0.007
0.003,0.004
0.003,0.003
0.004,0.003
0.005,0.004
0.002,0.004
0.001,0.001
0.001,0.001
0.001,0.001
0.001,0.001
0.001,0.001
0.001,0.001
0.001,0.001
0.001,0.001
0.001,0.001
0.002,0.002
0.005,0.001
0.004,0.004
0.005,0.005
0.005,0.005
0.006,0.005
0.007,0.006
0.005,0.006
0.005,0.005
0.005,0.005
0.005,0.005
0.003,0.004
0.003,0.003
0.004,0.003
0.004,0.004
0.004,0.004
0.005,0.005
0.005,0.005
0.006,0.005
0.006,0.006
0.006,0.006
0.007,0.007
0.007,0.007
0.007,0.007
0.007,0.007
0.014,0.008
0.019,0.016
0.031,0.026
0.028,0.032
0.024,0.026
0.013,0.017
0.021,0.014
0.036,0.025
0.038,0.038
0.043,0.04
0.021,0.029
0.008,0.013
0.006,0.007
0.007,0.006
0.007,0.007
0.008,0.007
0.008,0.008
0.007,0.007
0.006,0.006
0.006,0.006
0.006,0.006
0.007,0.006
0.008,0.007
0.008,0.008
0.006,0.007
0.005,0.005
0.007,0.007
0.006,0.007
0.006,0.006
0.006,0.006
0.006,0.005
0.007,0.006
0.007,0.007
0.007,0.007
0.008,0.008
0.008,0.008
0.008,0.008
0.008,0.008
0.007,0.008
0.008,0.007
0.008,0.008
0.008,0.008
0.008,0.008
0.008,0.008
0.008,0.008
0.008,0.008
0.008,0.008
0.008,0.008
0.008,0.008
0.008,0.008
0.008,0.008
0.008,0.008
0.008,0.008
0.008,0.008
0.008,0.008
0.008,0.008
0.008,0.008
0.008,0.008
0.008,0.008
0.008,0.008
0.008,0.008
0.008,0.008
0.01,0.008
0.009,0.01
0.008,0.009
0.009,0.008
0.009,0.01
0.01,0.009
0.012,0.011
0.013,0.013
0.021,0.015
0.031,0.027
0.025,0.03
0.023,0.024
0.024,0.023
0.019,0.021
0.019,0.02
0.01,0.014
0.009,0.01
0.012,0.01
0.012,0.012
0.009,0.01
0.008,0.008
0.008,0.008
0.008,0.008
0.009,0.009
0.007,0.009
0.012,0.006
0.021,0.016
0.034,0.027
0.028,0.033
0.018,0.021
0.008,0.013
0.018,0.012
0.025,0.019
0.027,0.027
0.028,0.03
0.038,0.032
0.027,0.04
0.015,0.014
0.014,0.018
0.015,0.014
0.009,0.012
0.004,0.008
0.004,0.004
0.006,0.005
0.005,0.006
0.006,0.006
0.004,0.005
0.004,0.004
0.004,0.004
0.005,0.005
0.006,0.005
0.006,0.006
0.005,0.006
0.005,0.005
0.005,0.005
0.007,0.006
0.004,0.006
0.005,0.004
0.006,0.005
0.005,0.006
0.01,0.006
0.017,0.013
0.02,0.018
0.023,0.021
0.025,0.024
0.02,0.021
0.014,0.017
0.013,0.013
0.017,0.013
0.018,0.018
0.018,0.017
0.024,0.021
0.044,0.03
0.037,0.036
0.043,0.039
0.014,0.037
0.035,0.037
0.028,0.032
0.039,0.037
0.064,0.035
0.018,0.029
0.011,0.013
0.011,0.011
0.014,0.012
0.016,0.015
0.022,0.019
0.033,0.025
0.035,0.038
0.029,0.031
0.031,0.03
0.032,0.031
0.035,0.033
0.036,0.037
0.049,0.04
0.02,0.027
0.013,0.016
0.008,0.01
0.008,0.008
0.009,0.008
0.01,0.009
0.011,0.011
0.013,0.012
0.014,0.013
0.015,0.014
0.016,0.016
0.018,0.017
0.019,0.018
0.03,0.023
0.024,0.03
0.017,0.02
0.033,0.022
0.044,0.04
0.026,0.033
0.052,0.037
0.036,0.035
0.036,0.038
0.055,0.04
0.004,0.015
0.005,0.004
0.005,0.005
0.006,0.006
0.007,0.006
0.007,0.008
0.006,0.006
0.006,0.007
0.007,0.006
0.007,0.007
0.008,0.008
0.009,0.009
0.01,0.01
0.026,0.019
0.01,0.017
0.015,0.013
0.023,0.019
0.029,0.026
0.036,0.032
0.042,0.038
0.017,0.025
0.019,0.017
0.029,0.022
0.062,0.035
0.016,0.029
0.008,0.01
0.007,0.007
0.007,0.007
0.007,0.007
0.007,0.007
0.007,0.007
0.008,0.007
0.006,0.007
0.006,0.006
0.006,0.006
0.006,0.006
0.006,0.006
0.006,0.006
0.006,0.006
0.006,0.006
0.006,0.006
0.006,0.006
0.006,0.006
0.006,0.006
0.006,0.006
0.006,0.006
0.006,0.006
0.006,0.006
0.006,0.006
0.006,0.006
0.006,0.006
0.006,0.006
0.006,0.006
0.007,0.006
0.008,0.008
0.008,0.008
0.008,0.008
0.008,0.008
0.008,0.008
0.008,0.008
0.008,0.008
0.008,0.008
0.008,0.008
0.008,0.008
0.008,0.008
0.008,0.008
0.008,0.008
0.008,0.008
0.008,0.008
0.009,0.008
0.009,0.009
0.009,0.009
0.009,0.009
0.009,0.009
0.009,0.009
0.009,0.009
0.008,0.009
0.014,0.008
0.03,0.022
0.032,0.029
0.041,0.031
0.045,0.034
0.026,0.032
0.012,0.018
0.005,0.007
0.004,0.004
0.003,0.003
0.003,0.003
0.003,0.003
0.003,0.003
0.003,0.003
0.01,0.003
0.01,0.01
0.011,0.011
0.012,0.012
0.013,0.013
0.014,0.014
0.017,0.015
0.025,0.019
0.039,0.031
0.037,0.035
0.043,0.039
0.005,0.039
0.006,0.005
0.008,0.006
0.013,0.01
0.021,0.014
0.052,0.019
0.005,0.005
0.004,0.004
0.006,0.005
0.005,0.006
0.008,0.006
0.007,0.007
0.009,0.008
0.009,0.008
0.01,0.009
0.012,0.012
0.016,0.014
0.016,0.016
0.015,0.016
0.014,0.016
0.015,0.016
0.017,0.016
0.018,0.018
0.018,0.017
0.018,0.018
0.023,0.034
0.021,0.033
0.02,0.019
0.041,0.029
0.034,0.038
0.019,0.027
0.011,0.017
0.018,0.015
0.017,0.017
0.018,0.015
0.021,0.02
0.022,0.022
0.032,0.023
0.048,0.033
0.027,0.034
0.02,0.026
0.001,0.009
0.002,0.001
0.002,0.002
0.005,0.002
0.006,0.005
0.003,0.005
0.008,0.005
0.029,0.018
0.011,0.025
0.01,0.009
0.01,0.011
0.032,0.025
0.02,0.027
0.015,0.017
0.02,0.017
0.006,0.018
0.01,0.01
0.012,0.011
0.011,0.01
0.012,0.011
0.013,0.014
0.014,0.014
0.026,0.018
0.05,0.038
0.02,0.025
0.01,0.016
0.003,0.004
0.004,0.003
0.003,0.003
0.004,0.003
0.001,0.002
0.001,0.001
0.001,0.001
0.003,0.001
0.003,0.003
0.004,0.003
0.004,0.004
0.005,0.004
0.005,0.005
0.006,0.005
0.006,0.006
0.007,0.006
0.007,0.007
0.008,0.007
0.008,0.008
0.007,0.008
0.004,0.006
0.01,0.004
0.028,0.017
0.011,0.013
0.01,0.01
0.01,0.011
0.167,0.022
0.019,0.025
0.007,0.013
0.009,0.009
0.026,0.013
0.013,0.022
0.004,0.009
0.001,0.002
0.001,0.001
0.001,0.001
0.001,0.001
0.001,0.001
0.001,0.001
0.002,0.001
0.002,0.002
0.002,0.002
0.003,0.002
0.003,0.003
0.003,0.003
0.003,0.003
0.003,0.003
0.003,0.003
0.003,0.003
0.003,0.003
0.004,0.003
0.004,0.004
0.004,0.004
0.004,0.004
0.004,0.004
0.004,0.004
0.004,0.004
0.004,0.004
0.005,0.004
0.005,0.005
0.003,0.004
0.003,0.003
0.002,0.004
0.009,0.003
0.012,0.01
0.015,0.013
0.014,0.016
0.004,0.014
0.01,0.007
0.017,0.013
0.023,0.019
0.048,0.037
0.033,0.031
0.034,0.034
0.033,0.032
0.046,0.035
0.015,0.019
0.016,0.015
0.018,0.017
0.019,0.019
0.021,0.019
0.022,0.025
0.028,0.028
0.027,0.028
0.03,0.028
0.026,0.028
0.028,0.027
0.028,0.034
0.029,0.035
0.031,0.031
0.03,0.034
0.031,0.031
0.03,0.034
0.033,0.032
0.035,0.033
0.037,0.035
0.006,0.004
0.008,0.007
0.01,0.009
0.007,0.015
0.021,0.009
0.023,0.018
0.006,0.003
0.046,0.038
0.038,0.037
0.044,0.04
0.037,0.036
0.037,0.037
0.037,0.037
0.04,0.037
0.04,0.04
0.031,0.035
0.028,0.031
0.029,0.029
0.033,0.031
0.034,0.032
0.03,0.034
0.038,0.031
0.033,0.036
0.035,0.036
0.041,0.037
0.04,0.036
0.041,0.04
0.04,0.039
0.032,0.04
0.014,0.021
0.013,0.014
0.021,0.017
0.037,0.028
0.046,0.04
0.033,0.033
0.048,0.038
0.032,0.032
0.024,0.029
0.036,0.029
0.047,0.03
0.016,0.031
0.017,0.017
0.018,0.018
0.02,0.021
0.021,0.02
0.022,0.021
0.016,0.017
0.017,0.017
0.017,0.017
0.017,0.017
0.018,0.018
0.017,0.025
0.129,0.018
0.027,0.038
0.028,0.027
0.028,0.028
0.032,0.028
0.03,0.032
0.031,0.031
0.033,0.032
0.034,0.033
0.035,0.034
0.036,0.036
0.037,0.037
0.039,0.038
0.024,0.032
0.03,0.027
0.03,0.029
0.037,0.036
0.041,0.037
0.028,0.032
0.034,0.027
0.039,0.037
0.033,0.031
0.038,0.04
0.041,0.039
0.031,0.038
0.033,0.032
0.035,0.034
0.035,0.035
0.035,0.035
0.035,0.035
0.035,0.035
0.034,0.034
0.025,0.029
0.024,0.025
0.022,0.021
0.032,0.026
0.032,0.031
0.033,0.032
0.033,0.033
0.035,0.034
0.024,0.035
0.02,0.019
0.021,0.018
0.022,0.022
0.021,0.021
0.021,0.021
0.021,0.021
0.053,0.028
0.038,0.039
0.018,0.026
0.018,0.018
0.018,0.018
0.018,0.018
0.018,0.018
0.018,0.018
0.122,0.019
0.052,0.035
0.04,0.039
0.029,0.033
0.034,0.033
0.029,0.028
0.032,0.03
0.034,0.032
0.132,0.039
0.036,0.036
0.037,0.038
0.126,0.034
0.018,0.023
0.084,0.036
0.002,0.019
0.004,0.005
0.001,0.003
0.001,0.001
0.001,0.001
0.001,0.001
0.001,0.001
0.001,0.001
0.001,0.001
0.001,0.001
0.001,0.001
0.006,0.001
0.006,0.006
0.007,0.007
0.007,0.007
0.008,0.007
0.008,0.008
0.009,0.008
0.009,0.009
0.01,0.009
0.01,0.01
0.011,0.01
0.011,0.011
0.011,0.011
0.012,0.012
0.012,0.012
0.004,0.033
0.125,0.032
0.163,0.032
0.03,0.031
0.055,0.03
0.03,0.035
0.025,0.025
0.026,0.025
0.025,0.026
0.026,0.026
0.026,0.026
0.026,0.026
0.029,0.026
0.03,0.029
0.03,0.03
0.03,0.03
0.031,0.03
0.031,0.031
0.032,0.031
0.032,0.032
0.033,0.032
0.033,0.033
0.034,0.033
0.034,0.034
0.034,0.034
0.035,0.035
0.013,0.028
0.054,0.019
0.004,0.03
0.012,0.01
0.013,0.012
0.016,0.014
0.017,0.016
0.028,0.036
0.027,0.031
0.03,0.028
0.035,0.034
0.047,0.035
0.037,0.04
0.036,0.037
0.029,0.028
0.031,0.034
0.026,0.028
0.082,0.03
0.017,0.035
0.018,0.017
0.02,0.019
0.021,0.02
0.01,0.014
0.029,0.034
0.03,0.03
0.063,0.029
0.025,0.024
0.054,0.036
0.027,0.03
0.026,0.028
0.013,0.022
0.003,0.024
0.008,0.005
0.036,0.024
0.034,0.034
0.031,0.03
0.034,0.032
0.035,0.039
0.013,0.022
