power,time
0.0,8759
404.801,8758
411.504,8757
418.018,8756
418.652,8755
433.223,8754
436.529,8753
439.777,8752
442.746,8751
450.548,8750
450.677,8749
451.058,8748
454.72,8747
455.009,8746
456.76,8745
460.99,8744
461.777,8743
465.11,8742
466.383,8741
466.67,8740
467.699,8739
471.449,8738
473.059,8737
473.75,8736
474.535,8735
478.691,8734
484.359,8733
487.19,8732
488.011,8731
488.808,8730
489.159,8729
489.657,8728
490.07,8727
490.487,8726
490.753,8725
492.021,8724
492.456,8723
492.827,8722
493.347,8721
494.403,8720
494.871,8719
497.132,8718
498.007,8717
500.275,8716
500.576,8715
502.011,8714
502.061,8713
502.104,8712
504.26,8711
505.106,8710
506.7,8709
506.788,8708
507.642,8707
507.644,8706
509.528,8705
510.242,8704
510.274,8703
510.702,8702
511.265,8701
511.663,8700
511.742,8699
512.229,8698
512.275,8697
512.462,8696
513.226,8695
514.745,8694
514.872,8693
514.897,8692
515.146,8691
515.874,8690
516.095,8689
516.209,8688
517.545,8687
518.349,8686
518.836,8685
519.514,8684
519.708,8683
520.313,8682
520.95,8681
521.559,8680
521.937,8679
522.27,8678
523.516,8677
526.65,8676
527.248,8675
527.741,8674
527.807,8673
529.271,8672
529.296,8671
529.749,8670
530.298,8669
532.463,8668
532.879,8667
533.005,8666
534.083,8665
535.518,8664
535.581,8663
535.669,8662
537.22,8661
538.219,8660
539.722,8659
540.111,8658
542.266,8657
544.671,8656
544.925,8655
545.68,8654
545.69,8653
545.696,8652
546.733,8651
548.385,8650
549.262,8649
549.721,8648
549.806,8647
549.929,8646
550.016,8645
550.21,8644
550.497,8643
551.616,8642
552.005,8641
552.024,8640
552.361,8639
552.711,8638
553.877,8637
554.485,8636
555.258,8635
556.72,8634
558.19,8633
558.345,8632
558.354,8631
558.365,8630
558.617,8629
559.127,8628
559.441,8627
560.335,8626
560.42,8625
560.476,8624
560.653,8623
560.762,8622
560.806,8621
561.152,8620
561.583,8619
562.016,8618
562.399,8617
562.709,8616
563.64,8615
563.824,8614
564.281,8613
564.509,8612
564.535,8611
564.844,8610
565.399,8609
565.825,8608
566.151,8607
566.464,8606
567.186,8605
567.986,8604
568.495,8603
568.882,8602
569.111,8601
569.128,8600
569.731,8599
569.772,8598
570.215,8597
570.701,8596
570.772,8595
571.059,8594
571.378,8593
571.468,8592
571.667,8591
571.958,8590
572.068,8589
572.191,8588
572.635,8587
572.726,8586
572.819,8585
572.826,8584
573.084,8583
574.419,8582
575.164,8581
575.189,8580
575.547,8579
575.683,8578
575.846,8577
575.866,8576
576.16,8575
576.619,8574
577.109,8573
577.459,8572
577.666,8571
577.68,8570
577.789,8569
577.815,8568
578.089,8567
578.332,8566
578.571,8565
578.995,8564
581.168,8563
581.185,8562
582.468,8561
583.879,8560
584.217,8559
584.246,8558
584.252,8557
584.705,8556
585.024,8555
585.65,8554
586.169,8553
586.474,8552
586.601,8551
587.35,8550
587.533,8549
588.001,8548
588.033,8547
588.817,8546
589.36,8545
590.95,8544
591.368,8543
592.56,8542
592.735,8541
593.324,8540
593.491,8539
595.212,8538
596.344,8537
597.972,8536
598.026,8535
598.046,8534
598.992,8533
599.079,8532
599.302,8531
599.655,8530
600.176,8529
600.246,8528
600.334,8527
600.672,8526
600.77,8525
601.178,8524
601.289,8523
601.462,8522
601.465,8521
601.99,8520
602.362,8519
602.765,8518
603.632,8517
604.201,8516
604.389,8515
605.297,8514
605.302,8513
605.712,8512
605.952,8511
605.993,8510
606.319,8509
606.47,8508
607.025,8507
607.122,8506
607.69,8505
608.383,8504
608.702,8503
609.214,8502
609.774,8501
610.178,8500
610.255,8499
610.947,8498
611.031,8497
611.931,8496
612.632,8495
612.834,8494
612.942,8493
613.702,8492
613.8,8491
613.858,8490
614.094,8489
614.185,8488
615.229,8487
615.317,8486
616.328,8485
616.34,8484
616.399,8483
616.643,8482
616.732,8481
617.147,8480
617.875,8479
617.999,8478
618.199,8477
618.911,8476
618.998,8475
619.167,8474
619.757,8473
619.962,8472
620.108,8471
621.362,8470
621.476,8469
622.479,8468
623.023,8467
623.058,8466
624.284,8465
624.298,8464
624.328,8463
625.195,8462
625.206,8461
625.539,8460
625.994,8459
626.018,8458
626.168,8457
626.88,8456
627.097,8455
627.433,8454
627.607,8453
628.242,8452
628.248,8451
628.431,8450
629.0,8449
629.378,8448
629.56,8447
629.613,8446
629.649,8445
629.805,8444
629.892,8443
629.996,8442
630.653,8441
630.68,8440
630.956,8439
631.986,8438
632.329,8437
632.556,8436
632.951,8435
633.057,8434
635.912,8433
636.144,8432
636.62,8431
637.028,8430
637.908,8429
638.015,8428
638.31,8427
638.376,8426
638.521,8425
638.784,8424
638.861,8423
639.204,8422
639.706,8421
639.771,8420
639.996,8419
640.014,8418
640.22,8417
640.363,8416
640.457,8415
640.48,8414
641.208,8413
641.38,8412
641.582,8411
642.211,8410
642.45,8409
642.658,8408
643.039,8407
643.325,8406
643.492,8405
643.687,8404
644.109,8403
644.338,8402
644.775,8401
644.967,8400
645.082,8399
645.367,8398
645.867,8397
645.954,8396
646.131,8395
646.142,8394
646.554,8393
646.742,8392
646.792,8391
647.0,8390
647.532,8389
647.543,8388
647.689,8387
647.887,8386
648.046,8385
648.097,8384
648.74,8383
649.344,8382
649.464,8381
649.68,8380
649.911,8379
650.425,8378
650.636,8377
651.072,8376
651.287,8375
651.333,8374
651.354,8373
652.023,8372
652.433,8371
652.579,8370
653.184,8369
653.274,8368
653.327,8367
653.611,8366
653.675,8365
653.958,8364
654.306,8363
654.889,8362
655.028,8361
655.273,8360
656.073,8359
656.515,8358
657.425,8357
657.892,8356
658.308,8355
658.718,8354
658.8,8353
658.874,8352
659.124,8351
659.303,8350
659.559,8349
659.608,8348
659.824,8347
660.26,8346
660.333,8345
660.835,8344
660.932,8343
661.073,8342
661.161,8341
661.619,8340
662.04,8339
662.136,8338
662.202,8337
662.672,8336
662.86,8335
663.073,8334
663.102,8333
663.136,8332
663.273,8331
663.637,8330
663.928,8329
663.961,8328
664.077,8327
664.743,8326
664.923,8325
665.237,8324
665.707,8323
666.399,8322
666.715,8321
666.879,8320
667.096,8319
667.483,8318
668.712,8317
669.377,8316
669.577,8315
669.956,8314
670.632,8313
671.076,8312
671.136,8311
671.22,8310
671.257,8309
671.816,8308
671.921,8307
672.279,8306
672.35,8305
673.689,8304
673.894,8303
674.966,8302
674.974,8301
674.975,8300
675.399,8299
675.973,8298
676.698,8297
676.828,8296
677.03,8295
677.246,8294
677.991,8293
678.614,8292
678.675,8291
678.953,8290
678.96,8289
678.963,8288
679.677,8287
679.755,8286
679.885,8285
679.95,8284
680.353,8283
680.591,8282
680.932,8281
680.956,8280
681.088,8279
681.237,8278
681.551,8277
681.713,8276
681.771,8275
681.828,8274
682.428,8273
682.492,8272
683.147,8271
683.297,8270
683.891,8269
684.01,8268
684.79,8267
684.842,8266
684.904,8265
685.236,8264
685.776,8263
685.959,8262
685.979,8261
686.432,8260
686.445,8259
687.054,8258
687.275,8257
687.909,8256
687.98,8255
687.982,8254
688.197,8253
688.228,8252
688.443,8251
688.637,8250
689.145,8249
689.394,8248
690.657,8247
690.762,8246
690.79,8245
690.797,8244
690.82,8243
691.406,8242
691.927,8241
692.573,8240
692.708,8239
692.749,8238
692.772,8237
693.216,8236
693.277,8235
693.335,8234
693.584,8233
693.663,8232
694.197,8231
694.266,8230
694.464,8229
694.599,8228
694.61,8227
694.754,8226
695.054,8225
695.508,8224
695.856,8223
695.983,8222
696.171,8221
696.226,8220
697.864,8219
697.872,8218
697.945,8217
698.103,8216
698.194,8215
698.593,8214
698.874,8213
698.9,8212
698.923,8211
699.07,8210
699.107,8209
699.131,8208
699.988,8207
700.045,8206
700.206,8205
700.796,8204
700.892,8203
701.169,8202
701.495,8201
701.623,8200
701.825,8199
701.846,8198
702.102,8197
702.14,8196
702.316,8195
702.53,8194
702.61,8193
702.631,8192
702.846,8191
702.892,8190
703.316,8189
703.358,8188
703.683,8187
703.91,8186
704.002,8185
704.103,8184
704.131,8183
704.335,8182
704.343,8181
704.356,8180
704.525,8179
705.602,8178
705.801,8177
705.826,8176
706.045,8175
706.554,8174
706.689,8173
706.977,8172
707.097,8171
707.103,8170
707.13,8169
707.253,8168
707.422,8167
707.598,8166
707.754,8165
707.832,8164
707.868,8163
708.306,8162
708.326,8161
708.434,8160
708.5,8159
708.737,8158
708.76,8157
708.792,8156
709.034,8155
709.05,8154
709.074,8153
709.145,8152
709.471,8151
709.613,8150
709.748,8149
709.786,8148
710.029,8147
710.094,8146
710.146,8145
710.166,8144
710.227,8143
710.374,8142
710.487,8141
710.836,8140
711.021,8139
711.211,8138
711.701,8137
711.714,8136
711.861,8135
711.949,8134
712.049,8133
712.378,8132
712.425,8131
712.425,8130
712.609,8129
712.609,8128
712.653,8127
712.772,8126
712.996,8125
713.071,8124
713.232,8123
713.277,8122
713.437,8121
713.529,8120
713.578,8119
714.353,8118
714.383,8117
714.542,8116
714.591,8115
714.745,8114
714.899,8113
714.949,8112
715.648,8111
715.67,8110
715.67,8109
715.879,8108
716.112,8107
716.128,8106
716.226,8105
716.482,8104
716.633,8103
716.672,8102
716.793,8101
717.112,8100
717.274,8099
717.551,8098
717.675,8097
717.762,8096
717.806,8095
717.811,8094
717.916,8093
717.938,8092
717.961,8091
718.147,8090
718.189,8089
718.219,8088
718.336,8087
718.415,8086
718.456,8085
718.459,8084
718.497,8083
718.507,8082
718.54,8081
718.604,8080
718.69,8079
718.885,8078
718.967,8077
718.987,8076
719.192,8075
719.252,8074
719.445,8073
719.591,8072
719.597,8071
720.085,8070
720.098,8069
720.165,8068
720.186,8067
720.219,8066
720.896,8065
721.35,8064
721.443,8063
721.804,8062
721.838,8061
721.963,8060
722.021,8059
722.025,8058
722.098,8057
722.159,8056
722.167,8055
722.287,8054
722.316,8053
722.359,8052
722.771,8051
722.811,8050
722.834,8049
723.005,8048
723.036,8047
723.1,8046
723.311,8045
723.371,8044
723.474,8043
723.559,8042
723.937,8041
723.966,8040
724.176,8039
724.307,8038
724.339,8037
724.36,8036
724.495,8035
724.623,8034
724.684,8033
724.7,8032
724.73,8031
724.78,8030
724.863,8029
725.101,8028
725.106,8027
725.137,8026
725.272,8025
725.395,8024
725.657,8023
726.129,8022
726.353,8021
726.798,8020
726.931,8019
726.936,8018
726.972,8017
726.984,8016
727.13,8015
727.351,8014
727.367,8013
727.408,8012
727.425,8011
727.433,8010
727.59,8009
727.641,8008
727.645,8007
727.662,8006
727.895,8005
727.919,8004
728.048,8003
728.06,8002
728.062,8001
728.1,8000
728.106,7999
728.285,7998
728.494,7997
728.624,7996
728.653,7995
728.848,7994
728.975,7993
728.995,7992
729.066,7991
729.211,7990
729.3,7989
729.343,7988
729.364,7987
729.579,7986
729.649,7985
729.697,7984
729.732,7983
729.77,7982
729.967,7981
729.971,7980
729.998,7979
730.1,7978
730.113,7977
730.296,7976
730.301,7975
730.329,7974
730.354,7973
730.434,7972
730.467,7971
730.516,7970
730.52,7969
730.535,7968
730.546,7967
730.573,7966
730.603,7965
730.626,7964
731.112,7963
731.175,7962
731.338,7961
731.379,7960
731.403,7959
731.56,7958
731.587,7957
731.709,7956
731.804,7955
731.838,7954
731.877,7953
732.066,7952
732.175,7951
732.189,7950
732.221,7949
732.288,7948
732.324,7947
732.386,7946
732.398,7945
732.436,7944
732.629,7943
732.644,7942
732.803,7941
732.816,7940
733.012,7939
733.044,7938
733.116,7937
733.208,7936
733.317,7935
733.406,7934
733.609,7933
733.692,7932
733.707,7931
733.764,7930
733.891,7929
733.949,7928
733.975,7927
734.055,7926
734.276,7925
734.36,7924
734.398,7923
734.416,7922
734.486,7921
734.503,7920
734.596,7919
734.634,7918
734.685,7917
734.735,7916
734.829,7915
734.829,7914
734.85,7913
734.917,7912
734.933,7911
735.04,7910
735.57,7909
735.856,7908
735.935,7907
735.973,7906
736.302,7905
736.314,7904
736.455,7903
736.582,7902
736.611,7901
736.621,7900
736.653,7899
736.664,7898
736.668,7897
736.945,7896
736.966,7895
736.981,7894
737.069,7893
737.304,7892
737.336,7891
737.43,7890
737.985,7889
738.029,7888
738.046,7887
738.049,7886
738.146,7885
738.322,7884
738.399,7883
738.456,7882
738.461,7881
738.539,7880
738.593,7879
738.619,7878
738.71,7877
738.922,7876
739.229,7875
739.247,7874
739.3,7873
739.513,7872
739.671,7871
739.698,7870
739.794,7869
739.797,7868
740.016,7867
740.047,7866
740.095,7865
740.159,7864
740.207,7863
740.227,7862
740.394,7861
740.478,7860
740.49,7859
740.544,7858
740.659,7857
740.659,7856
740.688,7855
740.703,7854
740.789,7853
741.035,7852
741.059,7851
741.145,7850
741.164,7849
741.165,7848
741.177,7847
741.182,7846
741.362,7845
741.364,7844
741.389,7843
741.398,7842
741.504,7841
741.53,7840
741.574,7839
741.602,7838
741.729,7837
741.764,7836
741.887,7835
742.012,7834
742.018,7833
742.106,7832
742.116,7831
742.133,7830
742.212,7829
742.267,7828
742.321,7827
742.577,7826
742.656,7825
742.697,7824
742.76,7823
742.974,7822
743.041,7821
743.09,7820
743.101,7819
743.149,7818
743.154,7817
743.446,7816
743.578,7815
743.605,7814
743.671,7813
744.05,7812
744.16,7811
744.177,7810
744.223,7809
744.242,7808
744.263,7807
744.321,7806
744.425,7805
744.533,7804
744.558,7803
744.673,7802
744.674,7801
744.721,7800
744.741,7799
744.862,7798
745.064,7797
745.225,7796
745.23,7795
745.333,7794
745.361,7793
745.373,7792
745.475,7791
745.529,7790
745.536,7789
745.601,7788
745.615,7787
745.629,7786
745.725,7785
745.74,7784
745.967,7783
745.968,7782
746.247,7781
746.38,7780
746.398,7779
746.567,7778
746.739,7777
746.858,7776
747.012,7775
747.023,7774
747.038,7773
747.051,7772
747.096,7771
747.126,7770
747.298,7769
747.301,7768
747.509,7767
747.804,7766
747.842,7765
747.975,7764
748.147,7763
748.318,7762
748.394,7761
748.484,7760
748.541,7759
748.592,7758
748.663,7757
748.674,7756
748.781,7755
748.972,7754
749.007,7753
749.107,7752
749.14,7751
749.148,7750
749.205,7749
749.44,7748
749.53,7747
749.658,7746
749.675,7745
749.795,7744
749.892,7743
750.027,7742
750.052,7741
750.105,7740
750.136,7739
750.175,7738
750.314,7737
750.388,7736
750.429,7735
750.574,7734
750.619,7733
750.811,7732
750.885,7731
751.154,7730
751.201,7729
751.426,7728
751.461,7727
751.63,7726
751.688,7725
751.714,7724
751.885,7723
752.01,7722
752.018,7721
752.082,7720
752.096,7719
752.167,7718
752.197,7717
752.277,7716
752.371,7715
752.395,7714
752.566,7713
752.575,7712
752.627,7711
752.653,7710
752.685,7709
752.685,7708
752.746,7707
752.852,7706
752.976,7705
753.122,7704
753.265,7703
753.319,7702
753.385,7701
753.586,7700
753.783,7699
754.015,7698
754.156,7697
754.171,7696
754.206,7695
754.317,7694
754.348,7693
754.362,7692
754.605,7691
754.654,7690
754.699,7689
754.8,7688
754.823,7687
754.862,7686
754.984,7685
755.045,7684
755.059,7683
755.164,7682
755.219,7681
755.68,7680
755.808,7679
755.827,7678
755.961,7677
756.029,7676
756.097,7675
756.19,7674
756.333,7673
756.7,7672
756.955,7671
757.03,7670
757.196,7669
757.235,7668
757.371,7667
757.504,7666
757.54,7665
757.692,7664
757.735,7663
757.766,7662
757.964,7661
758.033,7660
758.057,7659
758.113,7658
758.222,7657
758.246,7656
758.71,7655
758.939,7654
758.983,7653
759.126,7652
759.456,7651
759.623,7650
759.808,7649
759.906,7648
759.917,7647
759.977,7646
759.981,7645
760.05,7644
760.05,7643
760.237,7642
760.411,7641
760.631,7640
760.689,7639
760.706,7638
760.82,7637
760.939,7636
761.05,7635
761.192,7634
761.35,7633
761.351,7632
761.426,7631
761.428,7630
761.477,7629
761.525,7628
761.53,7627
761.63,7626
761.688,7625
761.878,7624
761.9,7623
761.95,7622
762.07,7621
762.281,7620
762.308,7619
762.317,7618
762.317,7617
762.384,7616
762.536,7615
762.544,7614
762.571,7613
762.936,7612
762.993,7611
763.091,7610
763.092,7609
763.132,7608
763.181,7607
763.216,7606
763.27,7605
763.344,7604
763.432,7603
763.462,7602
763.556,7601
763.564,7600
763.564,7599
763.599,7598
763.638,7597
763.683,7596
763.776,7595
763.78,7594
763.787,7593
763.911,7592
763.992,7591
764.08,7590
764.084,7589
764.141,7588
764.214,7587
764.28,7586
764.346,7585
764.361,7584
764.372,7583
764.389,7582
764.492,7581
764.548,7580
764.708,7579
764.816,7578
764.826,7577
764.841,7576
764.876,7575
764.881,7574
764.911,7573
764.957,7572
765.06,7571
765.342,7570
765.396,7569
765.423,7568
765.425,7567
765.489,7566
765.565,7565
765.586,7564
765.707,7563
765.806,7562
766.106,7561
766.118,7560
766.192,7559
766.284,7558
766.494,7557
766.579,7556
766.611,7555
766.676,7554
766.696,7553
766.783,7552
766.885,7551
767.105,7550
767.168,7549
767.208,7548
767.23,7547
767.298,7546
767.299,7545
767.351,7544
767.443,7543
767.449,7542
767.453,7541
767.599,7540
767.617,7539
767.739,7538
767.86,7537
767.868,7536
767.918,7535
768.001,7534
768.153,7533
768.497,7532
768.656,7531
768.703,7530
768.82,7529
768.914,7528
768.929,7527
768.934,7526
769.003,7525
769.036,7524
769.058,7523
769.065,7522
769.072,7521
769.095,7520
769.272,7519
769.32,7518
769.407,7517
769.47,7516
769.557,7515
769.616,7514
769.729,7513
769.897,7512
769.899,7511
769.922,7510
769.933,7509
769.959,7508
770.19,7507
770.364,7506
770.481,7505
770.511,7504
770.59,7503
770.61,7502
770.665,7501
770.826,7500
770.859,7499
770.902,7498
770.912,7497
770.948,7496
770.978,7495
771.137,7494
771.249,7493
771.292,7492
771.327,7491
771.494,7490
771.607,7489
771.626,7488
771.654,7487
771.678,7486
771.994,7485
772.014,7484
772.127,7483
772.203,7482
772.21,7481
772.308,7480
772.354,7479
772.432,7478
772.515,7477
772.538,7476
772.65,7475
772.673,7474
772.747,7473
772.95,7472
772.968,7471
773.216,7470
773.47,7469
773.489,7468
773.511,7467
773.631,7466
773.715,7465
773.736,7464
773.787,7463
773.821,7462
773.946,7461
774.222,7460
774.315,7459
774.32,7458
774.412,7457
774.59,7456
774.608,7455
774.796,7454
774.941,7453
774.941,7452
774.953,7451
775.055,7450
775.242,7449
775.288,7448
775.349,7447
775.366,7446
775.463,7445
775.463,7444
775.464,7443
775.604,7442
775.662,7441
775.682,7440
775.724,7439
775.788,7438
775.82,7437
775.969,7436
775.991,7435
776.153,7434
776.215,7433
776.227,7432
776.342,7431
776.413,7430
776.498,7429
776.509,7428
776.549,7427
776.604,7426
776.76,7425
776.906,7424
776.915,7423
776.958,7422
777.008,7421
777.057,7420
777.114,7419
777.114,7418
777.245,7417
777.294,7416
777.321,7415
777.326,7414
777.454,7413
777.508,7412
777.516,7411
777.559,7410
777.618,7409
777.628,7408
777.631,7407
777.698,7406
777.791,7405
777.839,7404
777.995,7403
778.133,7402
778.302,7401
778.305,7400
778.321,7399
778.391,7398
778.485,7397
778.494,7396
778.648,7395
778.686,7394
778.694,7393
778.829,7392
778.959,7391
778.967,7390
779.22,7389
779.228,7388
779.231,7387
779.244,7386
779.281,7385
779.281,7384
779.396,7383
779.418,7382
779.436,7381
779.454,7380
779.546,7379
779.55,7378
779.591,7377
779.735,7376
779.899,7375
780.066,7374
780.078,7373
780.163,7372
780.209,7371
780.229,7370
780.383,7369
780.528,7368
780.537,7367
780.935,7366
780.95,7365
780.968,7364
781.214,7363
781.317,7362
781.317,7361
781.361,7360
781.46,7359
781.461,7358
781.576,7357
781.598,7356
781.643,7355
781.664,7354
781.748,7353
781.787,7352
782.084,7351
782.123,7350
782.202,7349
782.235,7348
782.335,7347
782.339,7346
782.351,7345
782.571,7344
782.578,7343
782.609,7342
782.755,7341
782.792,7340
782.848,7339
782.863,7338
783.037,7337
783.062,7336
783.083,7335
783.24,7334
783.379,7333
783.443,7332
783.458,7331
783.564,7330
783.646,7329
783.768,7328
783.808,7327
783.821,7326
783.846,7325
783.97,7324
784.155,7323
784.31,7322
784.619,7321
784.63,7320
784.662,7319
784.8,7318
784.819,7317
784.854,7316
785.011,7315
785.03,7314
785.039,7313
785.074,7312
785.224,7311
785.29,7310
785.347,7309
785.404,7308
785.434,7307
785.517,7306
785.631,7305
785.677,7304
785.754,7303
785.796,7302
785.82,7301
785.891,7300
785.893,7299
785.901,7298
785.916,7297
785.923,7296
785.936,7295
785.996,7294
786.059,7293
786.073,7292
786.095,7291
786.181,7290
786.206,7289
786.602,7288
786.602,7287
786.706,7286
786.715,7285
786.747,7284
786.752,7283
786.817,7282
786.842,7281
786.939,7280
787.05,7279
787.084,7278
787.099,7277
787.113,7276
787.565,7275
787.624,7274
787.724,7273
787.75,7272
787.875,7271
788.155,7270
788.21,7269
788.362,7268
788.433,7267
788.636,7266
788.72,7265
788.779,7264
788.788,7263
788.9,7262
788.962,7261
788.964,7260
788.967,7259
788.999,7258
789.073,7257
789.127,7256
789.131,7255
789.178,7254
789.215,7253
789.236,7252
789.325,7251
789.343,7250
789.399,7249
789.423,7248
789.614,7247
789.671,7246
789.958,7245
790.008,7244
790.03,7243
790.097,7242
790.172,7241
790.193,7240
790.193,7239
790.196,7238
790.248,7237
790.298,7236
790.345,7235
790.348,7234
790.403,7233
790.428,7232
790.432,7231
790.493,7230
790.827,7229
790.863,7228
790.957,7227
790.972,7226
791.102,7225
791.174,7224
791.236,7223
791.398,7222
791.475,7221
791.48,7220
791.53,7219
791.602,7218
791.604,7217
791.619,7216
791.668,7215
791.753,7214
791.834,7213
791.988,7212
792.002,7211
792.055,7210
792.079,7209
792.095,7208
792.141,7207
792.154,7206
792.192,7205
792.249,7204
792.355,7203
792.454,7202
792.469,7201
792.516,7200
792.536,7199
792.551,7198
792.621,7197
792.735,7196
792.743,7195
792.799,7194
792.899,7193
792.922,7192
793.028,7191
793.074,7190
793.205,7189
793.33,7188
793.374,7187
793.476,7186
793.499,7185
793.599,7184
793.77,7183
793.822,7182
793.92,7181
794.008,7180
794.071,7179
794.074,7178
794.188,7177
794.223,7176
794.229,7175
794.236,7174
794.269,7173
794.299,7172
794.38,7171
794.424,7170
794.44,7169
794.496,7168
794.615,7167
794.705,7166
794.836,7165
794.996,7164
795.048,7163
795.052,7162
795.096,7161
795.108,7160
795.152,7159
795.391,7158
795.539,7157
795.594,7156
795.62,7155
795.628,7154
795.69,7153
795.7,7152
795.941,7151
795.969,7150
796.006,7149
796.115,7148
796.133,7147
796.264,7146
796.513,7145
796.535,7144
796.723,7143
796.725,7142
796.794,7141
796.9,7140
796.958,7139
796.991,7138
797.022,7137
797.328,7136
797.475,7135
797.543,7134
797.598,7133
797.671,7132
797.714,7131
797.733,7130
797.795,7129
797.838,7128
797.931,7127
798.024,7126
798.045,7125
798.185,7124
798.502,7123
798.557,7122
798.598,7121
798.615,7120
798.714,7119
798.821,7118
798.888,7117
798.917,7116
798.943,7115
798.974,7114
799.005,7113
799.067,7112
799.101,7111
799.135,7110
799.273,7109
799.347,7108
799.453,7107
799.631,7106
799.637,7105
799.67,7104
799.75,7103
799.755,7102
799.813,7101
799.816,7100
799.86,7099
799.999,7098
800.343,7097
800.445,7096
800.549,7095
800.639,7094
800.722,7093
800.769,7092
800.832,7091
800.957,7090
800.965,7089
801.044,7088
801.092,7087
801.166,7086
801.183,7085
801.189,7084
801.273,7083
801.32,7082
801.339,7081
801.456,7080
801.494,7079
801.525,7078
801.64,7077
801.939,7076
801.988,7075
801.996,7074
802.032,7073
802.148,7072
802.179,7071
802.258,7070
802.378,7069
802.646,7068
802.649,7067
802.838,7066
802.882,7065
802.932,7064
802.934,7063
802.949,7062
802.968,7061
802.973,7060
803.035,7059
803.291,7058
803.3,7057
803.333,7056
803.352,7055
803.398,7054
803.42,7053
803.622,7052
803.642,7051
803.662,7050
803.673,7049
803.693,7048
803.781,7047
803.853,7046
803.896,7045
803.907,7044
804.007,7043
804.024,7042
804.061,7041
804.065,7040
804.196,7039
804.264,7038
804.301,7037
804.309,7036
804.315,7035
804.352,7034
804.361,7033
804.369,7032
804.464,7031
804.663,7030
804.676,7029
804.95,7028
805.029,7027
805.036,7026
805.142,7025
805.346,7024
805.378,7023
805.411,7022
805.545,7021
805.618,7020
805.645,7019
805.734,7018
805.799,7017
805.828,7016
805.946,7015
805.993,7014
806.309,7013
806.318,7012
806.368,7011
806.422,7010
806.45,7009
806.527,7008
806.536,7007
806.698,7006
806.724,7005
806.902,7004
806.946,7003
806.998,7002
807.109,7001
807.109,7000
807.161,6999
807.168,6998
807.406,6997
807.554,6996
807.624,6995
807.688,6994
807.774,6993
807.782,6992
807.82,6991
807.851,6990
807.897,6989
807.907,6988
807.94,6987
808.329,6986
808.358,6985
808.633,6984
808.72,6983
808.739,6982
808.75,6981
808.79,6980
808.845,6979
808.858,6978
808.879,6977
808.928,6976
808.943,6975
808.981,6974
809.092,6973
809.111,6972
809.132,6971
809.19,6970
809.419,6969
809.422,6968
809.43,6967
809.451,6966
809.529,6965
809.571,6964
809.618,6963
810.036,6962
810.054,6961
810.135,6960
810.195,6959
810.267,6958
810.279,6957
810.296,6956
810.298,6955
810.42,6954
810.506,6953
810.633,6952
810.649,6951
810.683,6950
810.736,6949
810.739,6948
810.77,6947
810.789,6946
810.879,6945
810.894,6944
811.228,6943
811.236,6942
811.399,6941
811.415,6940
811.494,6939
811.513,6938
811.55,6937
811.852,6936
811.944,6935
811.97,6934
812.042,6933
812.097,6932
812.103,6931
812.141,6930
812.171,6929
812.229,6928
812.386,6927
812.397,6926
812.41,6925
812.472,6924
812.526,6923
812.55,6922
812.581,6921
812.589,6920
812.615,6919
812.619,6918
812.629,6917
812.664,6916
812.664,6915
812.741,6914
812.825,6913
812.967,6912
813.025,6911
813.073,6910
813.105,6909
813.181,6908
813.231,6907
813.234,6906
813.26,6905
813.277,6904
813.298,6903
813.304,6902
813.379,6901
813.508,6900
813.593,6899
813.872,6898
813.901,6897
814.089,6896
814.249,6895
814.274,6894
814.382,6893
814.382,6892
814.389,6891
814.442,6890
814.598,6889
814.683,6888
814.692,6887
814.755,6886
814.807,6885
814.876,6884
814.943,6883
815.222,6882
815.24,6881
815.267,6880
815.499,6879
815.562,6878
815.692,6877
815.728,6876
815.847,6875
815.896,6874
815.932,6873
815.982,6872
816.236,6871
816.323,6870
816.355,6869
816.391,6868
816.461,6867
816.475,6866
816.478,6865
816.564,6864
816.631,6863
816.727,6862
816.81,6861
816.903,6860
816.959,6859
816.961,6858
817.329,6857
817.37,6856
817.387,6855
817.414,6854
817.444,6853
817.498,6852
817.574,6851
817.578,6850
817.583,6849
817.594,6848
817.605,6847
817.656,6846
817.716,6845
817.725,6844
817.73,6843
817.841,6842
817.846,6841
817.852,6840
817.965,6839
818.003,6838
818.065,6837
818.074,6836
818.098,6835
818.121,6834
818.127,6833
818.225,6832
818.413,6831
818.553,6830
818.63,6829
818.683,6828
818.692,6827
819.023,6826
819.191,6825
819.281,6824
819.291,6823
819.366,6822
819.423,6821
819.467,6820
819.512,6819
819.564,6818
819.623,6817
819.72,6816
819.864,6815
820.04,6814
820.047,6813
820.061,6812
820.11,6811
820.219,6810
820.238,6809
820.242,6808
820.253,6807
820.38,6806
820.392,6805
820.393,6804
820.524,6803
820.549,6802
820.561,6801
820.616,6800
820.662,6799
820.682,6798
820.707,6797
820.717,6796
820.733,6795
820.929,6794
820.958,6793
821.025,6792
821.184,6791
821.266,6790
821.286,6789
821.325,6788
821.365,6787
821.452,6786
821.603,6785
821.625,6784
821.71,6783
821.836,6782
821.863,6781
821.901,6780
821.947,6779
822.022,6778
822.067,6777
822.186,6776
822.307,6775
822.308,6774
822.315,6773
822.34,6772
822.358,6771
822.542,6770
822.586,6769
822.597,6768
822.625,6767
822.748,6766
822.769,6765
822.803,6764
822.804,6763
823.143,6762
823.185,6761
823.221,6760
823.237,6759
823.311,6758
823.398,6757
823.435,6756
823.505,6755
823.615,6754
823.708,6753
823.961,6752
823.977,6751
824.014,6750
824.262,6749
824.365,6748
824.448,6747
824.451,6746
824.489,6745
824.713,6744
825.005,6743
825.009,6742
825.242,6741
825.259,6740
825.335,6739
825.35,6738
825.423,6737
825.517,6736
825.526,6735
825.527,6734
825.584,6733
825.637,6732
825.745,6731
825.783,6730
825.855,6729
825.878,6728
825.998,6727
826.117,6726
826.153,6725
826.166,6724
826.268,6723
826.302,6722
826.305,6721
826.391,6720
826.54,6719
826.556,6718
826.56,6717
826.571,6716
826.621,6715
826.637,6714
826.642,6713
826.712,6712
826.779,6711
826.858,6710
826.867,6709
826.952,6708
827.046,6707
827.15,6706
827.233,6705
827.239,6704
827.444,6703
827.595,6702
827.803,6701
827.875,6700
827.922,6699
827.948,6698
827.955,6697
828.005,6696
828.025,6695
828.127,6694
828.352,6693
828.405,6692
828.477,6691
828.601,6690
828.744,6689
828.748,6688
828.815,6687
828.86,6686
828.907,6685
828.999,6684
829.19,6683
829.207,6682
829.26,6681
829.311,6680
829.402,6679
829.403,6678
829.621,6677
829.766,6676
829.807,6675
829.846,6674
829.89,6673
829.979,6672
829.991,6671
830.16,6670
830.228,6669
830.271,6668
830.461,6667
830.576,6666
830.603,6665
830.779,6664
830.802,6663
830.967,6662
830.977,6661
831.015,6660
831.11,6659
831.133,6658
831.19,6657
831.397,6656
831.46,6655
831.465,6654
831.505,6653
831.535,6652
831.552,6651
831.571,6650
831.655,6649
831.726,6648
831.798,6647
831.804,6646
831.807,6645
831.942,6644
832.017,6643
832.163,6642
832.169,6641
832.25,6640
832.286,6639
832.44,6638
832.69,6637
832.696,6636
832.771,6635
832.872,6634
832.873,6633
832.932,6632
832.976,6631
833.044,6630
833.331,6629
833.403,6628
833.478,6627
833.511,6626
833.555,6625
833.636,6624
833.646,6623
833.673,6622
833.774,6621
834.234,6620
834.26,6619
834.289,6618
834.31,6617
834.328,6616
834.537,6615
834.603,6614
834.63,6613
834.666,6612
834.669,6611
834.842,6610
834.859,6609
835.205,6608
835.296,6607
835.435,6606
835.46,6605
835.516,6604
835.548,6603
835.716,6602
835.795,6601
835.825,6600
835.858,6599
836.19,6598
836.386,6597
836.397,6596
836.428,6595
836.508,6594
836.589,6593
836.593,6592
836.63,6591
836.634,6590
836.643,6589
836.68,6588
836.866,6587
836.867,6586
836.943,6585
836.97,6584
837.061,6583
837.099,6582
837.163,6581
837.166,6580
837.249,6579
837.304,6578
837.336,6577
837.438,6576
837.484,6575
837.512,6574
837.518,6573
837.569,6572
837.619,6571
837.634,6570
837.666,6569
837.719,6568
837.749,6567
837.827,6566
838.169,6565
838.244,6564
838.272,6563
838.319,6562
838.381,6561
838.382,6560
838.403,6559
838.434,6558
838.505,6557
838.554,6556
838.59,6555
838.653,6554
838.81,6553
838.82,6552
838.871,6551
838.972,6550
838.99,6549
838.991,6548
839.038,6547
839.05,6546
839.109,6545
839.164,6544
839.228,6543
839.273,6542
839.373,6541
839.384,6540
839.511,6539
839.543,6538
839.563,6537
839.633,6536
839.664,6535
839.765,6534
839.87,6533
839.909,6532
839.96,6531
840.028,6530
840.036,6529
840.052,6528
840.096,6527
840.103,6526
840.127,6525
840.272,6524
840.348,6523
840.413,6522
840.417,6521
840.426,6520
840.467,6519
840.482,6518
840.617,6517
840.735,6516
840.744,6515
840.83,6514
840.852,6513
841.045,6512
841.108,6511
841.118,6510
841.148,6509
841.17,6508
841.242,6507
841.309,6506
841.453,6505
841.773,6504
841.775,6503
841.822,6502
841.851,6501
841.872,6500
841.928,6499
841.999,6498
842.034,6497
842.202,6496
842.281,6495
842.292,6494
842.339,6493
842.361,6492
842.524,6491
842.538,6490
842.76,6489
842.766,6488
843.007,6487
843.027,6486
843.029,6485
843.108,6484
843.323,6483
843.35,6482
843.402,6481
843.63,6480
843.659,6479
843.709,6478
843.75,6477
843.763,6476
843.8,6475
843.838,6474
843.843,6473
843.916,6472
843.937,6471
843.99,6470
844.101,6469
844.166,6468
844.217,6467
844.263,6466
844.303,6465
844.476,6464
844.523,6463
844.602,6462
844.633,6461
844.851,6460
845.079,6459
845.106,6458
845.133,6457
845.188,6456
845.202,6455
845.278,6454
845.284,6453
845.303,6452
845.355,6451
845.389,6450
845.466,6449
845.564,6448
845.59,6447
845.67,6446
845.673,6445
845.93,6444
845.93,6443
846.132,6442
846.157,6441
846.227,6440
846.437,6439
846.443,6438
846.502,6437
846.536,6436
846.561,6435
846.658,6434
846.693,6433
846.703,6432
846.711,6431
846.845,6430
846.99,6429
847.032,6428
847.042,6427
847.062,6426
847.074,6425
847.118,6424
847.148,6423
847.152,6422
847.156,6421
847.257,6420
847.301,6419
847.392,6418
847.429,6417
847.523,6416
847.565,6415
847.639,6414
847.724,6413
847.743,6412
847.883,6411
847.891,6410
848.01,6409
848.056,6408
848.077,6407
848.238,6406
848.256,6405
848.292,6404
848.3,6403
848.334,6402
848.379,6401
848.382,6400
848.408,6399
848.422,6398
848.482,6397
848.564,6396
848.706,6395
848.735,6394
848.782,6393
848.909,6392
849.034,6391
849.06,6390
849.069,6389
849.109,6388
849.188,6387
849.227,6386
849.242,6385
849.444,6384
849.536,6383
849.57,6382
849.626,6381
849.687,6380
849.689,6379
849.766,6378
849.856,6377
849.973,6376
849.986,6375
850.019,6374
850.038,6373
850.077,6372
850.114,6371
850.115,6370
850.157,6369
850.175,6368
850.382,6367
850.515,6366
850.613,6365
850.739,6364
850.904,6363
850.977,6362
851.024,6361
851.059,6360
851.106,6359
851.132,6358
851.209,6357
851.37,6356
851.376,6355
851.403,6354
851.46,6353
851.517,6352
851.603,6351
851.612,6350
851.912,6349
851.922,6348
851.954,6347
852.001,6346
852.035,6345
852.175,6344
852.227,6343
852.293,6342
852.328,6341
852.374,6340
852.446,6339
852.512,6338
852.712,6337
852.736,6336
852.755,6335
852.796,6334
852.987,6333
853.013,6332
853.017,6331
853.141,6330
853.175,6329
853.178,6328
853.225,6327
853.349,6326
853.387,6325
853.423,6324
853.451,6323
853.453,6322
853.551,6321
853.585,6320
853.671,6319
853.699,6318
853.856,6317
853.998,6316
854.161,6315
854.297,6314
854.325,6313
854.426,6312
854.507,6311
854.528,6310
854.64,6309
854.792,6308
854.804,6307
854.915,6306
855.014,6305
855.099,6304
855.3,6303
855.325,6302
855.402,6301
855.445,6300
855.597,6299
855.607,6298
855.616,6297
855.676,6296
855.886,6295
856.04,6294
856.076,6293
856.169,6292
856.384,6291
856.416,6290
856.43,6289
856.492,6288
856.524,6287
856.553,6286
856.56,6285
856.613,6284
856.696,6283
856.716,6282
856.734,6281
856.785,6280
856.858,6279
856.862,6278
857.104,6277
857.2,6276
857.311,6275
857.376,6274
857.468,6273
857.598,6272
857.619,6271
857.677,6270
857.771,6269
857.798,6268
857.805,6267
857.834,6266
857.872,6265
857.906,6264
857.939,6263
857.966,6262
858.034,6261
858.098,6260
858.106,6259
858.119,6258
858.13,6257
858.136,6256
858.151,6255
858.186,6254
858.25,6253
858.274,6252
858.296,6251
858.328,6250
858.355,6249
858.36,6248
858.606,6247
858.607,6246
858.759,6245
858.76,6244
858.775,6243
858.804,6242
858.945,6241
859.012,6240
859.096,6239
859.144,6238
859.157,6237
859.171,6236
859.181,6235
859.201,6234
859.324,6233
859.432,6232
859.467,6231
859.662,6230
859.701,6229
859.748,6228
859.779,6227
859.851,6226
859.896,6225
860.031,6224
860.072,6223
860.097,6222
860.284,6221
860.41,6220
860.436,6219
860.464,6218
860.529,6217
860.535,6216
860.716,6215
860.776,6214
860.874,6213
860.963,6212
861.154,6211
861.182,6210
861.291,6209
861.373,6208
861.422,6207
861.434,6206
861.499,6205
861.611,6204
861.661,6203
861.809,6202
861.879,6201
861.906,6200
861.961,6199
862.137,6198
862.184,6197
862.214,6196
862.327,6195
862.375,6194
862.438,6193
862.443,6192
862.545,6191
862.602,6190
862.725,6189
862.749,6188
862.766,6187
862.915,6186
862.965,6185
863.024,6184
863.041,6183
863.164,6182
863.29,6181
863.304,6180
863.322,6179
863.378,6178
863.483,6177
863.508,6176
863.606,6175
863.776,6174
863.829,6173
863.864,6172
864.076,6171
864.197,6170
864.226,6169
864.264,6168
864.363,6167
864.377,6166
864.387,6165
864.416,6164
864.442,6163
864.457,6162
864.517,6161
864.586,6160
864.702,6159
864.751,6158
864.76,6157
864.785,6156
864.898,6155
864.927,6154
864.928,6153
864.93,6152
864.942,6151
864.956,6150
864.973,6149
865.023,6148
865.05,6147
865.123,6146
865.36,6145
865.378,6144
865.496,6143
865.612,6142
865.632,6141
865.686,6140
865.94,6139
866.101,6138
866.128,6137
866.17,6136
866.174,6135
866.333,6134
866.355,6133
866.67,6132
866.889,6131
866.987,6130
867.019,6129
867.196,6128
867.213,6127
867.226,6126
867.275,6125
867.28,6124
867.389,6123
867.437,6122
867.469,6121
867.507,6120
867.556,6119
867.583,6118
867.596,6117
867.707,6116
867.804,6115
867.823,6114
867.912,6113
867.926,6112
868.074,6111
868.105,6110
868.162,6109
868.163,6108
868.172,6107
868.255,6106
868.317,6105
868.65,6104
868.653,6103
868.666,6102
868.672,6101
868.761,6100
868.771,6099
868.803,6098
868.828,6097
868.878,6096
868.899,6095
868.944,6094
868.965,6093
869.233,6092
869.377,6091
869.38,6090
869.38,6089
869.382,6088
869.412,6087
869.577,6086
869.877,6085
870.005,6084
870.161,6083
870.187,6082
870.189,6081
870.261,6080
870.441,6079
870.487,6078
870.509,6077
870.617,6076
870.663,6075
870.672,6074
870.678,6073
870.753,6072
870.767,6071
870.769,6070
870.781,6069
870.785,6068
870.793,6067
870.793,6066
870.89,6065
870.981,6064
871.096,6063
871.283,6062
871.299,6061
871.369,6060
871.391,6059
871.526,6058
871.613,6057
871.632,6056
871.833,6055
871.911,6054
871.921,6053
871.935,6052
871.966,6051
872.02,6050
872.046,6049
872.077,6048
872.08,6047
872.089,6046
872.121,6045
872.168,6044
872.216,6043
872.245,6042
872.315,6041
872.408,6040
872.474,6039
872.484,6038
872.513,6037
872.578,6036
872.676,6035
872.677,6034
872.802,6033
872.844,6032
872.952,6031
873.001,6030
873.268,6029
873.289,6028
873.298,6027
873.335,6026
873.433,6025
873.495,6024
873.532,6023
873.584,6022
873.664,6021
873.765,6020
873.829,6019
873.884,6018
873.894,6017
873.894,6016
873.966,6015
873.992,6014
874.028,6013
874.05,6012
874.081,6011
874.239,6010
874.241,6009
874.324,6008
874.346,6007
874.431,6006
874.441,6005
874.536,6004
874.538,6003
874.635,6002
874.752,6001
874.783,6000
874.812,5999
874.841,5998
874.86,5997
874.97,5996
874.991,5995
875.011,5994
875.241,5993
875.338,5992
875.366,5991
875.367,5990
875.367,5989
875.387,5988
875.477,5987
875.494,5986
875.529,5985
875.547,5984
875.69,5983
875.743,5982
875.75,5981
875.811,5980
875.82,5979
875.832,5978
875.832,5977
876.007,5976
876.037,5975
876.113,5974
876.153,5973
876.157,5972
876.302,5971
876.351,5970
876.472,5969
876.482,5968
876.525,5967
876.557,5966
876.611,5965
876.67,5964
876.767,5963
876.774,5962
876.924,5961
876.979,5960
876.989,5959
877.142,5958
877.201,5957
877.201,5956
877.293,5955
877.61,5954
877.781,5953
877.855,5952
878.032,5951
878.078,5950
878.181,5949
878.188,5948
878.201,5947
878.321,5946
878.429,5945
878.537,5944
878.544,5943
878.561,5942
878.644,5941
878.687,5940
878.703,5939
878.779,5938
878.797,5937
878.888,5936
878.953,5935
879.038,5934
879.214,5933
879.269,5932
879.579,5931
880.021,5930
880.022,5929
880.042,5928
880.079,5927
880.109,5926
880.161,5925
880.234,5924
880.35,5923
880.471,5922
880.545,5921
880.573,5920
880.633,5919
880.789,5918
880.945,5917
881.071,5916
881.093,5915
881.256,5914
881.305,5913
881.431,5912
881.502,5911
881.512,5910
881.713,5909
881.765,5908
881.773,5907
882.032,5906
882.07,5905
882.129,5904
882.202,5903
882.253,5902
882.253,5901
882.262,5900
882.267,5899
882.316,5898
882.328,5897
882.375,5896
882.392,5895
882.553,5894
882.628,5893
882.757,5892
882.771,5891
882.86,5890
883.015,5889
883.117,5888
883.158,5887
883.171,5886
883.18,5885
883.219,5884
883.28,5883
883.447,5882
883.525,5881
883.594,5880
883.601,5879
883.673,5878
883.696,5877
883.707,5876
883.793,5875
883.873,5874
883.889,5873
883.897,5872
883.916,5871
883.944,5870
883.996,5869
884.049,5868
884.25,5867
884.355,5866
884.409,5865
884.433,5864
884.439,5863
884.548,5862
884.548,5861
884.999,5860
885.129,5859
885.182,5858
885.237,5857
885.349,5856
885.455,5855
885.476,5854
885.484,5853
885.576,5852
885.624,5851
885.636,5850
885.744,5849
885.8,5848
885.866,5847
885.95,5846
885.963,5845
885.995,5844
885.996,5843
886.085,5842
886.088,5841
886.089,5840
886.168,5839
886.221,5838
886.258,5837
886.268,5836
886.32,5835
886.359,5834
886.363,5833
886.387,5832
886.461,5831
886.48,5830
886.586,5829
886.656,5828
886.665,5827
886.901,5826
886.975,5825
886.981,5824
886.986,5823
887.007,5822
887.02,5821
887.061,5820
887.071,5819
887.103,5818
887.106,5817
887.144,5816
887.158,5815
887.204,5814
887.532,5813
887.566,5812
887.579,5811
887.606,5810
887.609,5809
887.7,5808
887.735,5807
887.775,5806
887.786,5805
887.91,5804
888.043,5803
888.158,5802
888.21,5801
888.339,5800
888.349,5799
888.381,5798
888.42,5797
888.421,5796
888.486,5795
888.534,5794
888.583,5793
888.611,5792
888.645,5791
888.725,5790
888.928,5789
888.997,5788
889.049,5787
889.134,5786
889.143,5785
889.283,5784
889.283,5783
889.309,5782
889.349,5781
889.362,5780
889.378,5779
889.446,5778
889.552,5777
889.627,5776
889.638,5775
889.67,5774
889.78,5773
889.797,5772
889.806,5771
889.83,5770
889.872,5769
889.98,5768
890.012,5767
890.182,5766
890.24,5765
890.569,5764
890.577,5763
890.628,5762
890.637,5761
890.712,5760
890.738,5759
890.79,5758
890.837,5757
890.845,5756
890.854,5755
890.886,5754
890.937,5753
891.173,5752
891.291,5751
891.333,5750
891.411,5749
891.455,5748
891.625,5747
891.661,5746
891.834,5745
891.837,5744
891.898,5743
891.949,5742
892.065,5741
892.077,5740
892.108,5739
892.147,5738
892.236,5737
892.275,5736
892.415,5735
892.461,5734
892.49,5733
892.583,5732
892.723,5731
892.805,5730
892.832,5729
892.974,5728
893.077,5727
893.097,5726
893.389,5725
893.43,5724
893.477,5723
893.493,5722
893.513,5721
893.605,5720
893.616,5719
893.623,5718
893.682,5717
893.686,5716
893.702,5715
893.812,5714
893.839,5713
893.855,5712
893.895,5711
893.897,5710
893.903,5709
893.932,5708
893.941,5707
893.998,5706
893.999,5705
894.007,5704
894.02,5703
894.068,5702
894.184,5701
894.198,5700
894.25,5699
894.33,5698
894.349,5697
894.484,5696
894.538,5695
894.64,5694
894.692,5693
894.799,5692
894.852,5691
894.857,5690
894.916,5689
894.922,5688
894.993,5687
894.999,5686
895.033,5685
895.068,5684
895.189,5683
895.272,5682
895.293,5681
895.315,5680
895.467,5679
895.656,5678
895.683,5677
895.695,5676
895.726,5675
895.747,5674
895.753,5673
895.807,5672
895.829,5671
895.914,5670
895.934,5669
895.956,5668
896.067,5667
896.23,5666
896.263,5665
896.313,5664
896.353,5663
896.41,5662
896.554,5661
896.6,5660
896.608,5659
896.631,5658
896.683,5657
896.706,5656
896.794,5655
896.8,5654
896.82,5653
896.856,5652
896.861,5651
896.964,5650
897.145,5649
897.306,5648
897.494,5647
897.532,5646
897.583,5645
897.617,5644
897.728,5643
897.759,5642
897.922,5641
897.927,5640
897.943,5639
898.253,5638
898.262,5637
898.271,5636
898.29,5635
898.314,5634
898.376,5633
898.414,5632
898.416,5631
898.444,5630
898.474,5629
898.588,5628
898.8,5627
898.826,5626
898.935,5625
898.954,5624
899.037,5623
899.204,5622
899.228,5621
899.434,5620
899.494,5619
899.63,5618
899.661,5617
899.704,5616
899.962,5615
900.073,5614
900.118,5613
900.133,5612
900.305,5611
900.359,5610
900.406,5609
900.431,5608
900.443,5607
900.585,5606
900.702,5605
900.797,5604
900.84,5603
900.869,5602
900.985,5601
900.993,5600
901.12,5599
901.127,5598
901.324,5597
901.34,5596
901.377,5595
901.394,5594
901.479,5593
901.534,5592
901.582,5591
901.618,5590
901.62,5589
901.683,5588
901.72,5587
901.767,5586
901.943,5585
901.978,5584
902.042,5583
902.056,5582
902.082,5581
902.103,5580
902.103,5579
902.184,5578
902.235,5577
902.323,5576
902.345,5575
902.358,5574
902.434,5573
902.51,5572
902.519,5571
902.569,5570
902.59,5569
902.657,5568
902.711,5567
902.871,5566
903.269,5565
903.305,5564
903.352,5563
903.371,5562
903.54,5561
903.545,5560
903.634,5559
903.683,5558
903.702,5557
903.731,5556
903.902,5555
903.907,5554
903.952,5553
904.071,5552
904.079,5551
904.136,5550
904.153,5549
904.204,5548
904.232,5547
904.333,5546
904.362,5545
904.465,5544
904.486,5543
904.507,5542
904.69,5541
904.784,5540
904.787,5539
904.902,5538
904.965,5537
905.196,5536
905.204,5535
905.486,5534
905.494,5533
905.514,5532
905.557,5531
905.571,5530
905.661,5529
905.752,5528
905.794,5527
905.826,5526
905.876,5525
905.924,5524
906.054,5523
906.106,5522
906.125,5521
906.235,5520
906.27,5519
906.323,5518
906.362,5517
906.4,5516
906.487,5515
906.528,5514
906.55,5513
906.634,5512
906.667,5511
906.674,5510
906.716,5509
906.735,5508
906.75,5507
906.812,5506
906.843,5505
906.867,5504
907.009,5503
907.212,5502
907.323,5501
907.327,5500
907.377,5499
907.398,5498
907.452,5497
907.49,5496
907.864,5495
907.958,5494
907.962,5493
907.998,5492
908.025,5491
908.029,5490
908.032,5489
908.135,5488
908.209,5487
908.234,5486
908.336,5485
908.479,5484
908.48,5483
908.48,5482
908.493,5481
908.513,5480
908.517,5479
908.687,5478
908.834,5477
908.861,5476
908.879,5475
908.91,5474
908.962,5473
909.073,5472
909.102,5471
909.131,5470
909.145,5469
909.152,5468
909.162,5467
909.168,5466
909.193,5465
909.29,5464
909.374,5463
909.508,5462
909.657,5461
909.675,5460
909.796,5459
909.815,5458
909.824,5457
909.826,5456
909.904,5455
909.939,5454
909.978,5453
910.025,5452
910.057,5451
910.214,5450
910.267,5449
910.315,5448
910.331,5447
910.374,5446
910.434,5445
910.439,5444
910.445,5443
910.498,5442
910.558,5441
910.561,5440
910.66,5439
910.946,5438
910.946,5437
910.981,5436
911.052,5435
911.144,5434
911.262,5433
911.288,5432
911.292,5431
911.428,5430
911.444,5429
911.47,5428
911.488,5427
911.501,5426
911.517,5425
911.518,5424
911.672,5423
911.79,5422
911.896,5421
911.904,5420
911.918,5419
912.059,5418
912.179,5417
912.35,5416
912.398,5415
912.444,5414
912.487,5413
912.494,5412
912.601,5411
912.714,5410
912.774,5409
912.797,5408
913.065,5407
913.232,5406
913.252,5405
913.273,5404
913.353,5403
913.373,5402
913.421,5401
913.439,5400
913.654,5399
913.654,5398
913.698,5397
913.707,5396
913.709,5395
913.802,5394
913.967,5393
913.981,5392
914.167,5391
914.191,5390
914.364,5389
914.405,5388
914.418,5387
914.589,5386
914.607,5385
914.932,5384
915.007,5383
915.018,5382
915.026,5381
915.054,5380
915.054,5379
915.073,5378
915.103,5377
915.136,5376
915.152,5375
915.195,5374
915.197,5373
915.216,5372
915.228,5371
915.258,5370
915.37,5369
915.452,5368
915.46,5367
915.559,5366
915.673,5365
915.688,5364
915.694,5363
915.742,5362
915.892,5361
915.892,5360
915.911,5359
915.947,5358
915.981,5357
916.005,5356
916.067,5355
916.084,5354
916.168,5353
916.203,5352
916.267,5351
916.398,5350
916.518,5349
916.56,5348
916.578,5347
916.581,5346
916.702,5345
916.925,5344
916.965,5343
917.034,5342
917.04,5341
917.11,5340
917.23,5339
917.309,5338
917.377,5337
917.396,5336
917.524,5335
917.55,5334
917.572,5333
917.655,5332
917.786,5331
917.814,5330
917.896,5329
917.942,5328
917.995,5327
918.072,5326
918.088,5325
918.09,5324
918.09,5323
918.112,5322
918.113,5321
918.184,5320
918.206,5319
918.245,5318
918.295,5317
918.356,5316
918.366,5315
918.57,5314
918.574,5313
918.657,5312
918.744,5311
918.758,5310
918.789,5309
918.825,5308
918.996,5307
919.083,5306
919.267,5305
919.335,5304
919.351,5303
919.435,5302
919.539,5301
919.603,5300
919.607,5299
919.631,5298
919.633,5297
919.652,5296
919.871,5295
919.905,5294
919.966,5293
920.058,5292
920.106,5291
920.16,5290
920.171,5289
920.247,5288
920.341,5287
920.408,5286
920.531,5285
920.545,5284
920.57,5283
920.643,5282
920.757,5281
921.16,5280
921.32,5279
921.326,5278
921.526,5277
921.616,5276
921.64,5275
921.644,5274
921.792,5273
921.817,5272
921.972,5271
921.979,5270
921.997,5269
922.012,5268
922.02,5267
922.092,5266
922.094,5265
922.144,5264
922.397,5263
922.494,5262
922.528,5261
922.569,5260
922.57,5259
922.815,5258
922.862,5257
922.956,5256
922.998,5255
923.07,5254
923.112,5253
923.137,5252
923.224,5251
923.293,5250
923.401,5249
923.415,5248
923.61,5247
923.675,5246
923.714,5245
923.792,5244
923.798,5243
923.887,5242
923.941,5241
923.987,5240
924.056,5239
924.079,5238
924.08,5237
924.251,5236
924.257,5235
924.266,5234
924.282,5233
924.29,5232
924.371,5231
924.858,5230
924.868,5229
925.243,5228
925.358,5227
925.371,5226
925.414,5225
925.454,5224
925.506,5223
925.508,5222
925.537,5221
925.545,5220
925.643,5219
925.689,5218
925.752,5217
925.845,5216
925.846,5215
925.892,5214
925.985,5213
926.049,5212
926.142,5211
926.183,5210
926.207,5209
926.237,5208
926.242,5207
926.284,5206
926.305,5205
926.314,5204
926.385,5203
926.405,5202
926.523,5201
926.61,5200
926.668,5199
926.7,5198
926.853,5197
926.927,5196
927.209,5195
927.209,5194
927.242,5193
927.272,5192
927.306,5191
927.32,5190
927.348,5189
927.392,5188
927.461,5187
927.486,5186
927.568,5185
927.578,5184
927.596,5183
927.729,5182
927.806,5181
927.83,5180
927.858,5179
927.868,5178
927.909,5177
927.974,5176
928.038,5175
928.087,5174
928.339,5173
928.392,5172
928.414,5171
928.437,5170
928.495,5169
928.566,5168
928.732,5167
928.733,5166
928.804,5165
928.861,5164
928.96,5163
928.982,5162
928.982,5161
929.022,5160
929.075,5159
929.201,5158
929.238,5157
929.332,5156
929.39,5155
929.639,5154
929.676,5153
929.726,5152
929.762,5151
929.808,5150
929.976,5149
930.036,5148
930.11,5147
930.174,5146
930.22,5145
930.252,5144
930.338,5143
930.384,5142
930.391,5141
930.408,5140
930.414,5139
930.453,5138
930.521,5137
930.53,5136
930.593,5135
930.621,5134
930.653,5133
930.728,5132
930.869,5131
930.888,5130
930.912,5129
930.976,5128
930.997,5127
930.999,5126
931.022,5125
931.068,5124
931.089,5123
931.108,5122
931.175,5121
931.176,5120
931.268,5119
931.337,5118
931.374,5117
931.376,5116
931.388,5115
931.499,5114
931.572,5113
931.639,5112
931.676,5111
931.679,5110
931.771,5109
931.785,5108
931.829,5107
931.843,5106
931.869,5105
931.878,5104
932.12,5103
932.17,5102
932.282,5101
932.327,5100
932.391,5099
932.451,5098
932.492,5097
932.529,5096
932.534,5095
932.608,5094
932.616,5093
932.714,5092
932.716,5091
932.768,5090
932.797,5089
932.816,5088
932.819,5087
932.988,5086
933.069,5085
933.088,5084
933.132,5083
933.138,5082
933.19,5081
933.268,5080
933.453,5079
933.476,5078
933.51,5077
933.684,5076
934.083,5075
934.093,5074
934.112,5073
934.133,5072
934.144,5071
934.187,5070
934.196,5069
934.219,5068
934.363,5067
934.363,5066
934.405,5065
934.533,5064
934.67,5063
934.856,5062
934.957,5061
935.016,5060
935.037,5059
935.101,5058
935.186,5057
935.299,5056
935.376,5055
935.399,5054
935.467,5053
935.506,5052
935.527,5051
935.539,5050
935.543,5049
935.656,5048
935.726,5047
935.734,5046
935.738,5045
936.029,5044
936.055,5043
936.072,5042
936.098,5041
936.1,5040
936.219,5039
936.226,5038
936.283,5037
936.348,5036
936.408,5035
936.483,5034
936.528,5033
936.624,5032
936.631,5031
936.736,5030
936.755,5029
936.842,5028
936.912,5027
937.046,5026
937.193,5025
937.564,5024
937.589,5023
937.671,5022
937.89,5021
937.964,5020
938.068,5019
938.069,5018
938.163,5017
938.173,5016
938.186,5015
938.189,5014
938.354,5013
938.377,5012
938.38,5011
938.384,5010
938.478,5009
938.611,5008
938.621,5007
938.684,5006
938.704,5005
938.818,5004
938.866,5003
938.901,5002
939.046,5001
939.114,5000
939.182,4999
939.257,4998
939.259,4997
939.369,4996
939.421,4995
939.431,4994
939.522,4993
939.63,4992
939.633,4991
939.662,4990
939.801,4989
939.863,4988
939.953,4987
939.969,4986
940.01,4985
940.073,4984
940.09,4983
940.229,4982
940.309,4981
940.379,4980
940.494,4979
940.511,4978
940.53,4977
940.574,4976
940.589,4975
940.709,4974
940.735,4973
940.772,4972
940.85,4971
940.933,4970
940.993,4969
941.072,4968
941.259,4967
941.26,4966
941.286,4965
941.296,4964
941.304,4963
941.318,4962
941.352,4961
941.353,4960
941.45,4959
941.457,4958
941.473,4957
941.513,4956
941.572,4955
941.712,4954
942.093,4953
942.294,4952
942.388,4951
942.403,4950
942.5,4949
942.507,4948
942.523,4947
942.66,4946
942.727,4945
942.886,4944
942.9,4943
943.085,4942
943.104,4941
943.211,4940
943.263,4939
943.358,4938
943.426,4937
943.505,4936
943.518,4935
943.531,4934
943.547,4933
943.649,4932
943.728,4931
943.758,4930
943.764,4929
943.772,4928
943.803,4927
943.824,4926
943.847,4925
943.856,4924
943.928,4923
943.956,4922
944.02,4921
944.088,4920
944.227,4919
944.309,4918
944.392,4917
944.499,4916
944.58,4915
944.763,4914
944.788,4913
944.821,4912
944.827,4911
944.917,4910
945.047,4909
945.186,4908
945.207,4907
945.28,4906
945.325,4905
945.425,4904
945.59,4903
945.605,4902
945.645,4901
945.668,4900
945.718,4899
945.788,4898
945.845,4897
945.873,4896
945.916,4895
945.935,4894
945.951,4893
945.983,4892
945.992,4891
946.04,4890
946.043,4889
946.135,4888
946.163,4887
946.198,4886
946.268,4885
946.275,4884
946.56,4883
946.647,4882
946.851,4881
946.857,4880
946.908,4879
946.945,4878
947.089,4877
947.143,4876
947.145,4875
947.201,4874
947.205,4873
947.26,4872
947.281,4871
947.376,4870
947.514,4869
947.538,4868
947.617,4867
947.626,4866
947.628,4865
947.66,4864
947.698,4863
947.714,4862
947.811,4861
947.831,4860
947.859,4859
948.007,4858
948.085,4857
948.114,4856
948.118,4855
948.137,4854
948.193,4853
948.194,4852
948.207,4851
948.242,4850
948.274,4849
948.339,4848
948.48,4847
948.531,4846
948.553,4845
948.683,4844
948.734,4843
948.759,4842
948.8,4841
948.854,4840
948.917,4839
949.066,4838
949.068,4837
949.202,4836
949.255,4835
949.416,4834
949.441,4833
949.548,4832
949.577,4831
949.586,4830
949.643,4829
949.789,4828
949.897,4827
949.972,4826
950.014,4825
950.024,4824
950.057,4823
950.071,4822
950.085,4821
950.203,4820
950.269,4819
950.397,4818
950.485,4817
950.516,4816
950.628,4815
950.657,4814
950.777,4813
950.802,4812
950.856,4811
950.905,4810
950.96,4809
951.067,4808
951.278,4807
951.339,4806
951.365,4805
951.451,4804
951.454,4803
951.543,4802
951.55,4801
951.608,4800
951.616,4799
951.757,4798
951.759,4797
951.791,4796
951.8,4795
951.951,4794
952.2,4793
952.208,4792
952.221,4791
952.292,4790
952.414,4789
952.445,4788
952.445,4787
952.556,4786
952.576,4785
952.852,4784
952.876,4783
953.0,4782
953.117,4781
953.12,4780
953.204,4779
953.211,4778
953.259,4777
953.29,4776
953.309,4775
953.411,4774
953.429,4773
953.589,4772
953.686,4771
953.718,4770
953.801,4769
953.839,4768
954.076,4767
954.102,4766
954.274,4765
954.301,4764
954.306,4763
954.458,4762
954.469,4761
954.579,4760
954.609,4759
954.649,4758
954.761,4757
954.832,4756
954.908,4755
954.959,4754
955.103,4753
955.252,4752
955.296,4751
955.334,4750
955.387,4749
955.501,4748
955.587,4747
955.596,4746
955.635,4745
955.65,4744
955.72,4743
955.752,4742
955.837,4741
955.858,4740
955.869,4739
955.941,4738
955.952,4737
956.077,4736
956.138,4735
956.145,4734
956.182,4733
956.2,4732
956.265,4731
956.276,4730
956.396,4729
956.424,4728
956.659,4727
956.677,4726
956.681,4725
956.709,4724
956.713,4723
956.761,4722
956.775,4721
956.861,4720
956.927,4719
957.04,4718
957.117,4717
957.331,4716
957.337,4715
957.34,4714
957.43,4713
957.446,4712
957.453,4711
957.459,4710
957.47,4709
957.529,4708
957.544,4707
957.565,4706
957.586,4705
957.587,4704
957.723,4703
957.74,4702
958.166,4701
958.197,4700
958.271,4699
958.344,4698
958.435,4697
958.491,4696
958.509,4695
958.572,4694
958.597,4693
958.628,4692
958.652,4691
958.783,4690
958.876,4689
959.046,4688
959.12,4687
959.223,4686
959.254,4685
959.367,4684
959.45,4683
959.462,4682
959.621,4681
959.652,4680
959.694,4679
959.754,4678
959.761,4677
959.856,4676
959.914,4675
959.919,4674
959.935,4673
959.987,4672
960.032,4671
960.168,4670
960.196,4669
960.274,4668
960.335,4667
960.337,4666
960.649,4665
960.655,4664
960.711,4663
960.852,4662
960.886,4661
960.893,4660
960.906,4659
961.004,4658
961.069,4657
961.125,4656
961.266,4655
961.335,4654
961.355,4653
961.533,4652
961.558,4651
961.926,4650
961.932,4649
962.034,4648
962.116,4647
962.374,4646
962.39,4645
962.524,4644
962.576,4643
962.62,4642
962.642,4641
962.658,4640
962.668,4639
962.724,4638
962.783,4637
962.802,4636
962.838,4635
962.868,4634
963.134,4633
963.201,4632
963.238,4631
963.262,4630
963.31,4629
963.348,4628
963.483,4627
963.5,4626
963.598,4625
963.637,4624
963.646,4623
963.664,4622
963.712,4621
963.726,4620
963.822,4619
963.868,4618
963.911,4617
963.92,4616
964.188,4615
964.294,4614
964.597,4613
964.611,4612
964.63,4611
964.81,4610
964.855,4609
964.937,4608
965.012,4607
965.026,4606
965.071,4605
965.207,4604
965.215,4603
965.219,4602
965.24,4601
965.303,4600
965.328,4599
965.349,4598
965.35,4597
965.416,4596
965.667,4595
965.811,4594
965.931,4593
965.987,4592
966.066,4591
966.078,4590
966.126,4589
966.133,4588
966.238,4587
966.274,4586
966.452,4585
966.474,4584
966.603,4583
966.678,4582
966.711,4581
966.914,4580
966.92,4579
966.953,4578
966.983,4577
967.214,4576
967.231,4575
967.235,4574
967.278,4573
967.294,4572
967.356,4571
967.406,4570
967.447,4569
967.555,4568
967.559,4567
967.629,4566
967.7,4565
967.717,4564
967.841,4563
968.154,4562
968.224,4561
968.237,4560
968.253,4559
968.323,4558
968.617,4557
968.658,4556
968.669,4555
968.752,4554
968.861,4553
969.074,4552
969.119,4551
969.174,4550
969.279,4549
969.495,4548
969.689,4547
969.832,4546
969.835,4545
969.843,4544
969.943,4543
970.025,4542
970.04,4541
970.113,4540
970.233,4539
970.238,4538
970.241,4537
970.251,4536
970.299,4535
970.345,4534
970.427,4533
970.472,4532
970.488,4531
970.513,4530
970.516,4529
970.525,4528
970.595,4527
970.825,4526
971.045,4525
971.121,4524
971.126,4523
971.154,4522
971.321,4521
971.436,4520
971.437,4519
971.438,4518
971.539,4517
971.596,4516
971.659,4515
971.665,4514
971.676,4513
971.683,4512
971.717,4511
971.788,4510
971.824,4509
971.836,4508
972.151,4507
972.179,4506
972.226,4505
972.239,4504
972.347,4503
972.396,4502
972.442,4501
972.573,4500
972.769,4499
972.899,4498
972.937,4497
972.962,4496
973.053,4495
973.077,4494
973.515,4493
973.55,4492
973.62,4491
973.789,4490
973.814,4489
973.847,4488
973.892,4487
973.898,4486
974.017,4485
974.041,4484
974.108,4483
974.236,4482
974.337,4481
974.371,4480
974.376,4479
974.465,4478
974.614,4477
974.675,4476
974.698,4475
974.712,4474
974.744,4473
974.847,4472
974.93,4471
974.948,4470
974.983,4469
975.106,4468
975.181,4467
975.203,4466
975.319,4465
975.429,4464
975.506,4463
975.524,4462
975.57,4461
975.631,4460
975.651,4459
975.784,4458
975.785,4457
975.795,4456
975.885,4455
975.938,4454
975.963,4453
976.012,4452
976.016,4451
976.095,4450
976.188,4449
976.265,4448
976.315,4447
976.374,4446
976.472,4445
976.703,4444
976.726,4443
976.829,4442
976.974,4441
977.022,4440
977.056,4439
977.063,4438
977.162,4437
977.197,4436
977.271,4435
977.313,4434
977.647,4433
977.745,4432
977.748,4431
977.811,4430
977.831,4429
977.84,4428
977.971,4427
977.999,4426
978.032,4425
978.07,4424
978.224,4423
978.318,4422
978.36,4421
978.391,4420
978.426,4419
978.46,4418
978.498,4417
978.516,4416
978.621,4415
978.687,4414
978.752,4413
978.834,4412
978.875,4411
978.898,4410
978.903,4409
978.937,4408
979.104,4407
979.158,4406
979.244,4405
979.26,4404
979.275,4403
979.305,4402
979.429,4401
979.44,4400
979.843,4399
979.871,4398
979.902,4397
979.937,4396
980.015,4395
980.089,4394
980.116,4393
980.122,4392
980.134,4391
980.184,4390
980.237,4389
980.281,4388
980.305,4387
980.331,4386
980.338,4385
980.362,4384
980.367,4383
980.381,4382
980.502,4381
980.531,4380
980.541,4379
980.59,4378
980.63,4377
980.636,4376
980.674,4375
980.715,4374
980.719,4373
980.734,4372
980.746,4371
980.778,4370
980.814,4369
980.846,4368
980.929,4367
980.953,4366
981.298,4365
981.31,4364
981.341,4363
981.343,4362
981.358,4361
981.463,4360
981.529,4359
981.578,4358
981.606,4357
981.62,4356
981.643,4355
981.676,4354
981.749,4353
981.814,4352
981.829,4351
981.851,4350
981.882,4349
981.929,4348
981.978,4347
982.071,4346
982.25,4345
982.529,4344
982.611,4343
982.778,4342
982.78,4341
982.841,4340
982.849,4339
982.953,4338
982.995,4337
983.102,4336
983.116,4335
983.137,4334
983.149,4333
983.162,4332
983.307,4331
983.311,4330
983.524,4329
983.663,4328
983.682,4327
983.699,4326
984.145,4325
984.187,4324
984.195,4323
984.241,4322
984.35,4321
984.369,4320
984.398,4319
984.403,4318
984.715,4317
984.743,4316
984.775,4315
984.841,4314
984.991,4313
985.002,4312
985.034,4311
985.049,4310
985.065,4309
985.119,4308
985.217,4307
985.225,4306
985.31,4305
985.321,4304
985.445,4303
985.476,4302
985.554,4301
985.631,4300
985.748,4299
985.845,4298
985.952,4297
985.982,4296
986.065,4295
986.075,4294
986.085,4293
986.171,4292
986.183,4291
986.269,4290
986.284,4289
986.358,4288
986.445,4287
986.476,4286
986.539,4285
986.573,4284
986.574,4283
986.614,4282
986.726,4281
986.756,4280
986.84,4279
986.878,4278
986.905,4277
986.952,4276
986.961,4275
987.055,4274
987.103,4273
987.187,4272
987.326,4271
987.36,4270
987.431,4269
987.654,4268
987.713,4267
987.875,4266
987.953,4265
987.954,4264
988.095,4263
988.112,4262
988.131,4261
988.143,4260
988.171,4259
988.275,4258
988.384,4257
988.404,4256
988.488,4255
988.72,4254
988.778,4253
988.778,4252
988.851,4251
988.935,4250
988.95,4249
989.05,4248
989.09,4247
989.101,4246
989.201,4245
989.242,4244
989.38,4243
989.44,4242
989.499,4241
989.522,4240
989.622,4239
989.655,4238
989.738,4237
989.884,4236
989.984,4235
990.002,4234
990.059,4233
990.159,4232
990.159,4231
990.168,4230
990.203,4229
990.311,4228
990.41,4227
990.79,4226
990.866,4225
990.944,4224
990.987,4223
991.04,4222
991.066,4221
991.109,4220
991.215,4219
991.218,4218
991.321,4217
991.507,4216
991.509,4215
991.513,4214
991.525,4213
991.672,4212
991.801,4211
991.862,4210
991.863,4209
991.872,4208
991.915,4207
991.957,4206
991.977,4205
992.287,4204
992.417,4203
992.487,4202
992.493,4201
992.51,4200
992.633,4199
992.694,4198
992.757,4197
993.033,4196
993.066,4195
993.084,4194
993.179,4193
993.367,4192
993.369,4191
993.484,4190
993.568,4189
993.652,4188
993.692,4187
993.835,4186
993.891,4185
993.94,4184
994.143,4183
994.148,4182
994.422,4181
994.515,4180
994.524,4179
994.526,4178
994.562,4177
994.576,4176
994.629,4175
994.715,4174
994.908,4173
994.943,4172
995.057,4171
995.081,4170
995.125,4169
995.19,4168
995.252,4167
995.357,4166
995.421,4165
995.424,4164
995.484,4163
995.717,4162
995.718,4161
995.756,4160
995.924,4159
995.955,4158
995.969,4157
996.035,4156
996.185,4155
996.215,4154
996.248,4153
996.252,4152
996.272,4151
996.53,4150
996.707,4149
996.723,4148
996.743,4147
996.942,4146
997.016,4145
997.091,4144
997.138,4143
997.151,4142
997.165,4141
997.175,4140
997.178,4139
997.186,4138
997.196,4137
997.204,4136
997.295,4135
997.329,4134
997.368,4133
997.407,4132
997.436,4131
997.508,4130
997.817,4129
997.831,4128
997.834,4127
997.836,4126
997.851,4125
997.856,4124
997.86,4123
997.877,4122
997.9,4121
997.933,4120
997.938,4119
998.0,4118
998.041,4117
998.066,4116
998.074,4115
998.128,4114
998.289,4113
998.415,4112
998.421,4111
998.426,4110
998.493,4109
998.51,4108
998.526,4107
998.564,4106
998.584,4105
998.621,4104
998.651,4103
998.697,4102
998.769,4101
998.89,4100
998.974,4099
998.999,4098
999.064,4097
999.142,4096
999.143,4095
999.231,4094
999.243,4093
999.31,4092
999.423,4091
999.486,4090
999.626,4089
999.698,4088
999.788,4087
999.854,4086
999.876,4085
999.888,4084
999.972,4083
999.997,4082
1000.08,4081
1000.224,4080
1000.227,4079
1000.243,4078
1000.244,4077
1000.303,4076
1000.343,4075
1000.446,4074
1000.459,4073
1000.505,4072
1000.514,4071
1000.519,4070
1000.589,4069
1000.656,4068
1000.698,4067
1000.726,4066
1000.871,4065
1000.997,4064
1001.016,4063
1001.056,4062
1001.06,4061
1001.206,4060
1001.211,4059
1001.215,4058
1001.269,4057
1001.284,4056
1001.37,4055
1001.46,4054
1001.524,4053
1001.527,4052
1001.601,4051
1001.628,4050
1001.669,4049
1001.787,4048
1001.827,4047
1001.843,4046
1001.884,4045
1002.002,4044
1002.12,4043
1002.29,4042
1002.463,4041
1002.474,4040
1002.747,4039
1002.789,4038
1002.829,4037
1002.829,4036
1002.834,4035
1002.911,4034
1002.92,4033
1003.037,4032
1003.135,4031
1003.147,4030
1003.175,4029
1003.193,4028
1003.296,4027
1003.425,4026
1003.483,4025
1003.522,4024
1003.641,4023
1003.696,4022
1003.883,4021
1003.913,4020
1003.915,4019
1003.938,4018
1003.954,4017
1003.974,4016
1004.004,4015
1004.01,4014
1004.015,4013
1004.042,4012
1004.116,4011
1004.214,4010
1004.374,4009
1004.401,4008
1004.48,4007
1004.589,4006
1004.604,4005
1004.62,4004
1004.628,4003
1004.658,4002
1004.697,4001
1004.712,4000
1004.837,3999
1004.843,3998
1004.957,3997
1004.975,3996
1005.243,3995
1005.271,3994
1005.348,3993
1005.4,3992
1005.438,3991
1005.535,3990
1005.539,3989
1005.597,3988
1005.733,3987
1005.774,3986
1005.865,3985
1005.886,3984
1005.925,3983
1005.981,3982
1006.035,3981
1006.075,3980
1006.102,3979
1006.159,3978
1006.196,3977
1006.24,3976
1006.252,3975
1006.276,3974
1006.36,3973
1006.364,3972
1006.51,3971
1006.589,3970
1006.665,3969
1006.811,3968
1006.846,3967
1006.931,3966
1006.981,3965
1007.04,3964
1007.044,3963
1007.117,3962
1007.125,3961
1007.146,3960
1007.16,3959
1007.161,3958
1007.206,3957
1007.223,3956
1007.277,3955
1007.433,3954
1007.471,3953
1007.503,3952
1007.513,3951
1007.598,3950
1007.612,3949
1007.63,3948
1007.699,3947
1007.717,3946
1007.757,3945
1007.76,3944
1007.769,3943
1007.824,3942
1007.852,3941
1007.969,3940
1008.015,3939
1008.047,3938
1008.058,3937
1008.165,3936
1008.188,3935
1008.248,3934
1008.295,3933
1008.325,3932
1008.334,3931
1008.384,3930
1008.446,3929
1008.49,3928
1008.507,3927
1008.511,3926
1008.541,3925
1008.544,3924
1008.573,3923
1008.591,3922
1008.796,3921
1008.812,3920
1008.932,3919
1008.987,3918
1008.993,3917
1009.049,3916
1009.133,3915
1009.161,3914
1009.191,3913
1009.249,3912
1009.261,3911
1009.355,3910
1009.463,3909
1009.468,3908
1009.672,3907
1009.804,3906
1009.839,3905
1009.872,3904
1010.141,3903
1010.173,3902
1010.391,3901
1010.405,3900
1010.44,3899
1010.465,3898
1010.518,3897
1010.551,3896
1010.554,3895
1010.658,3894
1010.728,3893
1010.737,3892
1010.765,3891
1010.823,3890
1010.996,3889
1010.997,3888
1011.046,3887
1011.066,3886
1011.083,3885
1011.084,3884
1011.116,3883
1011.249,3882
1011.313,3881
1011.362,3880
1011.457,3879
1011.472,3878
1011.479,3877
1011.689,3876
1011.696,3875
1011.704,3874
1011.706,3873
1011.784,3872
1011.793,3871
1011.865,3870
1012.078,3869
1012.207,3868
1012.323,3867
1012.348,3866
1012.431,3865
1012.447,3864
1012.449,3863
1012.563,3862
1012.635,3861
1012.697,3860
1012.749,3859
1012.798,3858
1012.91,3857
1013.041,3856
1013.051,3855
1013.059,3854
1013.066,3853
1013.087,3852
1013.113,3851
1013.118,3850
1013.136,3849
1013.162,3848
1013.298,3847
1013.396,3846
1013.486,3845
1013.509,3844
1013.623,3843
1013.745,3842
1013.793,3841
1013.813,3840
1013.82,3839
1013.833,3838
1013.913,3837
1014.326,3836
1014.349,3835
1014.361,3834
1014.431,3833
1014.557,3832
1014.595,3831
1014.603,3830
1014.693,3829
1014.863,3828
1014.868,3827
1014.938,3826
1014.976,3825
1015.065,3824
1015.098,3823
1015.177,3822
1015.271,3821
1015.28,3820
1015.307,3819
1015.313,3818
1015.334,3817
1015.335,3816
1015.584,3815
1015.611,3814
1015.653,3813
1015.816,3812
1015.881,3811
1015.91,3810
1015.926,3809
1016.007,3808
1016.028,3807
1016.044,3806
1016.07,3805
1016.08,3804
1016.169,3803
1016.224,3802
1016.265,3801
1016.298,3800
1016.514,3799
1016.616,3798
1016.716,3797
1016.77,3796
1016.831,3795
1016.837,3794
1016.909,3793
1016.938,3792
1017.028,3791
1017.033,3790
1017.134,3789
1017.231,3788
1017.312,3787
1017.339,3786
1017.356,3785
1017.411,3784
1017.51,3783
1017.542,3782
1017.695,3781
1017.818,3780
1017.997,3779
1018.041,3778
1018.058,3777
1018.109,3776
1018.18,3775
1018.209,3774
1018.247,3773
1018.337,3772
1018.382,3771
1018.398,3770
1018.4,3769
1018.436,3768
1018.62,3767
1018.638,3766
1018.66,3765
1018.844,3764
1018.862,3763
1018.994,3762
1019.002,3761
1019.033,3760
1019.051,3759
1019.262,3758
1019.546,3757
1019.644,3756
1019.688,3755
1019.792,3754
1019.86,3753
1019.952,3752
1019.96,3751
1020.058,3750
1020.087,3749
1020.125,3748
1020.177,3747
1020.194,3746
1020.214,3745
1020.238,3744
1020.254,3743
1020.355,3742
1020.408,3741
1020.492,3740
1020.825,3739
1020.855,3738
1020.872,3737
1020.932,3736
1020.942,3735
1021.065,3734
1021.264,3733
1021.365,3732
1021.45,3731
1021.47,3730
1021.538,3729
1021.704,3728
1021.767,3727
1021.812,3726
1021.872,3725
1021.878,3724
1022.05,3723
1022.063,3722
1022.106,3721
1022.279,3720
1022.362,3719
1022.452,3718
1022.503,3717
1022.52,3716
1022.563,3715
1022.663,3714
1022.743,3713
1022.762,3712
1022.868,3711
1022.925,3710
1022.948,3709
1022.957,3708
1022.978,3707
1023.132,3706
1023.171,3705
1023.219,3704
1023.292,3703
1023.316,3702
1023.338,3701
1023.36,3700
1023.36,3699
1023.382,3698
1023.618,3697
1023.639,3696
1023.811,3695
1024.023,3694
1024.225,3693
1024.315,3692
1024.368,3691
1024.436,3690
1024.453,3689
1024.493,3688
1024.58,3687
1024.662,3686
1024.793,3685
1024.891,3684
1024.893,3683
1024.967,3682
1025.011,3681
1025.011,3680
1025.043,3679
1025.09,3678
1025.097,3677
1025.115,3676
1025.145,3675
1025.212,3674
1025.246,3673
1025.248,3672
1025.249,3671
1025.311,3670
1025.362,3669
1025.403,3668
1025.44,3667
1025.451,3666
1025.517,3665
1025.544,3664
1025.572,3663
1026.068,3662
1026.091,3661
1026.136,3660
1026.149,3659
1026.211,3658
1026.306,3657
1026.335,3656
1026.422,3655
1026.457,3654
1026.459,3653
1026.556,3652
1026.584,3651
1026.601,3650
1026.742,3649
1026.775,3648
1026.824,3647
1026.856,3646
1026.915,3645
1026.969,3644
1027.026,3643
1027.121,3642
1027.385,3641
1027.459,3640
1027.475,3639
1027.697,3638
1027.733,3637
1027.85,3636
1027.877,3635
1027.992,3634
1028.102,3633
1028.104,3632
1028.192,3631
1028.196,3630
1028.261,3629
1028.322,3628
1028.42,3627
1028.433,3626
1028.544,3625
1028.763,3624
1028.835,3623
1028.867,3622
1028.988,3621
1029.063,3620
1029.113,3619
1029.158,3618
1029.161,3617
1029.271,3616
1029.339,3615
1029.518,3614
1029.629,3613
1029.696,3612
1029.741,3611
1029.873,3610
1029.922,3609
1029.99,3608
1030.159,3607
1030.296,3606
1030.297,3605
1030.464,3604
1030.54,3603
1030.666,3602
1030.739,3601
1030.835,3600
1030.838,3599
1030.866,3598
1030.917,3597
1030.924,3596
1031.056,3595
1031.065,3594
1031.182,3593
1031.304,3592
1031.329,3591
1031.349,3590
1031.557,3589
1031.704,3588
1031.839,3587
1031.977,3586
1032.01,3585
1032.033,3584
1032.131,3583
1032.212,3582
1032.23,3581
1032.264,3580
1032.298,3579
1032.35,3578
1032.391,3577
1032.472,3576
1032.504,3575
1032.579,3574
1032.842,3573
1032.884,3572
1032.919,3571
1033.057,3570
1033.104,3569
1033.116,3568
1033.123,3567
1033.162,3566
1033.185,3565
1033.228,3564
1033.234,3563
1033.256,3562
1033.349,3561
1033.466,3560
1033.531,3559
1033.609,3558
1033.617,3557
1033.688,3556
1033.774,3555
1033.947,3554
1034.046,3553
1034.05,3552
1034.059,3551
1034.092,3550
1034.143,3549
1034.209,3548
1034.222,3547
1034.228,3546
1034.248,3545
1034.29,3544
1034.333,3543
1034.365,3542
1034.42,3541
1034.426,3540
1034.438,3539
1034.478,3538
1034.745,3537
1034.778,3536
1034.783,3535
1034.819,3534
1034.859,3533
1034.994,3532
1035.103,3531
1035.19,3530
1035.214,3529
1035.222,3528
1035.533,3527
1035.547,3526
1035.615,3525
1035.787,3524
1035.81,3523
1036.024,3522
1036.044,3521
1036.072,3520
1036.145,3519
1036.299,3518
1036.332,3517
1036.343,3516
1036.54,3515
1036.65,3514
1036.73,3513
1037.069,3512
1037.25,3511
1037.373,3510
1037.477,3509
1037.602,3508
1037.619,3507
1037.638,3506
1037.731,3505
1037.792,3504
1037.835,3503
1038.103,3502
1038.123,3501
1038.138,3500
1038.224,3499
1038.276,3498
1038.324,3497
1038.373,3496
1038.39,3495
1038.406,3494
1038.489,3493
1038.519,3492
1038.66,3491
1038.806,3490
1039.004,3489
1039.034,3488
1039.25,3487
1039.279,3486
1039.393,3485
1039.41,3484
1039.446,3483
1039.459,3482
1039.534,3481
1039.559,3480
1039.626,3479
1039.633,3478
1039.635,3477
1039.711,3476
1039.722,3475
1039.929,3474
1039.952,3473
1039.996,3472
1040.058,3471
1040.148,3470
1040.229,3469
1040.299,3468
1040.326,3467
1040.465,3466
1040.488,3465
1040.522,3464
1040.637,3463
1040.755,3462
1040.861,3461
1040.866,3460
1040.977,3459
1041.001,3458
1041.01,3457
1041.087,3456
1041.16,3455
1041.177,3454
1041.257,3453
1041.329,3452
1041.347,3451
1041.383,3450
1041.426,3449
1041.428,3448
1041.513,3447
1041.623,3446
1041.725,3445
1041.981,3444
1042.048,3443
1042.067,3442
1042.08,3441
1042.245,3440
1042.256,3439
1042.268,3438
1042.383,3437
1042.683,3436
1042.684,3435
1042.723,3434
1042.816,3433
1042.896,3432
1042.995,3431
1043.016,3430
1043.032,3429
1043.091,3428
1043.346,3427
1043.368,3426
1043.508,3425
1043.711,3424
1043.746,3423
1043.924,3422
1043.969,3421
1044.064,3420
1044.264,3419
1044.278,3418
1044.346,3417
1044.474,3416
1044.512,3415
1044.534,3414
1044.705,3413
1044.902,3412
1044.956,3411
1044.976,3410
1045.042,3409
1045.101,3408
1045.221,3407
1045.222,3406
1045.341,3405
1045.427,3404
1045.441,3403
1045.467,3402
1045.695,3401
1045.717,3400
1045.726,3399
1045.802,3398
1045.919,3397
1045.998,3396
1046.049,3395
1046.075,3394
1046.238,3393
1046.267,3392
1046.296,3391
1046.415,3390
1046.474,3389
1046.613,3388
1046.732,3387
1046.771,3386
1046.997,3385
1047.05,3384
1047.071,3383
1047.197,3382
1047.228,3381
1047.249,3380
1047.306,3379
1047.351,3378
1047.382,3377
1047.386,3376
1047.627,3375
1047.634,3374
1047.677,3373
1047.832,3372
1047.932,3371
1048.069,3370
1048.157,3369
1048.266,3368
1048.284,3367
1048.364,3366
1048.496,3365
1048.65,3364
1048.865,3363
1048.94,3362
1049.03,3361
1049.053,3360
1049.18,3359
1049.28,3358
1049.356,3357
1049.366,3356
1049.403,3355
1049.404,3354
1049.43,3353
1049.607,3352
1049.634,3351
1049.639,3350
1049.656,3349
1049.767,3348
1049.847,3347
1049.866,3346
1050.026,3345
1050.044,3344
1050.069,3343
1050.17,3342
1050.185,3341
1050.332,3340
1050.586,3339
1050.629,3338
1050.769,3337
1050.804,3336
1050.82,3335
1050.939,3334
1050.948,3333
1051.027,3332
1051.057,3331
1051.063,3330
1051.09,3329
1051.195,3328
1051.416,3327
1051.459,3326
1051.56,3325
1051.567,3324
1051.685,3323
1051.746,3322
1051.782,3321
1051.791,3320
1051.888,3319
1051.993,3318
1052.282,3317
1052.393,3316
1052.429,3315
1052.452,3314
1052.932,3313
1053.017,3312
1053.044,3311
1053.189,3310
1053.419,3309
1053.426,3308
1053.442,3307
1053.47,3306
1053.54,3305
1053.559,3304
1053.673,3303
1053.748,3302
1053.795,3301
1053.83,3300
1053.999,3299
1054.035,3298
1054.093,3297
1054.137,3296
1054.221,3295
1054.228,3294
1054.294,3293
1054.3,3292
1054.34,3291
1054.387,3290
1054.405,3289
1054.415,3288
1054.71,3287
1054.769,3286
1054.859,3285
1054.934,3284
1054.956,3283
1054.957,3282
1055.255,3281
1055.342,3280
1055.366,3279
1055.395,3278
1055.492,3277
1055.697,3276
1055.733,3275
1055.785,3274
1055.896,3273
1055.908,3272
1056.0,3271
1056.001,3270
1056.016,3269
1056.099,3268
1056.153,3267
1056.247,3266
1056.396,3265
1056.511,3264
1056.525,3263
1056.579,3262
1056.873,3261
1057.027,3260
1057.062,3259
1057.104,3258
1057.258,3257
1057.261,3256
1057.405,3255
1057.54,3254
1057.663,3253
1057.853,3252
1057.944,3251
1058.394,3250
1058.424,3249
1058.527,3248
1058.728,3247
1058.764,3246
1058.782,3245
1058.931,3244
1058.989,3243
1059.17,3242
1059.333,3241
1059.34,3240
1059.675,3239
1059.788,3238
1059.945,3237
1060.072,3236
1060.228,3235
1060.367,3234
1060.473,3233
1060.706,3232
1060.739,3231
1060.836,3230
1060.876,3229
1060.911,3228
1060.977,3227
1061.128,3226
1061.294,3225
1061.327,3224
1061.444,3223
1061.543,3222
1061.591,3221
1061.636,3220
1061.687,3219
1061.737,3218
1061.742,3217
1061.874,3216
1061.889,3215
1061.931,3214
1061.933,3213
1062.113,3212
1062.117,3211
1062.168,3210
1062.333,3209
1062.382,3208
1062.404,3207
1062.589,3206
1062.773,3205
1062.773,3204
1062.818,3203
1063.11,3202
1063.19,3201
1063.203,3200
1063.41,3199
1063.469,3198
1063.634,3197
1063.919,3196
1063.942,3195
1064.049,3194
1064.138,3193
1064.15,3192
1064.329,3191
1064.368,3190
1064.373,3189
1064.435,3188
1064.473,3187
1064.52,3186
1064.649,3185
1064.729,3184
1064.842,3183
1065.16,3182
1065.165,3181
1065.252,3180
1065.304,3179
1065.312,3178
1065.36,3177
1065.375,3176
1065.48,3175
1065.524,3174
1065.676,3173
1065.751,3172
1065.81,3171
1065.874,3170
1065.886,3169
1066.226,3168
1066.237,3167
1066.439,3166
1066.442,3165
1066.793,3164
1066.956,3163
1066.984,3162
1067.016,3161
1067.034,3160
1067.232,3159
1067.245,3158
1067.331,3157
1067.352,3156
1067.36,3155
1067.368,3154
1067.532,3153
1067.557,3152
1067.638,3151
1067.754,3150
1067.786,3149
1067.816,3148
1067.851,3147
1067.857,3146
1067.893,3145
1068.017,3144
1068.058,3143
1068.146,3142
1068.15,3141
1068.186,3140
1068.243,3139
1068.341,3138
1068.709,3137
1068.81,3136
1068.871,3135
1068.973,3134
1069.109,3133
1069.11,3132
1069.139,3131
1069.164,3130
1069.199,3129
1069.237,3128
1069.644,3127
1069.656,3126
1069.753,3125
1070.382,3124
1070.388,3123
1070.619,3122
1070.648,3121
1070.681,3120
1070.923,3119
1071.133,3118
1071.14,3117
1071.227,3116
1071.304,3115
1071.471,3114
1071.522,3113
1071.614,3112
1071.692,3111
1071.71,3110
1071.716,3109
1071.768,3108
1071.817,3107
1071.821,3106
1071.913,3105
1071.947,3104
1072.044,3103
1072.071,3102
1072.218,3101
1072.242,3100
1072.333,3099
1072.35,3098
1072.618,3097
1072.758,3096
1072.978,3095
1073.13,3094
1073.318,3093
1073.358,3092
1073.415,3091
1073.459,3090
1073.571,3089
1073.587,3088
1073.749,3087
1073.968,3086
1073.987,3085
1073.998,3084
1074.036,3083
1074.104,3082
1074.244,3081
1074.252,3080
1074.434,3079
1074.485,3078
1074.494,3077
1074.513,3076
1074.555,3075
1074.565,3074
1074.628,3073
1074.769,3072
1074.783,3071
1074.914,3070
1075.046,3069
1075.094,3068
1075.219,3067
1075.23,3066
1075.243,3065
1075.289,3064
1075.293,3063
1075.306,3062
1075.454,3061
1075.526,3060
1075.611,3059
1075.636,3058
1075.65,3057
1075.684,3056
1075.707,3055
1075.77,3054
1075.8,3053
1075.919,3052
1076.132,3051
1076.159,3050
1076.256,3049
1076.261,3048
1076.273,3047
1076.283,3046
1076.389,3045
1076.51,3044
1076.529,3043
1076.604,3042
1076.654,3041
1076.716,3040
1076.749,3039
1076.857,3038
1076.923,3037
1076.928,3036
1077.18,3035
1077.253,3034
1077.365,3033
1077.385,3032
1077.554,3031
1077.637,3030
1077.732,3029
1077.932,3028
1077.958,3027
1077.961,3026
1078.162,3025
1078.17,3024
1078.235,3023
1078.242,3022
1078.252,3021
1078.351,3020
1078.521,3019
1078.522,3018
1078.608,3017
1078.61,3016
1078.613,3015
1078.69,3014
1078.722,3013
1078.937,3012
1078.996,3011
1079.105,3010
1079.198,3009
1079.33,3008
1079.376,3007
1079.377,3006
1079.646,3005
1079.669,3004
1079.676,3003
1079.682,3002
1079.691,3001
1080.057,3000
1080.088,2999
1080.091,2998
1080.125,2997
1080.146,2996
1080.162,2995
1080.339,2994
1080.425,2993
1080.492,2992
1080.507,2991
1080.548,2990
1080.592,2989
1080.649,2988
1080.742,2987
1080.773,2986
1080.776,2985
1080.825,2984
1080.872,2983
1080.882,2982
1080.902,2981
1080.909,2980
1080.918,2979
1080.993,2978
1081.003,2977
1081.07,2976
1081.179,2975
1081.365,2974
1081.461,2973
1081.842,2972
1082.072,2971
1082.073,2970
1082.118,2969
1082.14,2968
1082.196,2967
1082.245,2966
1082.247,2965
1082.3,2964
1082.475,2963
1082.506,2962
1082.549,2961
1082.569,2960
1082.745,2959
1083.026,2958
1083.264,2957
1083.265,2956
1083.29,2955
1083.328,2954
1083.335,2953
1083.436,2952
1083.512,2951
1083.549,2950
1083.56,2949
1083.808,2948
1083.887,2947
1083.956,2946
1083.959,2945
1083.986,2944
1084.192,2943
1084.339,2942
1084.403,2941
1084.441,2940
1084.496,2939
1084.596,2938
1084.6,2937
1084.817,2936
1085.012,2935
1085.15,2934
1085.388,2933
1085.482,2932
1085.508,2931
1085.563,2930
1085.58,2929
1085.716,2928
1085.815,2927
1085.943,2926
1085.966,2925
1086.21,2924
1086.26,2923
1086.425,2922
1086.619,2921
1086.747,2920
1086.762,2919
1086.805,2918
1086.839,2917
1087.004,2916
1087.168,2915
1087.219,2914
1087.227,2913
1087.296,2912
1087.363,2911
1087.527,2910
1087.535,2909
1087.671,2908
1087.68,2907
1087.693,2906
1087.725,2905
1087.737,2904
1087.828,2903
1087.908,2902
1088.059,2901
1088.097,2900
1088.191,2899
1088.235,2898
1088.275,2897
1088.344,2896
1088.54,2895
1088.888,2894
1088.982,2893
1089.064,2892
1089.114,2891
1089.125,2890
1089.31,2889
1089.358,2888
1089.453,2887
1089.467,2886
1089.519,2885
1089.538,2884
1089.72,2883
1089.725,2882
1089.798,2881
1089.86,2880
1090.295,2879
1090.632,2878
1090.672,2877
1090.719,2876
1090.777,2875
1090.78,2874
1090.806,2873
1090.896,2872
1090.896,2871
1090.928,2870
1091.193,2869
1091.592,2868
1091.631,2867
1091.64,2866
1091.744,2865
1091.81,2864
1091.889,2863
1091.905,2862
1091.927,2861
1092.028,2860
1092.172,2859
1092.232,2858
1092.292,2857
1092.351,2856
1092.387,2855
1092.424,2854
1092.434,2853
1092.451,2852
1092.485,2851
1092.562,2850
1092.655,2849
1092.672,2848
1092.718,2847
1092.903,2846
1092.924,2845
1093.145,2844
1093.212,2843
1093.328,2842
1093.374,2841
1093.417,2840
1093.435,2839
1093.531,2838
1093.589,2837
1093.873,2836
1094.123,2835
1094.211,2834
1094.494,2833
1094.802,2832
1095.109,2831
1095.116,2830
1095.117,2829
1095.246,2828
1095.272,2827
1095.287,2826
1095.374,2825
1095.449,2824
1095.604,2823
1096.028,2822
1096.048,2821
1096.288,2820
1096.613,2819
1096.652,2818
1096.677,2817
1096.692,2816
1096.694,2815
1096.741,2814
1096.754,2813
1096.927,2812
1097.038,2811
1097.196,2810
1097.318,2809
1097.54,2808
1097.541,2807
1097.642,2806
1097.724,2805
1097.922,2804
1098.019,2803
1098.142,2802
1098.15,2801
1098.196,2800
1098.393,2799
1098.492,2798
1098.607,2797
1098.68,2796
1098.743,2795
1098.744,2794
1098.868,2793
1098.963,2792
1099.056,2791
1099.212,2790
1099.268,2789
1099.5,2788
1099.599,2787
1099.751,2786
1099.972,2785
1099.979,2784
1100.232,2783
1100.261,2782
1100.428,2781
1100.564,2780
1100.568,2779
1100.573,2778
1100.635,2777
1100.703,2776
1100.762,2775
1100.796,2774
1101.033,2773
1101.039,2772
1101.097,2771
1101.343,2770
1101.37,2769
1101.718,2768
1101.832,2767
1101.875,2766
1101.936,2765
1102.137,2764
1102.159,2763
1102.185,2762
1102.222,2761
1102.482,2760
1102.615,2759
1102.812,2758
1102.896,2757
1103.083,2756
1103.187,2755
1103.243,2754
1103.258,2753
1103.268,2752
1103.469,2751
1103.801,2750
1103.904,2749
1103.981,2748
1104.066,2747
1104.135,2746
1104.135,2745
1104.207,2744
1104.208,2743
1104.281,2742
1104.29,2741
1104.622,2740
1104.792,2739
1104.806,2738
1104.926,2737
1105.077,2736
1105.118,2735
1105.152,2734
1105.203,2733
1105.233,2732
1105.292,2731
1105.322,2730
1105.36,2729
1105.488,2728
1105.66,2727
1105.685,2726
1105.699,2725
1105.759,2724
1105.847,2723
1105.848,2722
1105.918,2721
1106.261,2720
1106.847,2719
1106.876,2718
1106.893,2717
1106.948,2716
1106.969,2715
1107.312,2714
1107.475,2713
1107.537,2712
1107.559,2711
1107.774,2710
1107.78,2709
1107.992,2708
1108.076,2707
1108.123,2706
1108.312,2705
1108.448,2704
1108.533,2703
1108.544,2702
1108.924,2701
1109.027,2700
1109.09,2699
1109.143,2698
1109.294,2697
1109.358,2696
1109.598,2695
1109.623,2694
1109.772,2693
1109.897,2692
1109.914,2691
1109.915,2690
1110.285,2689
1110.589,2688
1110.619,2687
1110.637,2686
1110.676,2685
1110.713,2684
1110.756,2683
1110.756,2682
1110.846,2681
1110.927,2680
1110.96,2679
1111.076,2678
1111.104,2677
1111.191,2676
1111.23,2675
1111.586,2674
1111.684,2673
1111.807,2672
1111.901,2671
1111.949,2670
1112.199,2669
1112.382,2668
1112.61,2667
1112.611,2666
1112.87,2665
1112.883,2664
1112.919,2663
1113.022,2662
1113.024,2661
1113.029,2660
1113.242,2659
1113.492,2658
1113.588,2657
1113.639,2656
1113.71,2655
1113.829,2654
1114.019,2653
1114.038,2652
1114.268,2651
1114.633,2650
1115.218,2649
1115.236,2648
1115.285,2647
1115.316,2646
1115.33,2645
1115.488,2644
1115.617,2643
1115.627,2642
1115.638,2641
1115.978,2640
1116.071,2639
1116.235,2638
1116.48,2637
1116.494,2636
1116.623,2635
1116.659,2634
1116.794,2633
1116.807,2632
1116.973,2631
1117.189,2630
1117.191,2629
1117.214,2628
1117.249,2627
1117.3,2626
1117.362,2625
1117.567,2624
1117.627,2623
1117.709,2622
1117.962,2621
1117.963,2620
1118.008,2619
1118.523,2618
1118.564,2617
1118.649,2616
1118.774,2615
1118.782,2614
1118.813,2613
1118.909,2612
1118.912,2611
1118.914,2610
1118.922,2609
1119.101,2608
1119.161,2607
1119.236,2606
1119.293,2605
1119.382,2604
1119.444,2603
1119.725,2602
1119.746,2601
1119.87,2600
1119.987,2599
1119.99,2598
1120.008,2597
1120.145,2596
1120.182,2595
1120.3,2594
1120.388,2593
1120.43,2592
1120.509,2591
1120.601,2590
1120.605,2589
1120.803,2588
1120.869,2587
1120.92,2586
1120.954,2585
1121.069,2584
1121.098,2583
1121.17,2582
1121.2,2581
1121.262,2580
1121.42,2579
1121.522,2578
1121.526,2577
1121.696,2576
1121.724,2575
1121.785,2574
1121.882,2573
1121.898,2572
1121.957,2571
1122.159,2570
1122.162,2569
1122.264,2568
1122.285,2567
1122.336,2566
1122.364,2565
1122.477,2564
1122.581,2563
1122.882,2562
1122.922,2561
1123.264,2560
1123.264,2559
1123.481,2558
1123.483,2557
1123.536,2556
1123.636,2555
1123.897,2554
1123.924,2553
1124.0,2552
1124.392,2551
1124.451,2550
1124.793,2549
1124.89,2548
1124.896,2547
1124.962,2546
1124.986,2545
1125.036,2544
1125.045,2543
1125.104,2542
1125.11,2541
1125.14,2540
1125.2,2539
1125.27,2538
1125.403,2537
1125.573,2536
1125.575,2535
1125.644,2534
1125.756,2533
1125.84,2532
1126.263,2531
1126.391,2530
1126.394,2529
1126.506,2528
1126.547,2527
1126.547,2526
1126.682,2525
1126.962,2524
1126.963,2523
1127.163,2522
1127.191,2521
1127.265,2520
1127.333,2519
1127.764,2518
1127.963,2517
1128.002,2516
1128.026,2515
1128.078,2514
1128.17,2513
1128.277,2512
1128.286,2511
1128.409,2510
1128.547,2509
1128.727,2508
1128.86,2507
1128.943,2506
1128.99,2505
1129.243,2504
1129.274,2503
1129.338,2502
1129.426,2501
1129.437,2500
1129.482,2499
1129.646,2498
1129.662,2497
1129.758,2496
1129.894,2495
1129.95,2494
1130.007,2493
1130.107,2492
1130.273,2491
1130.402,2490
1130.431,2489
1130.497,2488
1130.637,2487
1131.084,2486
1131.139,2485
1131.211,2484
1131.382,2483
1131.497,2482
1131.5,2481
1131.728,2480
1131.757,2479
1131.857,2478
1131.917,2477
1131.97,2476
1132.287,2475
1132.354,2474
1132.55,2473
1132.822,2472
1132.823,2471
1132.875,2470
1133.399,2469
1133.431,2468
1133.437,2467
1133.613,2466
1134.111,2465
1134.112,2464
1134.151,2463
1134.175,2462
1134.305,2461
1134.65,2460
1134.701,2459
1134.956,2458
1134.984,2457
1135.008,2456
1135.024,2455
1135.069,2454
1135.161,2453
1135.233,2452
1135.376,2451
1135.5,2450
1135.539,2449
1135.609,2448
1135.81,2447
1136.154,2446
1136.223,2445
1136.301,2444
1136.892,2443
1136.96,2442
1137.016,2441
1137.078,2440
1137.277,2439
1137.287,2438
1137.343,2437
1137.421,2436
1137.518,2435
1137.599,2434
1137.727,2433
1137.767,2432
1137.851,2431
1137.892,2430
1137.926,2429
1138.008,2428
1138.015,2427
1138.109,2426
1138.13,2425
1138.229,2424
1138.256,2423
1138.37,2422
1138.388,2421
1138.428,2420
1138.49,2419
1138.601,2418
1138.748,2417
1138.811,2416
1138.844,2415
1138.856,2414
1138.865,2413
1139.01,2412
1139.089,2411
1139.108,2410
1139.225,2409
1139.235,2408
1139.416,2407
1139.469,2406
1139.514,2405
1139.601,2404
1139.667,2403
1139.785,2402
1139.86,2401
1139.952,2400
1140.019,2399
1140.028,2398
1140.084,2397
1140.276,2396
1140.537,2395
1140.54,2394
1140.602,2393
1140.699,2392
1140.974,2391
1141.153,2390
1141.173,2389
1141.22,2388
1141.305,2387
1141.371,2386
1141.524,2385
1141.702,2384
1141.833,2383
1141.836,2382
1141.838,2381
1142.094,2380
1142.119,2379
1142.224,2378
1142.377,2377
1142.706,2376
1142.78,2375
1142.886,2374
1142.91,2373
1142.97,2372
1143.089,2371
1143.118,2370
1143.232,2369
1143.254,2368
1143.366,2367
1143.533,2366
1143.743,2365
1143.91,2364
1144.001,2363
1144.023,2362
1144.08,2361
1144.223,2360
1144.34,2359
1144.418,2358
1144.502,2357
1144.654,2356
1144.662,2355
1144.825,2354
1144.843,2353
1144.863,2352
1144.875,2351
1145.064,2350
1145.077,2349
1145.092,2348
1145.093,2347
1145.109,2346
1145.167,2345
1145.21,2344
1145.254,2343
1145.536,2342
1145.59,2341
1145.665,2340
1145.748,2339
1145.955,2338
1145.993,2337
1146.0,2336
1146.168,2335
1146.297,2334
1146.345,2333
1146.443,2332
1146.521,2331
1146.682,2330
1146.744,2329
1146.816,2328
1146.834,2327
1146.859,2326
1146.949,2325
1147.009,2324
1147.295,2323
1147.306,2322
1147.336,2321
1147.546,2320
1147.678,2319
1147.8,2318
1147.956,2317
1148.044,2316
1148.261,2315
1148.39,2314
1148.473,2313
1148.749,2312
1148.801,2311
1148.803,2310
1149.063,2309
1149.491,2308
1149.561,2307
1149.565,2306
1149.67,2305
1149.926,2304
1150.103,2303
1150.12,2302
1150.449,2301
1150.477,2300
1150.552,2299
1150.783,2298
1150.939,2297
1151.028,2296
1151.038,2295
1151.058,2294
1151.197,2293
1151.212,2292
1151.418,2291
1151.557,2290
1151.683,2289
1151.705,2288
1152.02,2287
1152.051,2286
1152.309,2285
1152.573,2284
1152.909,2283
1152.97,2282
1152.989,2281
1153.043,2280
1153.05,2279
1153.076,2278
1153.33,2277
1153.348,2276
1153.537,2275
1153.548,2274
1153.71,2273
1153.763,2272
1153.897,2271
1154.005,2270
1154.246,2269
1154.248,2268
1154.441,2267
1154.474,2266
1154.521,2265
1154.672,2264
1154.718,2263
1154.857,2262
1154.865,2261
1154.895,2260
1154.935,2259
1154.956,2258
1155.123,2257
1155.391,2256
1155.491,2255
1155.585,2254
1155.776,2253
1155.905,2252
1156.167,2251
1156.182,2250
1156.854,2249
1156.854,2248
1157.008,2247
1157.23,2246
1157.277,2245
1157.549,2244
1157.573,2243
1157.578,2242
1157.653,2241
1157.814,2240
1157.901,2239
1158.02,2238
1158.069,2237
1158.24,2236
1158.272,2235
1158.431,2234
1158.49,2233
1158.503,2232
1158.52,2231
1158.579,2230
1158.867,2229
1158.885,2228
1159.017,2227
1159.038,2226
1159.04,2225
1159.52,2224
1159.574,2223
1159.662,2222
1159.746,2221
1159.818,2220
1160.023,2219
1160.12,2218
1160.208,2217
1160.401,2216
1160.408,2215
1160.515,2214
1160.569,2213
1160.614,2212
1160.858,2211
1160.977,2210
1160.987,2209
1161.112,2208
1161.205,2207
1161.249,2206
1161.254,2205
1161.273,2204
1161.427,2203
1162.029,2202
1162.114,2201
1162.12,2200
1162.213,2199
1162.258,2198
1162.41,2197
1162.443,2196
1162.481,2195
1162.499,2194
1162.681,2193
1162.754,2192
1162.81,2191
1162.968,2190
1163.36,2189
1163.607,2188
1163.669,2187
1163.895,2186
1164.008,2185
1164.025,2184
1164.178,2183
1164.215,2182
1164.399,2181
1164.453,2180
1164.581,2179
1164.611,2178
1164.769,2177
1165.118,2176
1165.475,2175
1165.762,2174
1165.897,2173
1166.092,2172
1166.149,2171
1166.165,2170
1166.257,2169
1166.42,2168
1166.596,2167
1166.667,2166
1166.824,2165
1167.165,2164
1167.286,2163
1167.454,2162
1167.549,2161
1167.762,2160
1167.818,2159
1168.125,2158
1168.227,2157
1168.24,2156
1168.247,2155
1168.364,2154
1168.402,2153
1168.453,2152
1168.788,2151
1169.242,2150
1169.243,2149
1169.724,2148
1169.863,2147
1169.954,2146
1169.96,2145
1170.05,2144
1170.134,2143
1170.254,2142
1170.418,2141
1170.441,2140
1170.479,2139
1170.513,2138
1170.843,2137
1170.907,2136
1170.955,2135
1170.98,2134
1171.134,2133
1171.365,2132
1171.497,2131
1171.655,2130
1171.836,2129
1171.933,2128
1172.054,2127
1172.085,2126
1172.37,2125
1172.43,2124
1172.561,2123
1172.622,2122
1172.653,2121
1172.71,2120
1172.735,2119
1173.092,2118
1173.196,2117
1173.296,2116
1173.645,2115
1173.932,2114
1173.948,2113
1173.964,2112
1174.039,2111
1174.28,2110
1174.379,2109
1174.456,2108
1174.536,2107
1174.601,2106
1174.611,2105
1174.627,2104
1174.631,2103
1175.064,2102
1175.192,2101
1175.228,2100
1175.269,2099
1175.441,2098
1175.989,2097
1176.162,2096
1176.216,2095
1176.234,2094
1176.348,2093
1176.444,2092
1176.873,2091
1176.978,2090
1177.015,2089
1177.053,2088
1177.214,2087
1177.229,2086
1177.258,2085
1177.27,2084
1177.323,2083
1177.651,2082
1177.967,2081
1178.214,2080
1178.274,2079
1178.307,2078
1178.43,2077
1178.515,2076
1178.724,2075
1178.765,2074
1178.777,2073
1179.038,2072
1179.337,2071
1179.416,2070
1179.508,2069
1179.585,2068
1179.708,2067
1180.068,2066
1180.149,2065
1180.641,2064
1180.707,2063
1180.873,2062
1180.944,2061
1181.006,2060
1181.126,2059
1181.168,2058
1181.265,2057
1181.362,2056
1181.514,2055
1181.761,2054
1181.886,2053
1181.953,2052
1182.042,2051
1182.045,2050
1182.241,2049
1182.396,2048
1182.619,2047
1182.627,2046
1182.649,2045
1182.728,2044
1183.165,2043
1183.259,2042
1183.444,2041
1183.525,2040
1183.8,2039
1183.829,2038
1183.856,2037
1183.937,2036
1184.108,2035
1184.145,2034
1184.189,2033
1184.355,2032
1184.455,2031
1184.484,2030
1184.516,2029
1184.523,2028
1184.643,2027
1184.783,2026
1184.783,2025
1184.794,2024
1184.861,2023
1184.936,2022
1185.236,2021
1185.29,2020
1185.353,2019
1185.378,2018
1185.626,2017
1185.781,2016
1186.292,2015
1186.31,2014
1186.763,2013
1187.051,2012
1187.059,2011
1187.084,2010
1187.343,2009
1187.358,2008
1187.459,2007
1187.464,2006
1187.47,2005
1187.482,2004
1187.562,2003
1187.654,2002
1187.741,2001
1187.828,2000
1187.956,1999
1188.027,1998
1188.15,1997
1188.16,1996
1188.215,1995
1188.298,1994
1188.301,1993
1188.694,1992
1188.714,1991
1188.826,1990
1188.938,1989
1188.993,1988
1189.036,1987
1189.276,1986
1189.325,1985
1189.469,1984
1189.499,1983
1189.536,1982
1189.547,1981
1189.732,1980
1190.235,1979
1190.453,1978
1190.494,1977
1190.518,1976
1190.629,1975
1190.639,1974
1190.696,1973
1190.717,1972
1190.926,1971
1190.958,1970
1190.977,1969
1191.149,1968
1191.235,1967
1191.423,1966
1191.478,1965
1191.501,1964
1191.714,1963
1191.912,1962
1192.104,1961
1192.158,1960
1192.16,1959
1192.204,1958
1192.414,1957
1192.552,1956
1192.607,1955
1192.679,1954
1192.776,1953
1192.807,1952
1193.018,1951
1193.349,1950
1193.648,1949
1193.661,1948
1193.682,1947
1193.74,1946
1194.045,1945
1194.105,1944
1194.188,1943
1195.054,1942
1195.343,1941
1195.607,1940
1195.619,1939
1195.77,1938
1195.952,1937
1196.468,1936
1196.482,1935
1196.563,1934
1196.656,1933
1196.804,1932
1197.435,1931
1197.621,1930
1197.764,1929
1197.78,1928
1197.903,1927
1197.931,1926
1198.423,1925
1198.485,1924
1198.557,1923
1198.584,1922
1198.72,1921
1198.776,1920
1198.788,1919
1198.844,1918
1199.312,1917
1199.363,1916
1199.368,1915
1199.55,1914
1199.599,1913
1199.692,1912
1199.746,1911
1200.049,1910
1200.088,1909
1200.379,1908
1200.56,1907
1200.726,1906
1200.841,1905
1200.897,1904
1200.98,1903
1201.026,1902
1201.046,1901
1201.06,1900
1201.195,1899
1201.263,1898
1201.333,1897
1201.456,1896
1201.507,1895
1201.581,1894
1201.679,1893
1202.043,1892
1202.248,1891
1202.413,1890
1202.427,1889
1202.445,1888
1202.462,1887
1202.62,1886
1203.098,1885
1203.23,1884
1203.434,1883
1203.487,1882
1203.567,1881
1203.75,1880
1204.001,1879
1204.329,1878
1204.632,1877
1204.646,1876
1204.657,1875
1204.689,1874
1204.928,1873
1205.152,1872
1205.422,1871
1205.423,1870
1205.477,1869
1205.489,1868
1205.669,1867
1205.724,1866
1205.791,1865
1205.799,1864
1206.027,1863
1206.227,1862
1206.41,1861
1206.61,1860
1206.685,1859
1206.695,1858
1206.879,1857
1206.89,1856
1207.157,1855
1207.229,1854
1207.424,1853
1207.907,1852
1207.936,1851
1208.232,1850
1208.279,1849
1208.326,1848
1208.38,1847
1208.497,1846
1208.844,1845
1208.965,1844
1208.966,1843
1209.072,1842
1209.443,1841
1209.451,1840
1209.454,1839
1209.539,1838
1209.661,1837
1209.687,1836
1209.869,1835
1209.982,1834
1210.042,1833
1210.076,1832
1210.079,1831
1210.082,1830
1210.109,1829
1210.719,1828
1210.734,1827
1210.885,1826
1210.961,1825
1211.026,1824
1211.031,1823
1211.208,1822
1211.221,1821
1211.3,1820
1211.456,1819
1211.513,1818
1211.563,1817
1211.71,1816
1211.78,1815
1211.937,1814
1211.988,1813
1212.041,1812
1212.129,1811
1212.132,1810
1212.136,1809
1212.227,1808
1212.505,1807
1212.688,1806
1212.813,1805
1212.976,1804
1213.836,1803
1213.908,1802
1214.006,1801
1214.033,1800
1214.071,1799
1214.091,1798
1214.345,1797
1214.443,1796
1214.45,1795
1214.99,1794
1215.016,1793
1215.038,1792
1215.142,1791
1215.174,1790
1215.184,1789
1215.337,1788
1215.341,1787
1215.43,1786
1215.483,1785
1215.487,1784
1215.566,1783
1215.574,1782
1215.62,1781
1216.22,1780
1216.341,1779
1216.363,1778
1216.417,1777
1216.738,1776
1216.915,1775
1217.088,1774
1217.139,1773
1217.231,1772
1217.61,1771
1217.809,1770
1217.899,1769
1218.117,1768
1218.365,1767
1218.376,1766
1219.004,1765
1219.188,1764
1219.379,1763
1219.392,1762
1219.461,1761
1219.731,1760
1219.877,1759
1219.886,1758
1219.924,1757
1219.977,1756
1220.131,1755
1220.189,1754
1220.234,1753
1220.677,1752
1221.019,1751
1221.222,1750
1221.543,1749
1221.567,1748
1221.772,1747
1221.831,1746
1221.852,1745
1221.859,1744
1221.879,1743
1221.941,1742
1221.957,1741
1222.17,1740
1222.211,1739
1222.239,1738
1222.308,1737
1222.473,1736
1222.739,1735
1222.83,1734
1222.911,1733
1222.977,1732
1223.014,1731
1223.029,1730
1223.199,1729
1223.5,1728
1223.609,1727
1223.689,1726
1223.71,1725
1223.717,1724
1223.849,1723
1223.905,1722
1223.942,1721
1224.065,1720
1224.723,1719
1224.868,1718
1224.89,1717
1225.024,1716
1225.145,1715
1225.297,1714
1225.316,1713
1225.363,1712
1225.682,1711
1226.297,1710
1226.314,1709
1226.43,1708
1226.45,1707
1226.657,1706
1226.819,1705
1226.957,1704
1226.984,1703
1227.043,1702
1227.247,1701
1227.275,1700
1227.402,1699
1227.772,1698
1227.848,1697
1227.875,1696
1228.214,1695
1228.254,1694
1228.299,1693
1228.587,1692
1228.6,1691
1228.675,1690
1228.979,1689
1229.059,1688
1229.252,1687
1229.454,1686
1229.628,1685
1229.741,1684
1229.752,1683
1229.876,1682
1229.955,1681
1230.069,1680
1230.251,1679
1230.252,1678
1230.265,1677
1230.335,1676
1230.362,1675
1230.962,1674
1231.026,1673
1231.214,1672
1231.226,1671
1231.231,1670
1231.299,1669
1231.556,1668
1231.783,1667
1231.961,1666
1232.249,1665
1232.361,1664
1232.484,1663
1232.517,1662
1232.632,1661
1232.655,1660
1232.761,1659
1232.802,1658
1233.048,1657
1233.121,1656
1233.501,1655
1233.502,1654
1233.59,1653
1233.691,1652
1233.742,1651
1233.751,1650
1233.791,1649
1233.831,1648
1233.89,1647
1234.3,1646
1234.441,1645
1234.583,1644
1234.828,1643
1234.861,1642
1235.05,1641
1235.234,1640
1235.287,1639
1235.313,1638
1235.788,1637
1236.248,1636
1236.287,1635
1236.393,1634
1236.477,1633
1236.701,1632
1236.83,1631
1237.013,1630
1237.186,1629
1237.193,1628
1237.193,1627
1237.288,1626
1237.389,1625
1237.585,1624
1237.723,1623
1237.749,1622
1237.869,1621
1237.913,1620
1237.922,1619
1237.955,1618
1238.191,1617
1238.349,1616
1238.427,1615
1238.485,1614
1238.505,1613
1239.36,1612
1239.722,1611
1239.862,1610
1239.881,1609
1240.093,1608
1240.182,1607
1241.611,1606
1241.695,1605
1242.251,1604
1242.279,1603
1242.344,1602
1242.485,1601
1242.514,1600
1242.633,1599
1242.741,1598
1242.958,1597
1243.132,1596
1243.278,1595
1243.525,1594
1244.144,1593
1244.491,1592
1244.512,1591
1244.708,1590
1245.058,1589
1245.142,1588
1245.169,1587
1245.616,1586
1245.652,1585
1245.82,1584
1245.88,1583
1246.093,1582
1246.108,1581
1246.288,1580
1246.528,1579
1246.541,1578
1246.588,1577
1246.73,1576
1246.734,1575
1247.111,1574
1247.46,1573
1247.48,1572
1247.746,1571
1247.789,1570
1247.885,1569
1247.968,1568
1248.065,1567
1248.073,1566
1248.157,1565
1248.16,1564
1249.015,1563
1249.218,1562
1249.23,1561
1249.433,1560
1249.633,1559
1249.887,1558
1250.105,1557
1250.188,1556
1250.26,1555
1250.316,1554
1250.425,1553
1250.756,1552
1250.834,1551
1251.051,1550
1251.196,1549
1251.224,1548
1251.528,1547
1251.69,1546
1251.701,1545
1251.798,1544
1251.809,1543
1251.894,1542
1252.072,1541
1252.083,1540
1252.085,1539
1252.72,1538
1252.757,1537
1252.886,1536
1252.963,1535
1253.013,1534
1253.083,1533
1253.286,1532
1253.497,1531
1253.501,1530
1253.553,1529
1253.713,1528
1253.887,1527
1254.505,1526
1254.853,1525
1254.931,1524
1254.984,1523
1255.03,1522
1255.083,1521
1255.796,1520
1256.118,1519
1256.474,1518
1256.521,1517
1256.618,1516
1256.63,1515
1256.664,1514
1256.84,1513
1256.858,1512
1256.938,1511
1257.008,1510
1257.39,1509
1257.465,1508
1257.477,1507
1257.789,1506
1258.083,1505
1258.112,1504
1258.318,1503
1258.364,1502
1258.372,1501
1258.531,1500
1258.637,1499
1258.653,1498
1258.792,1497
1258.865,1496
1259.012,1495
1259.06,1494
1259.95,1493
1260.405,1492
1260.576,1491
1260.721,1490
1261.008,1489
1261.008,1488
1261.155,1487
1261.233,1486
1261.439,1485
1261.623,1484
1261.691,1483
1261.818,1482
1261.851,1481
1262.262,1480
1262.526,1479
1262.709,1478
1262.997,1477
1263.008,1476
1263.073,1475
1263.124,1474
1263.124,1473
1263.324,1472
1263.845,1471
1263.906,1470
1263.941,1469
1264.257,1468
1264.311,1467
1264.435,1466
1264.568,1465
1264.604,1464
1265.003,1463
1265.106,1462
1265.164,1461
1265.168,1460
1265.268,1459
1265.876,1458
1266.039,1457
1266.118,1456
1266.249,1455
1266.411,1454
1266.432,1453
1266.442,1452
1267.141,1451
1267.251,1450
1267.399,1449
1268.034,1448
1268.135,1447
1268.188,1446
1268.229,1445
1268.306,1444
1268.326,1443
1268.574,1442
1268.777,1441
1268.943,1440
1269.005,1439
1269.081,1438
1269.091,1437
1269.15,1436
1269.312,1435
1269.481,1434
1269.511,1433
1269.908,1432
1269.987,1431
1270.049,1430
1270.139,1429
1270.28,1428
1270.592,1427
1270.617,1426
1270.643,1425
1270.855,1424
1271.609,1423
1271.777,1422
1271.786,1421
1271.795,1420
1272.521,1419
1273.122,1418
1273.335,1417
1273.518,1416
1273.535,1415
1273.755,1414
1273.768,1413
1273.82,1412
1273.898,1411
1274.1,1410
1274.776,1409
1275.045,1408
1275.046,1407
1275.094,1406
1275.148,1405
1275.261,1404
1275.42,1403
1275.688,1402
1275.742,1401
1275.974,1400
1275.983,1399
1276.172,1398
1276.428,1397
1276.553,1396
1276.741,1395
1276.754,1394
1276.873,1393
1276.903,1392
1277.013,1391
1277.193,1390
1277.339,1389
1277.947,1388
1278.069,1387
1278.377,1386
1278.527,1385
1278.615,1384
1278.732,1383
1279.28,1382
1279.376,1381
1279.437,1380
1279.499,1379
1279.67,1378
1279.946,1377
1279.987,1376
1280.407,1375
1280.549,1374
1280.724,1373
1280.825,1372
1280.907,1371
1281.105,1370
1281.288,1369
1281.458,1368
1281.492,1367
1281.529,1366
1281.833,1365
1282.169,1364
1282.239,1363
1282.535,1362
1282.554,1361
1282.682,1360
1283.045,1359
1283.084,1358
1283.109,1357
1283.424,1356
1283.475,1355
1283.778,1354
1283.782,1353
1283.79,1352
1283.83,1351
1283.991,1350
1284.106,1349
1284.32,1348
1284.97,1347
1285.013,1346
1285.236,1345
1285.807,1344
1286.256,1343
1286.447,1342
1286.632,1341
1286.885,1340
1286.955,1339
1287.11,1338
1287.365,1337
1287.59,1336
1288.471,1335
1288.556,1334
1288.7,1333
1288.883,1332
1288.989,1331
1289.433,1330
1289.507,1329
1289.878,1328
1290.228,1327
1290.533,1326
1290.758,1325
1290.861,1324
1290.944,1323
1291.114,1322
1291.374,1321
1291.453,1320
1291.49,1319
1292.098,1318
1292.108,1317
1292.493,1316
1292.5,1315
1293.146,1314
1293.286,1313
1293.707,1312
1293.962,1311
1294.245,1310
1294.423,1309
1294.467,1308
1294.81,1307
1294.851,1306
1295.358,1305
1295.548,1304
1295.556,1303
1295.722,1302
1296.286,1301
1296.287,1300
1296.324,1299
1296.34,1298
1296.5,1297
1296.602,1296
1296.88,1295
1296.953,1294
1297.255,1293
1297.426,1292
1297.504,1291
1297.623,1290
1297.755,1289
1298.097,1288
1298.471,1287
1298.524,1286
1298.637,1285
1298.906,1284
1298.918,1283
1299.285,1282
1299.525,1281
1299.767,1280
1300.165,1279
1300.245,1278
1300.381,1277
1300.534,1276
1300.669,1275
1300.943,1274
1301.134,1273
1301.358,1272
1301.399,1271
1302.549,1270
1302.615,1269
1302.901,1268
1303.029,1267
1303.039,1266
1303.6,1265
1303.803,1264
1303.813,1263
1304.007,1262
1304.122,1261
1304.286,1260
1304.493,1259
1304.7,1258
1304.782,1257
1304.961,1256
1304.969,1255
1304.98,1254
1305.027,1253
1305.087,1252
1305.196,1251
1305.225,1250
1305.461,1249
1305.638,1248
1305.659,1247
1305.75,1246
1305.833,1245
1305.991,1244
1306.544,1243
1306.78,1242
1306.931,1241
1307.038,1240
1307.087,1239
1307.171,1238
1307.312,1237
1308.044,1236
1308.271,1235
1308.341,1234
1308.467,1233
1308.487,1232
1308.55,1231
1309.199,1230
1309.304,1229
1310.843,1228
1310.971,1227
1311.058,1226
1311.304,1225
1311.527,1224
1311.665,1223
1311.837,1222
1311.955,1221
1312.519,1220
1312.885,1219
1313.009,1218
1313.015,1217
1313.083,1216
1313.425,1215
1313.47,1214
1314.09,1213
1314.296,1212
1314.8,1211
1314.884,1210
1315.133,1209
1315.59,1208
1315.638,1207
1315.647,1206
1315.723,1205
1315.878,1204
1315.889,1203
1316.015,1202
1316.092,1201
1316.668,1200
1316.809,1199
1316.856,1198
1317.025,1197
1317.765,1196
1318.304,1195
1319.154,1194
1319.24,1193
1319.483,1192
1319.626,1191
1320.026,1190
1320.1,1189
1320.108,1188
1320.262,1187
1320.308,1186
1320.455,1185
1320.479,1184
1320.645,1183
1321.393,1182
1321.472,1181
1322.001,1180
1322.27,1179
1322.283,1178
1322.391,1177
1322.559,1176
1322.7,1175
1323.004,1174
1323.405,1173
1324.046,1172
1324.344,1171
1324.358,1170
1324.553,1169
1324.821,1168
1325.04,1167
1325.048,1166
1325.149,1165
1325.49,1164
1325.803,1163
1326.101,1162
1326.209,1161
1326.74,1160
1327.054,1159
1328.352,1158
1328.856,1157
1329.018,1156
1329.095,1155
1329.621,1154
1329.719,1153
1330.091,1152
1330.113,1151
1330.441,1150
1330.538,1149
1330.671,1148
1330.847,1147
1331.048,1146
1332.202,1145
1332.706,1144
1332.853,1143
1333.099,1142
1333.208,1141
1333.287,1140
1333.31,1139
1333.327,1138
1334.066,1137
1334.188,1136
1334.491,1135
1334.605,1134
1334.754,1133
1334.801,1132
1334.906,1131
1335.023,1130
1335.195,1129
1335.546,1128
1335.684,1127
1336.006,1126
1336.645,1125
1336.758,1124
1336.89,1123
1337.063,1122
1337.152,1121
1337.227,1120
1337.326,1119
1337.372,1118
1337.495,1117
1337.821,1116
1338.048,1115
1338.186,1114
1338.613,1113
1339.013,1112
1339.03,1111
1339.068,1110
1339.106,1109
1339.158,1108
1339.231,1107
1339.255,1106
1339.281,1105
1340.583,1104
1340.947,1103
1342.364,1102
1342.79,1101
1343.034,1100
1343.421,1099
1343.464,1098
1344.046,1097
1344.059,1096
1344.461,1095
1344.465,1094
1344.813,1093
1345.1,1092
1345.642,1091
1345.934,1090
1346.437,1089
1346.476,1088
1346.945,1087
1348.137,1086
1348.345,1085
1348.653,1084
1348.938,1083
1349.125,1082
1349.852,1081
1350.356,1080
1350.362,1079
1350.384,1078
1350.704,1077
1350.918,1076
1351.089,1075
1351.84,1074
1352.264,1073
1352.637,1072
1353.732,1071
1354.103,1070
1354.284,1069
1354.43,1068
1354.591,1067
1355.061,1066
1356.447,1065
1357.091,1064
1357.359,1063
1358.725,1062
1359.257,1061
1359.502,1060
1360.184,1059
1360.367,1058
1360.517,1057
1360.547,1056
1360.696,1055
1361.001,1054
1361.452,1053
1361.508,1052
1361.778,1051
1361.81,1050
1362.352,1049
1362.525,1048
1362.543,1047
1362.797,1046
1362.959,1045
1363.197,1044
1363.791,1043
1363.895,1042
1364.327,1041
1364.48,1040
1364.557,1039
1364.57,1038
1366.019,1037
1366.188,1036
1366.318,1035
1366.867,1034
1367.22,1033
1367.722,1032
1367.864,1031
1368.089,1030
1368.138,1029
1368.529,1028
1368.651,1027
1368.739,1026
1368.864,1025
1370.392,1024
1370.692,1023
1370.876,1022
1371.031,1021
1371.053,1020
1371.11,1019
1371.497,1018
1372.326,1017
1372.545,1016
1372.633,1015
1372.767,1014
1372.937,1013
1373.124,1012
1373.661,1011
1373.762,1010
1373.846,1009
1374.016,1008
1374.596,1007
1375.356,1006
1376.077,1005
1376.296,1004
1376.72,1003
1376.873,1002
1376.902,1001
1376.916,1000
1377.259,999
1378.048,998
1378.331,997
1378.749,996
1379.32,995
1379.992,994
1380.078,993
1380.096,992
1380.509,991
1380.665,990
1380.762,989
1381.142,988
1381.175,987
1381.392,986
1382.095,985
1382.447,984
1382.863,983
1383.067,982
1383.703,981
1384.363,980
1384.596,979
1384.853,978
1384.881,977
1385.104,976
1385.223,975
1385.65,974
1385.935,973
1386.261,972
1386.497,971
1386.682,970
1386.949,969
1386.974,968
1387.72,967
1387.909,966
1388.07,965
1388.416,964
1388.59,963
1388.602,962
1388.909,961
1388.923,960
1389.35,959
1389.476,958
1389.508,957
1389.513,956
1390.067,955
1390.219,954
1390.878,953
1390.96,952
1391.502,951
1391.542,950
1392.486,949
1392.647,948
1393.35,947
1393.523,946
1393.534,945
1393.608,944
1393.717,943
1393.865,942
1394.017,941
1394.258,940
1394.743,939
1394.842,938
1394.877,937
1394.915,936
1395.109,935
1395.839,934
1396.035,933
1396.235,932
1396.306,931
1396.604,930
1396.717,929
1396.837,928
1397.134,927
1397.145,926
1397.582,925
1398.261,924
1398.429,923
1398.678,922
1398.998,921
1399.597,920
1399.893,919
1401.001,918
1401.436,917
1401.583,916
1401.827,915
1401.866,914
1401.885,913
1402.204,912
1402.397,911
1402.806,910
1403.348,909
1404.717,908
1404.744,907
1404.866,906
1404.874,905
1404.915,904
1405.093,903
1406.383,902
1406.49,901
1407.169,900
1407.211,899
1407.874,898
1408.241,897
1408.659,896
1409.068,895
1409.308,894
1410.546,893
1410.975,892
1411.015,891
1411.504,890
1411.803,889
1412.008,888
1412.019,887
1412.567,886
1413.845,885
1415.294,884
1415.442,883
1415.668,882
1415.774,881
1416.265,880
1416.51,879
1416.798,878
1417.375,877
1417.956,876
1418.505,875
1418.616,874
1419.232,873
1419.374,872
1419.738,871
1420.982,870
1420.989,869
1420.994,868
1421.115,867
1421.372,866
1422.278,865
1422.861,864
1422.912,863
1423.421,862
1424.349,861
1424.907,860
1425.745,859
1425.76,858
1426.013,857
1426.827,856
1427.621,855
1428.97,854
1429.428,853
1429.736,852
1430.055,851
1430.886,850
1431.476,849
1432.121,848
1432.483,847
1432.595,846
1433.083,845
1433.614,844
1433.648,843
1433.763,842
1433.835,841
1433.92,840
1434.301,839
1434.733,838
1435.064,837
1435.573,836
1435.592,835
1435.702,834
1436.04,833
1436.561,832
1436.751,831
1436.86,830
1437.064,829
1437.534,828
1438.282,827
1438.399,826
1438.578,825
1438.962,824
1439.214,823
1439.25,822
1439.395,821
1440.198,820
1440.325,819
1440.8,818
1441.002,817
1441.063,816
1441.184,815
1441.347,814
1443.034,813
1443.763,812
1443.897,811
1443.9,810
1445.192,809
1445.902,808
1447.682,807
1448.165,806
1448.787,805
1449.412,804
1449.737,803
1450.004,802
1450.108,801
1450.35,800
1450.584,799
1451.031,798
1451.693,797
1452.295,796
1452.759,795
1453.884,794
1454.352,793
1454.431,792
1454.515,791
1454.582,790
1454.701,789
1455.086,788
1455.375,787
1456.468,786
1457.004,785
1457.035,784
1457.225,783
1457.398,782
1457.447,781
1457.867,780
1458.578,779
1460.837,778
1461.128,777
1461.189,776
1461.444,775
1461.577,774
1461.755,773
1462.555,772
1463.782,771
1464.275,770
1465.38,769
1465.401,768
1465.894,767
1466.889,766
1467.333,765
1468.023,764
1468.351,763
1468.498,762
1468.51,761
1468.782,760
1469.298,759
1469.407,758
1469.458,757
1470.898,756
1470.983,755
1472.22,754
1472.356,753
1472.511,752
1472.788,751
1472.802,750
1473.57,749
1473.631,748
1474.043,747
1474.868,746
1475.667,745
1476.362,744
1476.781,743
1476.893,742
1477.282,741
1478.053,740
1478.612,739
1478.657,738
1478.782,737
1478.923,736
1478.979,735
1479.294,734
1479.666,733
1479.87,732
1480.442,731
1481.474,730
1481.732,729
1482.418,728
1483.915,727
1484.236,726
1484.752,725
1485.14,724
1485.304,723
1485.949,722
1486.318,721
1487.928,720
1489.783,719
1491.148,718
1492.687,717
1494.547,716
1494.786,715
1495.155,714
1495.909,713
1496.206,712
1496.379,711
1501.474,710
1501.621,709
1501.807,708
1502.949,707
1503.726,706
1504.666,705
1504.978,704
1505.635,703
1506.337,702
1506.907,701
1508.301,700
1508.907,699
1509.186,698
1509.812,697
1510.066,696
1511.121,695
1511.431,694
1511.614,693
1511.911,692
1512.097,691
1515.655,690
1516.428,689
1517.019,688
1517.162,687
1517.384,686
1517.459,685
1517.67,684
1518.387,683
1518.388,682
1519.648,681
1521.515,680
1521.777,679
1522.307,678
1523.009,677
1523.516,676
1523.894,675
1524.242,674
1524.337,673
1524.501,672
1524.884,671
1524.918,670
1525.359,669
1526.714,668
1527.397,667
1528.198,666
1530.087,665
1531.051,664
1531.545,663
1531.783,662
1532.032,661
1532.461,660
1532.8,659
1533.657,658
1534.064,657
1534.286,656
1534.946,655
1536.252,654
1537.906,653
1538.017,652
1538.074,651
1538.314,650
1539.469,649
1540.386,648
1540.669,647
1540.735,646
1542.92,645
1543.26,644
1543.767,643
1543.769,642
1545.001,641
1545.239,640
1549.309,639
1549.922,638
1550.454,637
1550.545,636
1550.831,635
1551.337,634
1551.459,633
1551.498,632
1552.022,631
1554.526,630
1555.073,629
1556.015,628
1556.668,627
1557.592,626
1557.795,625
1558.373,624
1558.418,623
1559.434,622
1559.699,621
1559.777,620
1560.259,619
1561.56,618
1561.727,617
1562.65,616
1563.361,615
1564.87,614
1565.738,613
1566.004,612
1566.091,611
1566.132,610
1567.284,609
1567.8,608
1569.083,607
1569.242,606
1569.387,605
1569.862,604
1570.097,603
1570.968,602
1574.361,601
1574.365,600
1574.415,599
1574.837,598
1575.495,597
1575.766,596
1575.831,595
1576.06,594
1576.72,593
1577.053,592
1579.059,591
1579.562,590
1580.539,589
1580.878,588
1582.097,587
1582.548,586
1586.059,585
1587.003,584
1588.86,583
1590.529,582
1592.267,581
1592.495,580
1593.034,579
1594.394,578
1594.413,577
1594.853,576
1594.887,575
1595.112,574
1595.938,573
1596.549,572
1597.063,571
1598.045,570
1599.393,569
1599.844,568
1600.27,567
1600.422,566
1600.44,565
1601.303,564
1601.532,563
1601.55,562
1601.761,561
1603.565,560
1603.884,559
1604.153,558
1604.368,557
1605.689,556
1605.993,555
1606.458,554
1606.808,553
1607.306,552
1607.74,551
1608.433,550
1610.432,549
1610.937,548
1612.114,547
1612.131,546
1612.854,545
1613.071,544
1613.208,543
1614.9,542
1620.413,541
1620.756,540
1621.126,539
1621.445,538
1622.243,537
1623.388,536
1624.277,535
1624.993,534
1625.265,533
1625.684,532
1626.118,531
1626.227,530
1626.766,529
1627.015,528
1627.533,527
1629.508,526
1632.602,525
1633.022,524
1633.972,523
1635.212,522
1635.367,521
1635.972,520
1636.676,519
1639.076,518
1639.984,517
1640.129,516
1641.472,515
1641.497,514
1641.534,513
1641.72,512
1642.112,511
1644.511,510
1645.103,509
1645.94,508
1648.286,507
1648.676,506
1649.995,505
1651.943,504
1653.287,503
1654.568,502
1655.292,501
1656.288,500
1657.003,499
1657.866,498
1658.075,497
1660.462,496
1660.627,495
1661.928,494
1662.31,493
1662.657,492
1663.242,491
1663.678,490
1663.826,489
1664.145,488
1664.249,487
1664.579,486
1664.945,485
1668.258,484
1668.273,483
1668.429,482
1668.845,481
1669.229,480
1669.908,479
1670.182,478
1670.649,477
1670.816,476
1671.664,475
1671.679,474
1673.068,473
1673.541,472
1675.563,471
1676.105,470
1677.509,469
1677.706,468
1677.792,467
1678.993,466
1679.717,465
1680.823,464
1681.332,463
1681.654,462
1681.698,461
1683.965,460
1684.157,459
1685.572,458
1686.842,457
1689.836,456
1690.531,455
1690.84,454
1691.496,453
1691.92,452
1692.238,451
1692.908,450
1693.921,449
1696.931,448
1697.571,447
1697.836,446
1697.916,445
1697.928,444
1698.0,443
1699.115,442
1700.641,441
1701.126,440
1702.679,439
1702.842,438
1703.28,437
1704.751,436
1705.413,435
1706.236,434
1708.239,433
1708.339,432
1708.439,431
1708.589,430
1710.157,429
1711.271,428
1712.078,427
1712.886,426
1713.198,425
1717.271,424
1719.829,423
1721.27,422
1723.092,421
1726.228,420
1729.121,419
1730.009,418
1734.082,417
1736.612,416
1737.229,415
1737.399,414
1739.196,413
1739.511,412
1740.529,411
1741.335,410
1742.061,409
1743.155,408
1743.907,407
1744.888,406
1745.195,405
1745.746,404
1746.763,403
1747.436,402
1748.749,401
1749.865,400
1750.004,399
1750.335,398
1750.359,397
1751.278,396
1751.71,395
1751.738,394
1752.031,393
1752.298,392
1752.62,391
1752.907,390
1753.241,389
1754.03,388
1754.768,387
1757.996,386
1759.62,385
1759.952,384
1760.628,383
1761.508,382
1762.057,381
1762.417,380
1763.795,379
1765.407,378
1767.294,377
1767.619,376
1771.461,375
1771.66,374
1771.883,373
1772.757,372
1772.97,371
1775.11,370
1775.708,369
1777.376,368
1778.285,367
1780.793,366
1781.995,365
1784.925,364
1785.284,363
1785.751,362
1786.245,361
1786.757,360
1787.094,359
1791.383,358
1792.752,357
1793.633,356
1793.813,355
1795.394,354
1796.981,353
1797.207,352
1797.362,351
1797.856,350
1799.098,349
1799.273,348
1799.67,347
1801.413,346
1802.63,345
1804.233,344
1804.278,343
1804.413,342
1804.779,341
1804.812,340
1805.378,339
1806.247,338
1807.455,337
1809.154,336
1810.695,335
1811.012,334
1812.038,333
1814.689,332
1818.049,331
1818.172,330
1818.798,329
1819.055,328
1819.275,327
1823.765,326
1824.819,325
1825.855,324
1825.913,323
1826.229,322
1826.784,321
1827.157,320
1828.439,319
1831.424,318
1831.709,317
1832.234,316
1833.205,315
1834.709,314
1835.419,313
1835.491,312
1836.228,311
1838.344,310
1838.937,309
1841.101,308
1841.823,307
1842.219,306
1843.01,305
1843.813,304
1847.35,303
1847.622,302
1848.228,301
1848.692,300
1851.621,299
1851.924,298
1852.363,297
1852.997,296
1853.513,295
1853.647,294
1854.798,293
1855.431,292
1855.468,291
1856.098,290
1856.601,289
1859.489,288
1860.152,287
1860.704,286
1862.853,285
1863.119,284
1863.615,283
1865.202,282
1867.643,281
1868.595,280
1869.685,279
1871.425,278
1872.925,277
1873.677,276
1875.489,275
1877.292,274
1877.958,273
1878.879,272
1881.534,271
1882.83,270
1883.124,269
1883.14,268
1885.024,267
1893.501,266
1893.848,265
1893.899,264
1895.444,263
1895.448,262
1895.705,261
1897.784,260
1898.338,259
1898.667,258
1899.188,257
1899.379,256
1900.892,255
1901.475,254
1902.198,253
1903.754,252
1906.036,251
1906.106,250
1906.943,249
1908.055,248
1908.207,247
1908.723,246
1909.1,245
1909.757,244
1909.902,243
1913.465,242
1915.063,241
1915.322,240
1916.755,239
1917.139,238
1919.042,237
1919.703,236
1922.187,235
1923.247,234
1923.369,233
1927.498,232
1928.02,231
1928.936,230
1929.648,229
1930.394,228
1930.608,227
1931.12,226
1933.511,225
1936.256,224
1936.936,223
1937.937,222
1938.483,221
1939.27,220
1940.348,219
1943.209,218
1943.713,217
1944.207,216
1946.514,215
1947.534,214
1948.584,213
1950.622,212
1951.952,211
1952.597,210
1952.693,209
1953.333,208
1953.524,207
1954.828,206
1954.856,205
1959.5,204
1960.404,203
1960.615,202
1961.368,201
1961.714,200
1963.735,199
1964.163,198
1964.295,197
1965.514,196
1966.378,195
1966.588,194
1969.513,193
1970.572,192
1973.392,191
1973.609,190
1973.722,189
1974.555,188
1975.273,187
1976.892,186
1979.495,185
1981.722,184
1982.286,183
1983.28,182
1989.589,181
1992.717,180
1994.536,179
1995.275,178
1995.607,177
1996.688,176
1998.724,175
2002.06,174
2002.634,173
2002.818,172
2002.867,171
2004.26,170
2005.264,169
2005.918,168
2009.874,167
2011.075,166
2012.481,165
2013.247,164
2014.339,163
2015.856,162
2016.066,161
2016.55,160
2017.942,159
2018.965,158
2019.402,157
2019.832,156
2021.099,155
2022.677,154
2023.365,153
2023.418,152
2023.999,151
2025.084,150
2028.256,149
2028.698,148
2030.106,147
2030.664,146
2033.15,145
2034.475,144
2035.285,143
2036.697,142
2037.401,141
2039.573,140
2039.644,139
2043.139,138
2043.386,137
2043.456,136
2043.653,135
2043.698,134
2043.768,133
2045.309,132
2046.326,131
2048.588,130
2053.864,129
2054.082,128
2057.424,127
2058.921,126
2062.501,125
2065.196,124
2065.914,123
2067.406,122
2067.52,121
2067.699,120
2068.17,119
2068.45,118
2070.49,117
2072.459,116
2074.991,115
2075.055,114
2082.798,113
2085.834,112
2089.85,111
2092.111,110
2093.408,109
2093.8,108
2101.541,107
2103.445,106
2106.54,105
2107.578,104
2108.817,103
2111.096,102
2111.167,101
2113.33,100
2115.947,99
2123.983,98
2124.001,97
2125.5,96
2125.786,95
2128.096,94
2130.414,93
2131.102,92
2131.244,91
2136.177,90
2138.951,89
2140.718,88
2146.006,87
2146.826,86
2149.704,85
2151.564,84
2152.072,83
2152.896,82
2156.371,81
2156.596,80
2159.376,79
2166.96,78
2167.495,77
2172.651,76
2173.66,75
2176.836,74
2178.64,73
2184.961,72
2186.635,71
2202.329,70
2203.119,69
2204.511,68
2205.689,67
2215.594,66
2216.581,65
2218.902,64
2219.277,63
2221.569,62
2221.764,61
2225.509,60
2226.636,59
2228.866,58
2239.546,57
2239.686,56
2241.115,55
2241.824,54
2242.921,53
2244.015,52
2260.454,51
2261.819,50
2263.24,49
2265.796,48
2270.404,47
2275.265,46
2276.965,45
2277.496,44
2278.686,43
2293.229,42
2299.727,41
2312.991,40
2321.692,39
2323.957,38
2324.682,37
2334.623,36
2336.026,35
2336.182,34
2337.485,33
2342.839,32
2347.378,31
2355.508,30
2359.073,29
2362.857,28
2373.799,27
2375.803,26
2380.597,25
2383.378,24
2387.262,23
2391.576,22
2411.356,21
2419.536,20
2427.293,19
2431.986,18
2435.143,17
2436.587,16
2439.22,15
2441.242,14
2446.789,13
2450.695,12
2450.727,11
2460.529,10
2468.877,9
2486.718,8
2488.844,7
2492.13,6
2494.532,5
2498.184,4
2508.217,3
2513.871,2
2517.922,1
2549.433,0
