datetime_beginning_utc,datetime_beginning_ept,nerc_region,mkt_region,zone,load_area,mw,is_verified
1/1/2025 5:00:00 AM,1/1/2025 12:00:00 AM,RFC,MIDATL,AE,AECO,870.261,False
1/1/2025 6:00:00 AM,1/1/2025 1:00:00 AM,RFC,MIDATL,AE,AECO,849.973,False
1/1/2025 7:00:00 AM,1/1/2025 2:00:00 AM,RFC,MIDATL,AE,AECO,822.307,False
1/1/2025 8:00:00 AM,1/1/2025 3:00:00 AM,RFC,MIDATL,AE,AECO,806.422,False
1/1/2025 9:00:00 AM,1/1/2025 4:00:00 AM,RFC,MIDATL,AE,AECO,808.329,False
1/1/2025 10:00:00 AM,1/1/2025 5:00:00 AM,RFC,MIDATL,AE,AECO,814.683,False
1/1/2025 11:00:00 AM,1/1/2025 6:00:00 AM,RFC,MIDATL,AE,AECO,837.518,False
1/1/2025 12:00:00 PM,1/1/2025 7:00:00 AM,RFC,MIDATL,AE,AECO,843.763,False
1/1/2025 1:00:00 PM,1/1/2025 8:00:00 AM,RFC,MIDATL,AE,AECO,818.413,False
1/1/2025 2:00:00 PM,1/1/2025 9:00:00 AM,RFC,MIDATL,AE,AECO,751.426,False
1/1/2025 3:00:00 PM,1/1/2025 10:00:00 AM,RFC,MIDATL,AE,AECO,741.504,False
1/1/2025 4:00:00 PM,1/1/2025 11:00:00 AM,RFC,MIDATL,AE,AECO,825.009,False
1/1/2025 5:00:00 PM,1/1/2025 12:00:00 PM,RFC,MIDATL,AE,AECO,861.373,False
1/1/2025 6:00:00 PM,1/1/2025 1:00:00 PM,RFC,MIDATL,AE,AECO,800.722,False
1/1/2025 7:00:00 PM,1/1/2025 2:00:00 PM,RFC,MIDATL,AE,AECO,841.851,False
1/1/2025 8:00:00 PM,1/1/2025 3:00:00 PM,RFC,MIDATL,AE,AECO,936.100,False
1/1/2025 9:00:00 PM,1/1/2025 4:00:00 PM,RFC,MIDATL,AE,AECO,1046.296,False
1/1/2025 10:00:00 PM,1/1/2025 5:00:00 PM,RFC,MIDATL,AE,AECO,1143.254,False
1/1/2025 11:00:00 PM,1/1/2025 6:00:00 PM,RFC,MIDATL,AE,AECO,1154.857,False
1/2/2025 12:00:00 AM,1/1/2025 7:00:00 PM,RFC,MIDATL,AE,AECO,1141.305,False
1/2/2025 1:00:00 AM,1/1/2025 8:00:00 PM,RFC,MIDATL,AE,AECO,1118.914,False
1/2/2025 2:00:00 AM,1/1/2025 9:00:00 PM,RFC,MIDATL,AE,AECO,1077.253,False
1/2/2025 3:00:00 AM,1/1/2025 10:00:00 PM,RFC,MIDATL,AE,AECO,1016.837,False
1/2/2025 4:00:00 AM,1/1/2025 11:00:00 PM,RFC,MIDATL,AE,AECO,957.586,False
1/2/2025 5:00:00 AM,1/2/2025 12:00:00 AM,RFC,MIDATL,AE,AECO,915.981,False
1/2/2025 6:00:00 AM,1/2/2025 1:00:00 AM,RFC,MIDATL,AE,AECO,896.861,False
1/2/2025 7:00:00 AM,1/2/2025 2:00:00 AM,RFC,MIDATL,AE,AECO,886.359,False
1/2/2025 8:00:00 AM,1/2/2025 3:00:00 AM,RFC,MIDATL,AE,AECO,894.922,False
1/2/2025 9:00:00 AM,1/2/2025 4:00:00 AM,RFC,MIDATL,AE,AECO,910.267,False
1/2/2025 10:00:00 AM,1/2/2025 5:00:00 AM,RFC,MIDATL,AE,AECO,968.253,False
1/2/2025 11:00:00 AM,1/2/2025 6:00:00 AM,RFC,MIDATL,AE,AECO,1045.726,False
1/2/2025 12:00:00 PM,1/2/2025 7:00:00 AM,RFC,MIDATL,AE,AECO,1090.672,False
1/2/2025 1:00:00 PM,1/2/2025 8:00:00 AM,RFC,MIDATL,AE,AECO,1041.160,False
1/2/2025 2:00:00 PM,1/2/2025 9:00:00 AM,RFC,MIDATL,AE,AECO,941.513,False
1/2/2025 3:00:00 PM,1/2/2025 10:00:00 AM,RFC,MIDATL,AE,AECO,851.209,False
1/2/2025 4:00:00 PM,1/2/2025 11:00:00 AM,RFC,MIDATL,AE,AECO,802.378,False
1/2/2025 5:00:00 PM,1/2/2025 12:00:00 PM,RFC,MIDATL,AE,AECO,805.828,False
1/2/2025 6:00:00 PM,1/2/2025 1:00:00 PM,RFC,MIDATL,AE,AECO,873.289,False
1/2/2025 7:00:00 PM,1/2/2025 2:00:00 PM,RFC,MIDATL,AE,AECO,918.996,False
1/2/2025 8:00:00 PM,1/2/2025 3:00:00 PM,RFC,MIDATL,AE,AECO,1063.634,False
1/2/2025 9:00:00 PM,1/2/2025 4:00:00 PM,RFC,MIDATL,AE,AECO,1163.360,False
1/2/2025 10:00:00 PM,1/2/2025 5:00:00 PM,RFC,MIDATL,AE,AECO,1269.081,False
1/2/2025 11:00:00 PM,1/2/2025 6:00:00 PM,RFC,MIDATL,AE,AECO,1287.590,False
1/3/2025 12:00:00 AM,1/2/2025 7:00:00 PM,RFC,MIDATL,AE,AECO,1270.592,False
1/3/2025 1:00:00 AM,1/2/2025 8:00:00 PM,RFC,MIDATL,AE,AECO,1242.741,False
1/3/2025 2:00:00 AM,1/2/2025 9:00:00 PM,RFC,MIDATL,AE,AECO,1188.027,False
1/3/2025 3:00:00 AM,1/2/2025 10:00:00 PM,RFC,MIDATL,AE,AECO,1118.523,False
1/3/2025 4:00:00 AM,1/2/2025 11:00:00 PM,RFC,MIDATL,AE,AECO,1039.711,False
1/3/2025 5:00:00 AM,1/3/2025 12:00:00 AM,RFC,MIDATL,AE,AECO,999.888,False
1/3/2025 6:00:00 AM,1/3/2025 1:00:00 AM,RFC,MIDATL,AE,AECO,967.555,False
1/3/2025 7:00:00 AM,1/3/2025 2:00:00 AM,RFC,MIDATL,AE,AECO,955.837,False
1/3/2025 8:00:00 AM,1/3/2025 3:00:00 AM,RFC,MIDATL,AE,AECO,952.445,False
1/3/2025 9:00:00 AM,1/3/2025 4:00:00 AM,RFC,MIDATL,AE,AECO,974.041,False
1/3/2025 10:00:00 AM,1/3/2025 5:00:00 AM,RFC,MIDATL,AE,AECO,1020.125,False
1/3/2025 11:00:00 AM,1/3/2025 6:00:00 AM,RFC,MIDATL,AE,AECO,1102.159,False
1/3/2025 12:00:00 PM,1/3/2025 7:00:00 AM,RFC,MIDATL,AE,AECO,1149.063,False
1/3/2025 1:00:00 PM,1/3/2025 8:00:00 AM,RFC,MIDATL,AE,AECO,1101.936,False
1/3/2025 2:00:00 PM,1/3/2025 9:00:00 AM,RFC,MIDATL,AE,AECO,1042.816,False
1/3/2025 3:00:00 PM,1/3/2025 10:00:00 AM,RFC,MIDATL,AE,AECO,1014.349,False
1/3/2025 4:00:00 PM,1/3/2025 11:00:00 AM,RFC,MIDATL,AE,AECO,1020.087,False
1/3/2025 5:00:00 PM,1/3/2025 12:00:00 PM,RFC,MIDATL,AE,AECO,1009.249,False
1/3/2025 6:00:00 PM,1/3/2025 1:00:00 PM,RFC,MIDATL,AE,AECO,1055.255,False
1/3/2025 7:00:00 PM,1/3/2025 2:00:00 PM,RFC,MIDATL,AE,AECO,1056.525,False
1/3/2025 8:00:00 PM,1/3/2025 3:00:00 PM,RFC,MIDATL,AE,AECO,1093.589,False
1/3/2025 9:00:00 PM,1/3/2025 4:00:00 PM,RFC,MIDATL,AE,AECO,1173.645,False
1/3/2025 10:00:00 PM,1/3/2025 5:00:00 PM,RFC,MIDATL,AE,AECO,1252.963,False
1/3/2025 11:00:00 PM,1/3/2025 6:00:00 PM,RFC,MIDATL,AE,AECO,1257.008,False
1/4/2025 12:00:00 AM,1/3/2025 7:00:00 PM,RFC,MIDATL,AE,AECO,1247.111,False
1/4/2025 1:00:00 AM,1/3/2025 8:00:00 PM,RFC,MIDATL,AE,AECO,1227.402,False
1/4/2025 2:00:00 AM,1/3/2025 9:00:00 PM,RFC,MIDATL,AE,AECO,1190.494,False
1/4/2025 3:00:00 AM,1/3/2025 10:00:00 PM,RFC,MIDATL,AE,AECO,1138.229,False
1/4/2025 4:00:00 AM,1/3/2025 11:00:00 PM,RFC,MIDATL,AE,AECO,1083.549,False
1/4/2025 5:00:00 AM,1/4/2025 12:00:00 AM,RFC,MIDATL,AE,AECO,1042.683,False
1/4/2025 6:00:00 AM,1/4/2025 1:00:00 AM,RFC,MIDATL,AE,AECO,1012.323,False
1/4/2025 7:00:00 AM,1/4/2025 2:00:00 AM,RFC,MIDATL,AE,AECO,996.215,False
1/4/2025 8:00:00 AM,1/4/2025 3:00:00 AM,RFC,MIDATL,AE,AECO,991.915,False
1/4/2025 9:00:00 AM,1/4/2025 4:00:00 AM,RFC,MIDATL,AE,AECO,1004.975,False
1/4/2025 10:00:00 AM,1/4/2025 5:00:00 AM,RFC,MIDATL,AE,AECO,1021.812,False
1/4/2025 11:00:00 AM,1/4/2025 6:00:00 AM,RFC,MIDATL,AE,AECO,1054.294,False
1/4/2025 12:00:00 PM,1/4/2025 7:00:00 AM,RFC,MIDATL,AE,AECO,1097.541,False
1/4/2025 1:00:00 PM,1/4/2025 8:00:00 AM,RFC,MIDATL,AE,AECO,1084.192,False
1/4/2025 2:00:00 PM,1/4/2025 9:00:00 AM,RFC,MIDATL,AE,AECO,1017.997,False
1/4/2025 3:00:00 PM,1/4/2025 10:00:00 AM,RFC,MIDATL,AE,AECO,1023.618,False
1/4/2025 4:00:00 PM,1/4/2025 11:00:00 AM,RFC,MIDATL,AE,AECO,1106.876,False
1/4/2025 5:00:00 PM,1/4/2025 12:00:00 PM,RFC,MIDATL,AE,AECO,1008.165,False
1/4/2025 6:00:00 PM,1/4/2025 1:00:00 PM,RFC,MIDATL,AE,AECO,1078.252,False
1/4/2025 7:00:00 PM,1/4/2025 2:00:00 PM,RFC,MIDATL,AE,AECO,1108.544,False
1/4/2025 8:00:00 PM,1/4/2025 3:00:00 PM,RFC,MIDATL,AE,AECO,1158.490,False
1/4/2025 9:00:00 PM,1/4/2025 4:00:00 PM,RFC,MIDATL,AE,AECO,1237.723,False
1/4/2025 10:00:00 PM,1/4/2025 5:00:00 PM,RFC,MIDATL,AE,AECO,1376.296,False
1/4/2025 11:00:00 PM,1/4/2025 6:00:00 PM,RFC,MIDATL,AE,AECO,1324.344,False
1/5/2025 12:00:00 AM,1/4/2025 7:00:00 PM,RFC,MIDATL,AE,AECO,1308.550,False
1/5/2025 1:00:00 AM,1/4/2025 8:00:00 PM,RFC,MIDATL,AE,AECO,1292.108,False
1/5/2025 2:00:00 AM,1/4/2025 9:00:00 PM,RFC,MIDATL,AE,AECO,1199.550,False
1/5/2025 3:00:00 AM,1/4/2025 10:00:00 PM,RFC,MIDATL,AE,AECO,1206.610,False
1/5/2025 4:00:00 AM,1/4/2025 11:00:00 PM,RFC,MIDATL,AE,AECO,1145.665,False
1/5/2025 5:00:00 AM,1/5/2025 12:00:00 AM,RFC,MIDATL,AE,AECO,1100.564,False
1/5/2025 6:00:00 AM,1/5/2025 1:00:00 AM,RFC,MIDATL,AE,AECO,1071.692,False
1/5/2025 7:00:00 AM,1/5/2025 2:00:00 AM,RFC,MIDATL,AE,AECO,1047.627,False
1/5/2025 8:00:00 AM,1/5/2025 3:00:00 AM,RFC,MIDATL,AE,AECO,1040.326,False
1/5/2025 9:00:00 AM,1/5/2025 4:00:00 AM,RFC,MIDATL,AE,AECO,1047.071,False
1/5/2025 10:00:00 AM,1/5/2025 5:00:00 AM,RFC,MIDATL,AE,AECO,1065.304,False
1/5/2025 11:00:00 AM,1/5/2025 6:00:00 AM,RFC,MIDATL,AE,AECO,1131.970,False
1/5/2025 12:00:00 PM,1/5/2025 7:00:00 AM,RFC,MIDATL,AE,AECO,1121.696,False
1/5/2025 1:00:00 PM,1/5/2025 8:00:00 AM,RFC,MIDATL,AE,AECO,1080.592,False
1/5/2025 2:00:00 PM,1/5/2025 9:00:00 AM,RFC,MIDATL,AE,AECO,956.265,False
1/5/2025 3:00:00 PM,1/5/2025 10:00:00 AM,RFC,MIDATL,AE,AECO,899.704,False
1/5/2025 4:00:00 PM,1/5/2025 11:00:00 AM,RFC,MIDATL,AE,AECO,847.156,False
1/5/2025 5:00:00 PM,1/5/2025 12:00:00 PM,RFC,MIDATL,AE,AECO,834.260,False
1/5/2025 6:00:00 PM,1/5/2025 1:00:00 PM,RFC,MIDATL,AE,AECO,883.158,False
1/5/2025 7:00:00 PM,1/5/2025 2:00:00 PM,RFC,MIDATL,AE,AECO,963.134,False
1/5/2025 8:00:00 PM,1/5/2025 3:00:00 PM,RFC,MIDATL,AE,AECO,1083.328,False
1/5/2025 9:00:00 PM,1/5/2025 4:00:00 PM,RFC,MIDATL,AE,AECO,1209.982,False
1/5/2025 10:00:00 PM,1/5/2025 5:00:00 PM,RFC,MIDATL,AE,AECO,1355.061,False
1/5/2025 11:00:00 PM,1/5/2025 6:00:00 PM,RFC,MIDATL,AE,AECO,1324.553,False
1/6/2025 12:00:00 AM,1/5/2025 7:00:00 PM,RFC,MIDATL,AE,AECO,1305.461,False
1/6/2025 1:00:00 AM,1/5/2025 8:00:00 PM,RFC,MIDATL,AE,AECO,1277.947,False
1/6/2025 2:00:00 AM,1/5/2025 9:00:00 PM,RFC,MIDATL,AE,AECO,1200.379,False
1/6/2025 3:00:00 AM,1/5/2025 10:00:00 PM,RFC,MIDATL,AE,AECO,1177.015,False
1/6/2025 4:00:00 AM,1/5/2025 11:00:00 PM,RFC,MIDATL,AE,AECO,1105.077,False
1/6/2025 5:00:00 AM,1/6/2025 12:00:00 AM,RFC,MIDATL,AE,AECO,1058.782,False
1/6/2025 6:00:00 AM,1/6/2025 1:00:00 AM,RFC,MIDATL,AE,AECO,1025.403,False
1/6/2025 7:00:00 AM,1/6/2025 2:00:00 AM,RFC,MIDATL,AE,AECO,1011.704,False
1/6/2025 8:00:00 AM,1/6/2025 3:00:00 AM,RFC,MIDATL,AE,AECO,995.424,False
1/6/2025 9:00:00 AM,1/6/2025 4:00:00 AM,RFC,MIDATL,AE,AECO,1016.224,False
1/6/2025 10:00:00 AM,1/6/2025 5:00:00 AM,RFC,MIDATL,AE,AECO,1041.087,False
1/6/2025 11:00:00 AM,1/6/2025 6:00:00 AM,RFC,MIDATL,AE,AECO,1137.727,False
1/6/2025 12:00:00 PM,1/6/2025 7:00:00 AM,RFC,MIDATL,AE,AECO,1154.956,False
1/6/2025 1:00:00 PM,1/6/2025 8:00:00 AM,RFC,MIDATL,AE,AECO,1195.770,False
1/6/2025 2:00:00 PM,1/6/2025 9:00:00 AM,RFC,MIDATL,AE,AECO,1205.477,False
1/6/2025 3:00:00 PM,1/6/2025 10:00:00 AM,RFC,MIDATL,AE,AECO,1257.465,False
1/6/2025 4:00:00 PM,1/6/2025 11:00:00 AM,RFC,MIDATL,AE,AECO,1269.150,False
1/6/2025 5:00:00 PM,1/6/2025 12:00:00 PM,RFC,MIDATL,AE,AECO,1302.901,False
1/6/2025 6:00:00 PM,1/6/2025 1:00:00 PM,RFC,MIDATL,AE,AECO,1246.288,False
1/6/2025 7:00:00 PM,1/6/2025 2:00:00 PM,RFC,MIDATL,AE,AECO,1250.425,False
1/6/2025 8:00:00 PM,1/6/2025 3:00:00 PM,RFC,MIDATL,AE,AECO,1245.820,False
1/6/2025 9:00:00 PM,1/6/2025 4:00:00 PM,RFC,MIDATL,AE,AECO,1281.529,False
1/6/2025 10:00:00 PM,1/6/2025 5:00:00 PM,RFC,MIDATL,AE,AECO,1404.717,False
1/6/2025 11:00:00 PM,1/6/2025 6:00:00 PM,RFC,MIDATL,AE,AECO,1357.359,False
1/7/2025 12:00:00 AM,1/6/2025 7:00:00 PM,RFC,MIDATL,AE,AECO,1333.208,False
1/7/2025 1:00:00 AM,1/6/2025 8:00:00 PM,RFC,MIDATL,AE,AECO,1297.426,False
1/7/2025 2:00:00 AM,1/6/2025 9:00:00 PM,RFC,MIDATL,AE,AECO,1199.363,False
1/7/2025 3:00:00 AM,1/6/2025 10:00:00 PM,RFC,MIDATL,AE,AECO,1174.039,False
1/7/2025 4:00:00 AM,1/6/2025 11:00:00 PM,RFC,MIDATL,AE,AECO,1117.191,False
1/7/2025 5:00:00 AM,1/7/2025 12:00:00 AM,RFC,MIDATL,AE,AECO,1089.725,False
1/7/2025 6:00:00 AM,1/7/2025 1:00:00 AM,RFC,MIDATL,AE,AECO,1077.385,False
1/7/2025 7:00:00 AM,1/7/2025 2:00:00 AM,RFC,MIDATL,AE,AECO,1081.070,False
1/7/2025 8:00:00 AM,1/7/2025 3:00:00 AM,RFC,MIDATL,AE,AECO,1092.672,False
1/7/2025 9:00:00 AM,1/7/2025 4:00:00 AM,RFC,MIDATL,AE,AECO,1113.588,False
1/7/2025 10:00:00 AM,1/7/2025 5:00:00 AM,RFC,MIDATL,AE,AECO,1162.481,False
1/7/2025 11:00:00 AM,1/7/2025 6:00:00 AM,RFC,MIDATL,AE,AECO,1282.169,False
1/7/2025 12:00:00 PM,1/7/2025 7:00:00 AM,RFC,MIDATL,AE,AECO,1271.777,False
1/7/2025 1:00:00 PM,1/7/2025 8:00:00 AM,RFC,MIDATL,AE,AECO,1286.955,False
1/7/2025 2:00:00 PM,1/7/2025 9:00:00 AM,RFC,MIDATL,AE,AECO,1216.915,False
1/7/2025 3:00:00 PM,1/7/2025 10:00:00 AM,RFC,MIDATL,AE,AECO,1244.512,False
1/7/2025 4:00:00 PM,1/7/2025 11:00:00 AM,RFC,MIDATL,AE,AECO,1222.170,False
1/7/2025 5:00:00 PM,1/7/2025 12:00:00 PM,RFC,MIDATL,AE,AECO,1187.051,False
1/7/2025 6:00:00 PM,1/7/2025 1:00:00 PM,RFC,MIDATL,AE,AECO,1145.064,False
1/7/2025 7:00:00 PM,1/7/2025 2:00:00 PM,RFC,MIDATL,AE,AECO,1130.431,False
1/7/2025 8:00:00 PM,1/7/2025 3:00:00 PM,RFC,MIDATL,AE,AECO,1171.836,False
1/7/2025 9:00:00 PM,1/7/2025 4:00:00 PM,RFC,MIDATL,AE,AECO,1247.746,False
1/7/2025 10:00:00 PM,1/7/2025 5:00:00 PM,RFC,MIDATL,AE,AECO,1425.745,False
1/7/2025 11:00:00 PM,1/7/2025 6:00:00 PM,RFC,MIDATL,AE,AECO,1396.306,False
1/8/2025 12:00:00 AM,1/7/2025 7:00:00 PM,RFC,MIDATL,AE,AECO,1372.545,False
1/8/2025 1:00:00 AM,1/7/2025 8:00:00 PM,RFC,MIDATL,AE,AECO,1344.046,False
1/8/2025 2:00:00 AM,1/7/2025 9:00:00 PM,RFC,MIDATL,AE,AECO,1231.026,False
1/8/2025 3:00:00 AM,1/7/2025 10:00:00 PM,RFC,MIDATL,AE,AECO,1222.739,False
1/8/2025 4:00:00 AM,1/7/2025 11:00:00 PM,RFC,MIDATL,AE,AECO,1152.020,False
1/8/2025 5:00:00 AM,1/8/2025 12:00:00 AM,RFC,MIDATL,AE,AECO,1109.915,False
1/8/2025 6:00:00 AM,1/8/2025 1:00:00 AM,RFC,MIDATL,AE,AECO,1072.333,False
1/8/2025 7:00:00 AM,1/8/2025 2:00:00 AM,RFC,MIDATL,AE,AECO,1057.062,False
1/8/2025 8:00:00 AM,1/8/2025 3:00:00 AM,RFC,MIDATL,AE,AECO,1060.473,False
1/8/2025 9:00:00 AM,1/8/2025 4:00:00 AM,RFC,MIDATL,AE,AECO,1079.676,False
1/8/2025 10:00:00 AM,1/8/2025 5:00:00 AM,RFC,MIDATL,AE,AECO,1129.662,False
1/8/2025 11:00:00 AM,1/8/2025 6:00:00 AM,RFC,MIDATL,AE,AECO,1233.502,False
1/8/2025 12:00:00 PM,1/8/2025 7:00:00 AM,RFC,MIDATL,AE,AECO,1249.218,False
1/8/2025 1:00:00 PM,1/8/2025 8:00:00 AM,RFC,MIDATL,AE,AECO,1233.751,False
1/8/2025 2:00:00 PM,1/8/2025 9:00:00 AM,RFC,MIDATL,AE,AECO,1162.120,False
1/8/2025 3:00:00 PM,1/8/2025 10:00:00 AM,RFC,MIDATL,AE,AECO,1135.609,False
1/8/2025 4:00:00 PM,1/8/2025 11:00:00 AM,RFC,MIDATL,AE,AECO,1100.428,False
1/8/2025 5:00:00 PM,1/8/2025 12:00:00 PM,RFC,MIDATL,AE,AECO,1083.436,False
1/8/2025 6:00:00 PM,1/8/2025 1:00:00 PM,RFC,MIDATL,AE,AECO,1071.716,False
1/8/2025 7:00:00 PM,1/8/2025 2:00:00 PM,RFC,MIDATL,AE,AECO,1100.261,False
1/8/2025 8:00:00 PM,1/8/2025 3:00:00 PM,RFC,MIDATL,AE,AECO,1177.323,False
1/8/2025 9:00:00 PM,1/8/2025 4:00:00 PM,RFC,MIDATL,AE,AECO,1304.961,False
1/8/2025 10:00:00 PM,1/8/2025 5:00:00 PM,RFC,MIDATL,AE,AECO,1396.035,False
1/8/2025 11:00:00 PM,1/8/2025 6:00:00 PM,RFC,MIDATL,AE,AECO,1407.874,False
1/9/2025 12:00:00 AM,1/8/2025 7:00:00 PM,RFC,MIDATL,AE,AECO,1393.350,False
1/9/2025 1:00:00 AM,1/8/2025 8:00:00 PM,RFC,MIDATL,AE,AECO,1378.749,False
1/9/2025 2:00:00 AM,1/8/2025 9:00:00 PM,RFC,MIDATL,AE,AECO,1296.880,False
1/9/2025 3:00:00 AM,1/8/2025 10:00:00 PM,RFC,MIDATL,AE,AECO,1260.576,False
1/9/2025 4:00:00 AM,1/8/2025 11:00:00 PM,RFC,MIDATL,AE,AECO,1200.560,False
1/9/2025 5:00:00 AM,1/9/2025 12:00:00 AM,RFC,MIDATL,AE,AECO,1165.118,False
1/9/2025 6:00:00 AM,1/9/2025 1:00:00 AM,RFC,MIDATL,AE,AECO,1135.376,False
1/9/2025 7:00:00 AM,1/9/2025 2:00:00 AM,RFC,MIDATL,AE,AECO,1127.191,False
1/9/2025 8:00:00 AM,1/9/2025 3:00:00 AM,RFC,MIDATL,AE,AECO,1128.409,False
1/9/2025 9:00:00 AM,1/9/2025 4:00:00 AM,RFC,MIDATL,AE,AECO,1148.044,False
1/9/2025 10:00:00 AM,1/9/2025 5:00:00 AM,RFC,MIDATL,AE,AECO,1198.720,False
1/9/2025 11:00:00 AM,1/9/2025 6:00:00 AM,RFC,MIDATL,AE,AECO,1309.304,False
1/9/2025 12:00:00 PM,1/9/2025 7:00:00 AM,RFC,MIDATL,AE,AECO,1339.068,False
1/9/2025 1:00:00 PM,1/9/2025 8:00:00 AM,RFC,MIDATL,AE,AECO,1286.885,False
1/9/2025 2:00:00 PM,1/9/2025 9:00:00 AM,RFC,MIDATL,AE,AECO,1176.234,False
1/9/2025 3:00:00 PM,1/9/2025 10:00:00 AM,RFC,MIDATL,AE,AECO,1126.962,False
1/9/2025 4:00:00 PM,1/9/2025 11:00:00 AM,RFC,MIDATL,AE,AECO,1064.842,False
1/9/2025 5:00:00 PM,1/9/2025 12:00:00 PM,RFC,MIDATL,AE,AECO,1032.472,False
1/9/2025 6:00:00 PM,1/9/2025 1:00:00 PM,RFC,MIDATL,AE,AECO,1029.113,False
1/9/2025 7:00:00 PM,1/9/2025 2:00:00 PM,RFC,MIDATL,AE,AECO,1063.203,False
1/9/2025 8:00:00 PM,1/9/2025 3:00:00 PM,RFC,MIDATL,AE,AECO,1146.834,False
1/9/2025 9:00:00 PM,1/9/2025 4:00:00 PM,RFC,MIDATL,AE,AECO,1265.268,False
1/9/2025 10:00:00 PM,1/9/2025 5:00:00 PM,RFC,MIDATL,AE,AECO,1415.294,False
1/9/2025 11:00:00 PM,1/9/2025 6:00:00 PM,RFC,MIDATL,AE,AECO,1396.235,False
1/10/2025 12:00:00 AM,1/9/2025 7:00:00 PM,RFC,MIDATL,AE,AECO,1380.665,False
1/10/2025 1:00:00 AM,1/9/2025 8:00:00 PM,RFC,MIDATL,AE,AECO,1359.257,False
1/10/2025 2:00:00 AM,1/9/2025 9:00:00 PM,RFC,MIDATL,AE,AECO,1279.670,False
1/10/2025 3:00:00 AM,1/9/2025 10:00:00 PM,RFC,MIDATL,AE,AECO,1227.275,False
1/10/2025 4:00:00 AM,1/9/2025 11:00:00 PM,RFC,MIDATL,AE,AECO,1166.824,False
1/10/2025 5:00:00 AM,1/10/2025 12:00:00 AM,RFC,MIDATL,AE,AECO,1120.605,False
1/10/2025 6:00:00 AM,1/10/2025 1:00:00 AM,RFC,MIDATL,AE,AECO,1098.492,False
1/10/2025 7:00:00 AM,1/10/2025 2:00:00 AM,RFC,MIDATL,AE,AECO,1073.571,False
1/10/2025 8:00:00 AM,1/10/2025 3:00:00 AM,RFC,MIDATL,AE,AECO,1105.488,False
1/10/2025 9:00:00 AM,1/10/2025 4:00:00 AM,RFC,MIDATL,AE,AECO,1084.441,False
1/10/2025 10:00:00 AM,1/10/2025 5:00:00 AM,RFC,MIDATL,AE,AECO,1117.189,False
1/10/2025 11:00:00 AM,1/10/2025 6:00:00 AM,RFC,MIDATL,AE,AECO,1273.768,False
1/10/2025 12:00:00 PM,1/10/2025 7:00:00 AM,RFC,MIDATL,AE,AECO,1264.435,False
1/10/2025 1:00:00 PM,1/10/2025 8:00:00 AM,RFC,MIDATL,AE,AECO,1207.907,False
1/10/2025 2:00:00 PM,1/10/2025 9:00:00 AM,RFC,MIDATL,AE,AECO,1054.093,False
1/10/2025 3:00:00 PM,1/10/2025 10:00:00 AM,RFC,MIDATL,AE,AECO,949.066,False
1/10/2025 4:00:00 PM,1/10/2025 11:00:00 AM,RFC,MIDATL,AE,AECO,974.017,False
1/10/2025 5:00:00 PM,1/10/2025 12:00:00 PM,RFC,MIDATL,AE,AECO,907.864,False
1/10/2025 6:00:00 PM,1/10/2025 1:00:00 PM,RFC,MIDATL,AE,AECO,947.514,False
1/10/2025 7:00:00 PM,1/10/2025 2:00:00 PM,RFC,MIDATL,AE,AECO,1041.010,False
1/10/2025 8:00:00 PM,1/10/2025 3:00:00 PM,RFC,MIDATL,AE,AECO,1116.071,False
1/10/2025 9:00:00 PM,1/10/2025 4:00:00 PM,RFC,MIDATL,AE,AECO,1193.349,False
1/10/2025 10:00:00 PM,1/10/2025 5:00:00 PM,RFC,MIDATL,AE,AECO,1288.989,False
1/10/2025 11:00:00 PM,1/10/2025 6:00:00 PM,RFC,MIDATL,AE,AECO,1290.533,False
1/11/2025 12:00:00 AM,1/10/2025 7:00:00 PM,RFC,MIDATL,AE,AECO,1261.851,False
1/11/2025 1:00:00 AM,1/10/2025 8:00:00 PM,RFC,MIDATL,AE,AECO,1251.894,False
1/11/2025 2:00:00 AM,1/10/2025 9:00:00 PM,RFC,MIDATL,AE,AECO,1211.988,False
1/11/2025 3:00:00 AM,1/10/2025 10:00:00 PM,RFC,MIDATL,AE,AECO,1150.103,False
1/11/2025 4:00:00 AM,1/10/2025 11:00:00 PM,RFC,MIDATL,AE,AECO,1093.531,False
1/11/2025 5:00:00 AM,1/11/2025 12:00:00 AM,RFC,MIDATL,AE,AECO,1039.250,False
1/11/2025 6:00:00 AM,1/11/2025 1:00:00 AM,RFC,MIDATL,AE,AECO,1012.635,False
1/11/2025 7:00:00 AM,1/11/2025 2:00:00 AM,RFC,MIDATL,AE,AECO,997.900,False
1/11/2025 8:00:00 AM,1/11/2025 3:00:00 AM,RFC,MIDATL,AE,AECO,997.151,False
1/11/2025 9:00:00 AM,1/11/2025 4:00:00 AM,RFC,MIDATL,AE,AECO,1012.447,False
1/11/2025 10:00:00 AM,1/11/2025 5:00:00 AM,RFC,MIDATL,AE,AECO,1020.194,False
1/11/2025 11:00:00 AM,1/11/2025 6:00:00 AM,RFC,MIDATL,AE,AECO,1050.044,False
1/11/2025 12:00:00 PM,1/11/2025 7:00:00 AM,RFC,MIDATL,AE,AECO,1087.535,False
1/11/2025 1:00:00 PM,1/11/2025 8:00:00 AM,RFC,MIDATL,AE,AECO,1125.045,False
1/11/2025 2:00:00 PM,1/11/2025 9:00:00 AM,RFC,MIDATL,AE,AECO,1155.905,False
1/11/2025 3:00:00 PM,1/11/2025 10:00:00 AM,RFC,MIDATL,AE,AECO,1178.515,False
1/11/2025 4:00:00 PM,1/11/2025 11:00:00 AM,RFC,MIDATL,AE,AECO,1188.826,False
1/11/2025 5:00:00 PM,1/11/2025 12:00:00 PM,RFC,MIDATL,AE,AECO,1180.149,False
1/11/2025 6:00:00 PM,1/11/2025 1:00:00 PM,RFC,MIDATL,AE,AECO,1158.431,False
1/11/2025 7:00:00 PM,1/11/2025 2:00:00 PM,RFC,MIDATL,AE,AECO,1147.336,False
1/11/2025 8:00:00 PM,1/11/2025 3:00:00 PM,RFC,MIDATL,AE,AECO,1168.247,False
1/11/2025 9:00:00 PM,1/11/2025 4:00:00 PM,RFC,MIDATL,AE,AECO,1224.065,False
1/11/2025 10:00:00 PM,1/11/2025 5:00:00 PM,RFC,MIDATL,AE,AECO,1298.471,False
1/11/2025 11:00:00 PM,1/11/2025 6:00:00 PM,RFC,MIDATL,AE,AECO,1311.955,False
1/12/2025 12:00:00 AM,1/11/2025 7:00:00 PM,RFC,MIDATL,AE,AECO,1280.549,False
1/12/2025 1:00:00 AM,1/11/2025 8:00:00 PM,RFC,MIDATL,AE,AECO,1267.141,False
1/12/2025 2:00:00 AM,1/11/2025 9:00:00 PM,RFC,MIDATL,AE,AECO,1222.211,False
1/12/2025 3:00:00 AM,1/11/2025 10:00:00 PM,RFC,MIDATL,AE,AECO,1174.456,False
1/12/2025 4:00:00 AM,1/11/2025 11:00:00 PM,RFC,MIDATL,AE,AECO,1122.477,False
1/12/2025 5:00:00 AM,1/12/2025 12:00:00 AM,RFC,MIDATL,AE,AECO,1068.973,False
1/12/2025 6:00:00 AM,1/12/2025 1:00:00 AM,RFC,MIDATL,AE,AECO,1038.324,False
1/12/2025 7:00:00 AM,1/12/2025 2:00:00 AM,RFC,MIDATL,AE,AECO,1017.695,False
1/12/2025 8:00:00 AM,1/12/2025 3:00:00 AM,RFC,MIDATL,AE,AECO,1009.161,False
1/12/2025 9:00:00 AM,1/12/2025 4:00:00 AM,RFC,MIDATL,AE,AECO,1004.480,False
1/12/2025 10:00:00 AM,1/12/2025 5:00:00 AM,RFC,MIDATL,AE,AECO,1024.893,False
1/12/2025 11:00:00 AM,1/12/2025 6:00:00 AM,RFC,MIDATL,AE,AECO,1056.001,False
1/12/2025 12:00:00 PM,1/12/2025 7:00:00 AM,RFC,MIDATL,AE,AECO,1079.330,False
1/12/2025 1:00:00 PM,1/12/2025 8:00:00 AM,RFC,MIDATL,AE,AECO,1071.768,False
1/12/2025 2:00:00 PM,1/12/2025 9:00:00 AM,RFC,MIDATL,AE,AECO,988.778,False
1/12/2025 3:00:00 PM,1/12/2025 10:00:00 AM,RFC,MIDATL,AE,AECO,894.640,False
1/12/2025 4:00:00 PM,1/12/2025 11:00:00 AM,RFC,MIDATL,AE,AECO,837.438,False
1/12/2025 5:00:00 PM,1/12/2025 12:00:00 PM,RFC,MIDATL,AE,AECO,798.943,False
1/12/2025 6:00:00 PM,1/12/2025 1:00:00 PM,RFC,MIDATL,AE,AECO,818.127,False
1/12/2025 7:00:00 PM,1/12/2025 2:00:00 PM,RFC,MIDATL,AE,AECO,874.431,False
1/12/2025 8:00:00 PM,1/12/2025 3:00:00 PM,RFC,MIDATL,AE,AECO,961.266,False
1/12/2025 9:00:00 PM,1/12/2025 4:00:00 PM,RFC,MIDATL,AE,AECO,1098.019,False
1/12/2025 10:00:00 PM,1/12/2025 5:00:00 PM,RFC,MIDATL,AE,AECO,1197.621,False
1/12/2025 11:00:00 PM,1/12/2025 6:00:00 PM,RFC,MIDATL,AE,AECO,1226.819,False
1/13/2025 12:00:00 AM,1/12/2025 7:00:00 PM,RFC,MIDATL,AE,AECO,1202.620,False
1/13/2025 1:00:00 AM,1/12/2025 8:00:00 PM,RFC,MIDATL,AE,AECO,1211.563,False
1/13/2025 2:00:00 AM,1/12/2025 9:00:00 PM,RFC,MIDATL,AE,AECO,1153.897,False
1/13/2025 3:00:00 AM,1/12/2025 10:00:00 PM,RFC,MIDATL,AE,AECO,1103.187,False
1/13/2025 4:00:00 AM,1/12/2025 11:00:00 PM,RFC,MIDATL,AE,AECO,1045.919,False
1/13/2025 5:00:00 AM,1/13/2025 12:00:00 AM,RFC,MIDATL,AE,AECO,997.860,False
1/13/2025 6:00:00 AM,1/13/2025 1:00:00 AM,RFC,MIDATL,AE,AECO,972.962,False
1/13/2025 7:00:00 AM,1/13/2025 2:00:00 AM,RFC,MIDATL,AE,AECO,964.597,False
1/13/2025 8:00:00 AM,1/13/2025 3:00:00 AM,RFC,MIDATL,AE,AECO,967.559,False
1/13/2025 9:00:00 AM,1/13/2025 4:00:00 AM,RFC,MIDATL,AE,AECO,989.440,False
1/13/2025 10:00:00 AM,1/13/2025 5:00:00 AM,RFC,MIDATL,AE,AECO,1051.459,False
1/13/2025 11:00:00 AM,1/13/2025 6:00:00 AM,RFC,MIDATL,AE,AECO,1138.370,False
1/13/2025 12:00:00 PM,1/13/2025 7:00:00 AM,RFC,MIDATL,AE,AECO,1176.978,False
1/13/2025 1:00:00 PM,1/13/2025 8:00:00 AM,RFC,MIDATL,AE,AECO,1106.847,False
1/13/2025 2:00:00 PM,1/13/2025 9:00:00 AM,RFC,MIDATL,AE,AECO,1045.717,False
1/13/2025 3:00:00 PM,1/13/2025 10:00:00 AM,RFC,MIDATL,AE,AECO,1021.450,False
1/13/2025 4:00:00 PM,1/13/2025 11:00:00 AM,RFC,MIDATL,AE,AECO,1050.820,False
1/13/2025 5:00:00 PM,1/13/2025 12:00:00 PM,RFC,MIDATL,AE,AECO,1005.271,False
1/13/2025 6:00:00 PM,1/13/2025 1:00:00 PM,RFC,MIDATL,AE,AECO,980.381,False
1/13/2025 7:00:00 PM,1/13/2025 2:00:00 PM,RFC,MIDATL,AE,AECO,985.310,False
1/13/2025 8:00:00 PM,1/13/2025 3:00:00 PM,RFC,MIDATL,AE,AECO,1056.153,False
1/13/2025 9:00:00 PM,1/13/2025 4:00:00 PM,RFC,MIDATL,AE,AECO,1140.974,False
1/13/2025 10:00:00 PM,1/13/2025 5:00:00 PM,RFC,MIDATL,AE,AECO,1228.979,False
1/13/2025 11:00:00 PM,1/13/2025 6:00:00 PM,RFC,MIDATL,AE,AECO,1241.611,False
1/14/2025 12:00:00 AM,1/13/2025 7:00:00 PM,RFC,MIDATL,AE,AECO,1231.556,False
1/14/2025 1:00:00 AM,1/13/2025 8:00:00 PM,RFC,MIDATL,AE,AECO,1209.539,False
1/14/2025 2:00:00 AM,1/13/2025 9:00:00 PM,RFC,MIDATL,AE,AECO,1163.895,False
1/14/2025 3:00:00 AM,1/13/2025 10:00:00 PM,RFC,MIDATL,AE,AECO,1102.615,False
1/14/2025 4:00:00 AM,1/13/2025 11:00:00 PM,RFC,MIDATL,AE,AECO,1044.064,False
1/14/2025 5:00:00 AM,1/14/2025 12:00:00 AM,RFC,MIDATL,AE,AECO,1013.136,False
1/14/2025 6:00:00 AM,1/14/2025 1:00:00 AM,RFC,MIDATL,AE,AECO,989.738,False
1/14/2025 7:00:00 AM,1/14/2025 2:00:00 AM,RFC,MIDATL,AE,AECO,978.875,False
1/14/2025 8:00:00 AM,1/14/2025 3:00:00 AM,RFC,MIDATL,AE,AECO,980.778,False
1/14/2025 9:00:00 AM,1/14/2025 4:00:00 AM,RFC,MIDATL,AE,AECO,1006.981,False
1/14/2025 10:00:00 AM,1/14/2025 5:00:00 AM,RFC,MIDATL,AE,AECO,1056.579,False
1/14/2025 11:00:00 AM,1/14/2025 6:00:00 AM,RFC,MIDATL,AE,AECO,1153.330,False
1/14/2025 12:00:00 PM,1/14/2025 7:00:00 AM,RFC,MIDATL,AE,AECO,1199.312,False
1/14/2025 1:00:00 PM,1/14/2025 8:00:00 AM,RFC,MIDATL,AE,AECO,1133.399,False
1/14/2025 2:00:00 PM,1/14/2025 9:00:00 AM,RFC,MIDATL,AE,AECO,1027.850,False
1/14/2025 3:00:00 PM,1/14/2025 10:00:00 AM,RFC,MIDATL,AE,AECO,931.089,False
1/14/2025 4:00:00 PM,1/14/2025 11:00:00 AM,RFC,MIDATL,AE,AECO,852.374,False
1/14/2025 5:00:00 PM,1/14/2025 12:00:00 PM,RFC,MIDATL,AE,AECO,831.726,False
1/14/2025 6:00:00 PM,1/14/2025 1:00:00 PM,RFC,MIDATL,AE,AECO,847.883,False
1/14/2025 7:00:00 PM,1/14/2025 2:00:00 PM,RFC,MIDATL,AE,AECO,917.572,False
1/14/2025 8:00:00 PM,1/14/2025 3:00:00 PM,RFC,MIDATL,AE,AECO,1042.256,False
1/14/2025 9:00:00 PM,1/14/2025 4:00:00 PM,RFC,MIDATL,AE,AECO,1201.060,False
1/14/2025 10:00:00 PM,1/14/2025 5:00:00 PM,RFC,MIDATL,AE,AECO,1324.821,False
1/14/2025 11:00:00 PM,1/14/2025 6:00:00 PM,RFC,MIDATL,AE,AECO,1346.437,False
1/15/2025 12:00:00 AM,1/14/2025 7:00:00 PM,RFC,MIDATL,AE,AECO,1333.099,False
1/15/2025 1:00:00 AM,1/14/2025 8:00:00 PM,RFC,MIDATL,AE,AECO,1307.312,False
1/15/2025 2:00:00 AM,1/14/2025 9:00:00 PM,RFC,MIDATL,AE,AECO,1287.365,False
1/15/2025 3:00:00 AM,1/14/2025 10:00:00 PM,RFC,MIDATL,AE,AECO,1190.926,False
1/15/2025 4:00:00 AM,1/14/2025 11:00:00 PM,RFC,MIDATL,AE,AECO,1160.023,False
1/15/2025 5:00:00 AM,1/15/2025 12:00:00 AM,RFC,MIDATL,AE,AECO,1097.540,False
1/15/2025 6:00:00 AM,1/15/2025 1:00:00 AM,RFC,MIDATL,AE,AECO,1093.374,False
1/15/2025 7:00:00 AM,1/15/2025 2:00:00 AM,RFC,MIDATL,AE,AECO,1083.956,False
1/15/2025 8:00:00 AM,1/15/2025 3:00:00 AM,RFC,MIDATL,AE,AECO,1085.716,False
1/15/2025 9:00:00 AM,1/15/2025 4:00:00 AM,RFC,MIDATL,AE,AECO,1104.066,False
1/15/2025 10:00:00 AM,1/15/2025 5:00:00 AM,RFC,MIDATL,AE,AECO,1162.810,False
1/15/2025 11:00:00 AM,1/15/2025 6:00:00 AM,RFC,MIDATL,AE,AECO,1260.405,False
1/15/2025 12:00:00 PM,1/15/2025 7:00:00 AM,RFC,MIDATL,AE,AECO,1278.377,False
1/15/2025 1:00:00 PM,1/15/2025 8:00:00 AM,RFC,MIDATL,AE,AECO,1210.734,False
1/15/2025 2:00:00 PM,1/15/2025 9:00:00 AM,RFC,MIDATL,AE,AECO,1069.109,False
1/15/2025 3:00:00 PM,1/15/2025 10:00:00 AM,RFC,MIDATL,AE,AECO,973.053,False
1/15/2025 4:00:00 PM,1/15/2025 11:00:00 AM,RFC,MIDATL,AE,AECO,898.416,False
1/15/2025 5:00:00 PM,1/15/2025 12:00:00 PM,RFC,MIDATL,AE,AECO,873.584,False
1/15/2025 6:00:00 PM,1/15/2025 1:00:00 PM,RFC,MIDATL,AE,AECO,887.735,False
1/15/2025 7:00:00 PM,1/15/2025 2:00:00 PM,RFC,MIDATL,AE,AECO,945.047,False
1/15/2025 8:00:00 PM,1/15/2025 3:00:00 PM,RFC,MIDATL,AE,AECO,1061.889,False
1/15/2025 9:00:00 PM,1/15/2025 4:00:00 PM,RFC,MIDATL,AE,AECO,1189.732,False
1/15/2025 10:00:00 PM,1/15/2025 5:00:00 PM,RFC,MIDATL,AE,AECO,1344.059,False
1/15/2025 11:00:00 PM,1/15/2025 6:00:00 PM,RFC,MIDATL,AE,AECO,1350.356,False
1/16/2025 12:00:00 AM,1/15/2025 7:00:00 PM,RFC,MIDATL,AE,AECO,1344.465,False
1/16/2025 1:00:00 AM,1/15/2025 8:00:00 PM,RFC,MIDATL,AE,AECO,1320.455,False
1/16/2025 2:00:00 AM,1/15/2025 9:00:00 PM,RFC,MIDATL,AE,AECO,1263.941,False
1/16/2025 3:00:00 AM,1/15/2025 10:00:00 PM,RFC,MIDATL,AE,AECO,1196.468,False
1/16/2025 4:00:00 AM,1/15/2025 11:00:00 PM,RFC,MIDATL,AE,AECO,1140.537,False
1/16/2025 5:00:00 AM,1/16/2025 12:00:00 AM,RFC,MIDATL,AE,AECO,1109.598,False
1/16/2025 6:00:00 AM,1/16/2025 1:00:00 AM,RFC,MIDATL,AE,AECO,1064.368,False
1/16/2025 7:00:00 AM,1/16/2025 2:00:00 AM,RFC,MIDATL,AE,AECO,1074.783,False
1/16/2025 8:00:00 AM,1/16/2025 3:00:00 AM,RFC,MIDATL,AE,AECO,1074.565,False
1/16/2025 9:00:00 AM,1/16/2025 4:00:00 AM,RFC,MIDATL,AE,AECO,1095.109,False
1/16/2025 10:00:00 AM,1/16/2025 5:00:00 AM,RFC,MIDATL,AE,AECO,1160.401,False
1/16/2025 11:00:00 AM,1/16/2025 6:00:00 AM,RFC,MIDATL,AE,AECO,1250.105,False
1/16/2025 12:00:00 PM,1/16/2025 7:00:00 AM,RFC,MIDATL,AE,AECO,1269.908,False
1/16/2025 1:00:00 PM,1/16/2025 8:00:00 AM,RFC,MIDATL,AE,AECO,1221.852,False
1/16/2025 2:00:00 PM,1/16/2025 9:00:00 AM,RFC,MIDATL,AE,AECO,1145.254,False
1/16/2025 3:00:00 PM,1/16/2025 10:00:00 AM,RFC,MIDATL,AE,AECO,1141.153,False
1/16/2025 4:00:00 PM,1/16/2025 11:00:00 AM,RFC,MIDATL,AE,AECO,1115.285,False
1/16/2025 5:00:00 PM,1/16/2025 12:00:00 PM,RFC,MIDATL,AE,AECO,1128.860,False
1/16/2025 6:00:00 PM,1/16/2025 1:00:00 PM,RFC,MIDATL,AE,AECO,1076.749,False
1/16/2025 7:00:00 PM,1/16/2025 2:00:00 PM,RFC,MIDATL,AE,AECO,1146.168,False
1/16/2025 8:00:00 PM,1/16/2025 3:00:00 PM,RFC,MIDATL,AE,AECO,1204.689,False
1/16/2025 9:00:00 PM,1/16/2025 4:00:00 PM,RFC,MIDATL,AE,AECO,1269.987,False
1/16/2025 10:00:00 PM,1/16/2025 5:00:00 PM,RFC,MIDATL,AE,AECO,1362.352,False
1/16/2025 11:00:00 PM,1/16/2025 6:00:00 PM,RFC,MIDATL,AE,AECO,1352.637,False
1/17/2025 12:00:00 AM,1/16/2025 7:00:00 PM,RFC,MIDATL,AE,AECO,1335.195,False
1/17/2025 1:00:00 AM,1/16/2025 8:00:00 PM,RFC,MIDATL,AE,AECO,1315.133,False
1/17/2025 2:00:00 AM,1/16/2025 9:00:00 PM,RFC,MIDATL,AE,AECO,1232.361,False
1/17/2025 3:00:00 AM,1/16/2025 10:00:00 PM,RFC,MIDATL,AE,AECO,1157.549,False
1/17/2025 4:00:00 AM,1/16/2025 11:00:00 PM,RFC,MIDATL,AE,AECO,1115.218,False
1/17/2025 5:00:00 AM,1/17/2025 12:00:00 AM,RFC,MIDATL,AE,AECO,1075.243,False
1/17/2025 6:00:00 AM,1/17/2025 1:00:00 AM,RFC,MIDATL,AE,AECO,1036.343,False
1/17/2025 7:00:00 AM,1/17/2025 2:00:00 AM,RFC,MIDATL,AE,AECO,1033.688,False
1/17/2025 8:00:00 AM,1/17/2025 3:00:00 AM,RFC,MIDATL,AE,AECO,1036.299,False
1/17/2025 9:00:00 AM,1/17/2025 4:00:00 AM,RFC,MIDATL,AE,AECO,1059.333,False
1/17/2025 10:00:00 AM,1/17/2025 5:00:00 AM,RFC,MIDATL,AE,AECO,1099.751,False
1/17/2025 11:00:00 AM,1/17/2025 6:00:00 AM,RFC,MIDATL,AE,AECO,1194.045,False
1/17/2025 12:00:00 PM,1/17/2025 7:00:00 AM,RFC,MIDATL,AE,AECO,1248.073,False
1/17/2025 1:00:00 PM,1/17/2025 8:00:00 AM,RFC,MIDATL,AE,AECO,1215.574,False
1/17/2025 2:00:00 PM,1/17/2025 9:00:00 AM,RFC,MIDATL,AE,AECO,1096.677,False
1/17/2025 3:00:00 PM,1/17/2025 10:00:00 AM,RFC,MIDATL,AE,AECO,948.193,False
1/17/2025 4:00:00 PM,1/17/2025 11:00:00 AM,RFC,MIDATL,AE,AECO,845.466,False
1/17/2025 5:00:00 PM,1/17/2025 12:00:00 PM,RFC,MIDATL,AE,AECO,807.161,False
1/17/2025 6:00:00 PM,1/17/2025 1:00:00 PM,RFC,MIDATL,AE,AECO,828.815,False
1/17/2025 7:00:00 PM,1/17/2025 2:00:00 PM,RFC,MIDATL,AE,AECO,883.171,False
1/17/2025 8:00:00 PM,1/17/2025 3:00:00 PM,RFC,MIDATL,AE,AECO,945.916,False
1/17/2025 9:00:00 PM,1/17/2025 4:00:00 PM,RFC,MIDATL,AE,AECO,1083.808,False
1/17/2025 10:00:00 PM,1/17/2025 5:00:00 PM,RFC,MIDATL,AE,AECO,1217.139,False
1/17/2025 11:00:00 PM,1/17/2025 6:00:00 PM,RFC,MIDATL,AE,AECO,1237.955,False
1/18/2025 12:00:00 AM,1/17/2025 7:00:00 PM,RFC,MIDATL,AE,AECO,1231.226,False
1/18/2025 1:00:00 AM,1/17/2025 8:00:00 PM,RFC,MIDATL,AE,AECO,1215.337,False
1/18/2025 2:00:00 AM,1/17/2025 9:00:00 PM,RFC,MIDATL,AE,AECO,1179.708,False
1/18/2025 3:00:00 AM,1/17/2025 10:00:00 PM,RFC,MIDATL,AE,AECO,1142.706,False
1/18/2025 4:00:00 AM,1/17/2025 11:00:00 PM,RFC,MIDATL,AE,AECO,1075.919,False
1/18/2025 5:00:00 AM,1/18/2025 12:00:00 AM,RFC,MIDATL,AE,AECO,1035.103,False
1/18/2025 6:00:00 AM,1/18/2025 1:00:00 AM,RFC,MIDATL,AE,AECO,1005.774,False
1/18/2025 7:00:00 AM,1/18/2025 2:00:00 AM,RFC,MIDATL,AE,AECO,985.631,False
1/18/2025 8:00:00 AM,1/18/2025 3:00:00 AM,RFC,MIDATL,AE,AECO,971.717,False
1/18/2025 9:00:00 AM,1/18/2025 4:00:00 AM,RFC,MIDATL,AE,AECO,975.106,False
1/18/2025 10:00:00 AM,1/18/2025 5:00:00 AM,RFC,MIDATL,AE,AECO,1003.425,False
1/18/2025 11:00:00 AM,1/18/2025 6:00:00 AM,RFC,MIDATL,AE,AECO,1030.739,False
1/18/2025 12:00:00 PM,1/18/2025 7:00:00 AM,RFC,MIDATL,AE,AECO,1050.170,False
1/18/2025 1:00:00 PM,1/18/2025 8:00:00 AM,RFC,MIDATL,AE,AECO,1073.130,False
1/18/2025 2:00:00 PM,1/18/2025 9:00:00 AM,RFC,MIDATL,AE,AECO,1088.540,False
1/18/2025 3:00:00 PM,1/18/2025 10:00:00 AM,RFC,MIDATL,AE,AECO,1074.036,False
1/18/2025 4:00:00 PM,1/18/2025 11:00:00 AM,RFC,MIDATL,AE,AECO,1060.911,False
1/18/2025 5:00:00 PM,1/18/2025 12:00:00 PM,RFC,MIDATL,AE,AECO,1056.016,False
1/18/2025 6:00:00 PM,1/18/2025 1:00:00 PM,RFC,MIDATL,AE,AECO,1061.294,False
1/18/2025 7:00:00 PM,1/18/2025 2:00:00 PM,RFC,MIDATL,AE,AECO,1049.607,False
1/18/2025 8:00:00 PM,1/18/2025 3:00:00 PM,RFC,MIDATL,AE,AECO,1067.851,False
1/18/2025 9:00:00 PM,1/18/2025 4:00:00 PM,RFC,MIDATL,AE,AECO,1148.473,False
1/18/2025 10:00:00 PM,1/18/2025 5:00:00 PM,RFC,MIDATL,AE,AECO,1147.306,False
1/18/2025 11:00:00 PM,1/18/2025 6:00:00 PM,RFC,MIDATL,AE,AECO,1144.825,False
1/19/2025 12:00:00 AM,1/18/2025 7:00:00 PM,RFC,MIDATL,AE,AECO,1147.678,False
1/19/2025 1:00:00 AM,1/18/2025 8:00:00 PM,RFC,MIDATL,AE,AECO,1142.886,False
1/19/2025 2:00:00 AM,1/18/2025 9:00:00 PM,RFC,MIDATL,AE,AECO,1047.050,False
1/19/2025 3:00:00 AM,1/18/2025 10:00:00 PM,RFC,MIDATL,AE,AECO,1062.117,False
1/19/2025 4:00:00 AM,1/18/2025 11:00:00 PM,RFC,MIDATL,AE,AECO,1018.436,False
1/19/2025 5:00:00 AM,1/19/2025 12:00:00 AM,RFC,MIDATL,AE,AECO,975.885,False
1/19/2025 6:00:00 AM,1/19/2025 1:00:00 AM,RFC,MIDATL,AE,AECO,946.945,False
1/19/2025 7:00:00 AM,1/19/2025 2:00:00 AM,RFC,MIDATL,AE,AECO,931.022,False
1/19/2025 8:00:00 AM,1/19/2025 3:00:00 AM,RFC,MIDATL,AE,AECO,931.176,False
1/19/2025 9:00:00 AM,1/19/2025 4:00:00 AM,RFC,MIDATL,AE,AECO,936.842,False
1/19/2025 10:00:00 AM,1/19/2025 5:00:00 AM,RFC,MIDATL,AE,AECO,956.775,False
1/19/2025 11:00:00 AM,1/19/2025 6:00:00 AM,RFC,MIDATL,AE,AECO,1034.859,False
1/19/2025 12:00:00 PM,1/19/2025 7:00:00 AM,RFC,MIDATL,AE,AECO,1007.699,False
1/19/2025 1:00:00 PM,1/19/2025 8:00:00 AM,RFC,MIDATL,AE,AECO,1026.136,False
1/19/2025 2:00:00 PM,1/19/2025 9:00:00 AM,RFC,MIDATL,AE,AECO,986.171,False
1/19/2025 3:00:00 PM,1/19/2025 10:00:00 AM,RFC,MIDATL,AE,AECO,1080.902,False
1/19/2025 4:00:00 PM,1/19/2025 11:00:00 AM,RFC,MIDATL,AE,AECO,1103.801,False
1/19/2025 5:00:00 PM,1/19/2025 12:00:00 PM,RFC,MIDATL,AE,AECO,1118.782,False
1/19/2025 6:00:00 PM,1/19/2025 1:00:00 PM,RFC,MIDATL,AE,AECO,1130.273,False
1/19/2025 7:00:00 PM,1/19/2025 2:00:00 PM,RFC,MIDATL,AE,AECO,1145.993,False
1/19/2025 8:00:00 PM,1/19/2025 3:00:00 PM,RFC,MIDATL,AE,AECO,1165.475,False
1/19/2025 9:00:00 PM,1/19/2025 4:00:00 PM,RFC,MIDATL,AE,AECO,1187.059,False
1/19/2025 10:00:00 PM,1/19/2025 5:00:00 PM,RFC,MIDATL,AE,AECO,1233.590,False
1/19/2025 11:00:00 PM,1/19/2025 6:00:00 PM,RFC,MIDATL,AE,AECO,1256.938,False
1/20/2025 12:00:00 AM,1/19/2025 7:00:00 PM,RFC,MIDATL,AE,AECO,1254.853,False
1/20/2025 1:00:00 AM,1/19/2025 8:00:00 PM,RFC,MIDATL,AE,AECO,1233.791,False
1/20/2025 2:00:00 AM,1/19/2025 9:00:00 PM,RFC,MIDATL,AE,AECO,1193.018,False
1/20/2025 3:00:00 AM,1/19/2025 10:00:00 PM,RFC,MIDATL,AE,AECO,1151.058,False
1/20/2025 4:00:00 AM,1/19/2025 11:00:00 PM,RFC,MIDATL,AE,AECO,1102.812,False
1/20/2025 5:00:00 AM,1/20/2025 12:00:00 AM,RFC,MIDATL,AE,AECO,1075.293,False
1/20/2025 6:00:00 AM,1/20/2025 1:00:00 AM,RFC,MIDATL,AE,AECO,1065.252,False
1/20/2025 7:00:00 AM,1/20/2025 2:00:00 AM,RFC,MIDATL,AE,AECO,1061.444,False
1/20/2025 8:00:00 AM,1/20/2025 3:00:00 AM,RFC,MIDATL,AE,AECO,1071.133,False
1/20/2025 9:00:00 AM,1/20/2025 4:00:00 AM,RFC,MIDATL,AE,AECO,1087.527,False
1/20/2025 10:00:00 AM,1/20/2025 5:00:00 AM,RFC,MIDATL,AE,AECO,1131.211,False
1/20/2025 11:00:00 AM,1/20/2025 6:00:00 AM,RFC,MIDATL,AE,AECO,1182.619,False
1/20/2025 12:00:00 PM,1/20/2025 7:00:00 AM,RFC,MIDATL,AE,AECO,1219.886,False
1/20/2025 1:00:00 PM,1/20/2025 8:00:00 AM,RFC,MIDATL,AE,AECO,1235.788,False
1/20/2025 2:00:00 PM,1/20/2025 9:00:00 AM,RFC,MIDATL,AE,AECO,1221.831,False
1/20/2025 3:00:00 PM,1/20/2025 10:00:00 AM,RFC,MIDATL,AE,AECO,1193.661,False
1/20/2025 4:00:00 PM,1/20/2025 11:00:00 AM,RFC,MIDATL,AE,AECO,1158.020,False
1/20/2025 5:00:00 PM,1/20/2025 12:00:00 PM,RFC,MIDATL,AE,AECO,1138.130,False
1/20/2025 6:00:00 PM,1/20/2025 1:00:00 PM,RFC,MIDATL,AE,AECO,1131.500,False
1/20/2025 7:00:00 PM,1/20/2025 2:00:00 PM,RFC,MIDATL,AE,AECO,1138.811,False
1/20/2025 8:00:00 PM,1/20/2025 3:00:00 PM,RFC,MIDATL,AE,AECO,1248.065,False
1/20/2025 9:00:00 PM,1/20/2025 4:00:00 PM,RFC,MIDATL,AE,AECO,1300.943,False
1/20/2025 10:00:00 PM,1/20/2025 5:00:00 PM,RFC,MIDATL,AE,AECO,1396.604,False
1/20/2025 11:00:00 PM,1/20/2025 6:00:00 PM,RFC,MIDATL,AE,AECO,1432.121,False
1/21/2025 12:00:00 AM,1/20/2025 7:00:00 PM,RFC,MIDATL,AE,AECO,1422.861,False
1/21/2025 1:00:00 AM,1/20/2025 8:00:00 PM,RFC,MIDATL,AE,AECO,1398.998,False
1/21/2025 2:00:00 AM,1/20/2025 9:00:00 PM,RFC,MIDATL,AE,AECO,1350.704,False
1/21/2025 3:00:00 AM,1/20/2025 10:00:00 PM,RFC,MIDATL,AE,AECO,1215.620,False
1/21/2025 4:00:00 AM,1/20/2025 11:00:00 PM,RFC,MIDATL,AE,AECO,1230.265,False
1/21/2025 5:00:00 AM,1/21/2025 12:00:00 AM,RFC,MIDATL,AE,AECO,1191.235,False
1/21/2025 6:00:00 AM,1/21/2025 1:00:00 AM,RFC,MIDATL,AE,AECO,1171.933,False
1/21/2025 7:00:00 AM,1/21/2025 2:00:00 AM,RFC,MIDATL,AE,AECO,1164.008,False
1/21/2025 8:00:00 AM,1/21/2025 3:00:00 AM,RFC,MIDATL,AE,AECO,1168.453,False
1/21/2025 9:00:00 AM,1/21/2025 4:00:00 AM,RFC,MIDATL,AE,AECO,1245.169,False
1/21/2025 10:00:00 AM,1/21/2025 5:00:00 AM,RFC,MIDATL,AE,AECO,1247.460,False
1/21/2025 11:00:00 AM,1/21/2025 6:00:00 AM,RFC,MIDATL,AE,AECO,1319.154,False
1/21/2025 12:00:00 PM,1/21/2025 7:00:00 AM,RFC,MIDATL,AE,AECO,1371.497,False
1/21/2025 1:00:00 PM,1/21/2025 8:00:00 AM,RFC,MIDATL,AE,AECO,1376.916,False
1/21/2025 2:00:00 PM,1/21/2025 9:00:00 AM,RFC,MIDATL,AE,AECO,1348.653,False
1/21/2025 3:00:00 PM,1/21/2025 10:00:00 AM,RFC,MIDATL,AE,AECO,1291.114,False
1/21/2025 4:00:00 PM,1/21/2025 11:00:00 AM,RFC,MIDATL,AE,AECO,1205.799,False
1/21/2025 5:00:00 PM,1/21/2025 12:00:00 PM,RFC,MIDATL,AE,AECO,1252.085,False
1/21/2025 6:00:00 PM,1/21/2025 1:00:00 PM,RFC,MIDATL,AE,AECO,1275.261,False
1/21/2025 7:00:00 PM,1/21/2025 2:00:00 PM,RFC,MIDATL,AE,AECO,1295.556,False
1/21/2025 8:00:00 PM,1/21/2025 3:00:00 PM,RFC,MIDATL,AE,AECO,1396.717,False
1/21/2025 9:00:00 PM,1/21/2025 4:00:00 PM,RFC,MIDATL,AE,AECO,1412.019,False
1/21/2025 10:00:00 PM,1/21/2025 5:00:00 PM,RFC,MIDATL,AE,AECO,1478.923,False
1/21/2025 11:00:00 PM,1/21/2025 6:00:00 PM,RFC,MIDATL,AE,AECO,1501.807,False
1/22/2025 12:00:00 AM,1/21/2025 7:00:00 PM,RFC,MIDATL,AE,AECO,1485.140,False
1/22/2025 1:00:00 AM,1/21/2025 8:00:00 PM,RFC,MIDATL,AE,AECO,1456.468,False
1/22/2025 2:00:00 AM,1/21/2025 9:00:00 PM,RFC,MIDATL,AE,AECO,1402.806,False
1/22/2025 3:00:00 AM,1/21/2025 10:00:00 PM,RFC,MIDATL,AE,AECO,1315.723,False
1/22/2025 4:00:00 AM,1/21/2025 11:00:00 PM,RFC,MIDATL,AE,AECO,1252.083,False
1/22/2025 5:00:00 AM,1/22/2025 12:00:00 AM,RFC,MIDATL,AE,AECO,1206.027,False
1/22/2025 6:00:00 AM,1/22/2025 1:00:00 AM,RFC,MIDATL,AE,AECO,1137.518,False
1/22/2025 7:00:00 AM,1/22/2025 2:00:00 AM,RFC,MIDATL,AE,AECO,1177.651,False
1/22/2025 8:00:00 AM,1/22/2025 3:00:00 AM,RFC,MIDATL,AE,AECO,1179.416,False
1/22/2025 9:00:00 AM,1/22/2025 4:00:00 AM,RFC,MIDATL,AE,AECO,1206.879,False
1/22/2025 10:00:00 AM,1/22/2025 5:00:00 AM,RFC,MIDATL,AE,AECO,1312.519,False
1/22/2025 11:00:00 AM,1/22/2025 6:00:00 AM,RFC,MIDATL,AE,AECO,1351.089,False
1/22/2025 12:00:00 PM,1/22/2025 7:00:00 AM,RFC,MIDATL,AE,AECO,1386.261,False
1/22/2025 1:00:00 PM,1/22/2025 8:00:00 AM,RFC,MIDATL,AE,AECO,1382.863,False
1/22/2025 2:00:00 PM,1/22/2025 9:00:00 AM,RFC,MIDATL,AE,AECO,1359.502,False
1/22/2025 3:00:00 PM,1/22/2025 10:00:00 AM,RFC,MIDATL,AE,AECO,1304.969,False
1/22/2025 4:00:00 PM,1/22/2025 11:00:00 AM,RFC,MIDATL,AE,AECO,1094.802,False
1/22/2025 5:00:00 PM,1/22/2025 12:00:00 PM,RFC,MIDATL,AE,AECO,1083.887,False
1/22/2025 6:00:00 PM,1/22/2025 1:00:00 PM,RFC,MIDATL,AE,AECO,1071.304,False
1/22/2025 7:00:00 PM,1/22/2025 2:00:00 PM,RFC,MIDATL,AE,AECO,1106.969,False
1/22/2025 8:00:00 PM,1/22/2025 3:00:00 PM,RFC,MIDATL,AE,AECO,1219.977,False
1/22/2025 9:00:00 PM,1/22/2025 4:00:00 PM,RFC,MIDATL,AE,AECO,1303.600,False
1/22/2025 10:00:00 PM,1/22/2025 5:00:00 PM,RFC,MIDATL,AE,AECO,1429.428,False
1/22/2025 11:00:00 PM,1/22/2025 6:00:00 PM,RFC,MIDATL,AE,AECO,1470.983,False
1/23/2025 12:00:00 AM,1/22/2025 7:00:00 PM,RFC,MIDATL,AE,AECO,1464.275,False
1/23/2025 1:00:00 AM,1/22/2025 8:00:00 PM,RFC,MIDATL,AE,AECO,1445.902,False
1/23/2025 2:00:00 AM,1/22/2025 9:00:00 PM,RFC,MIDATL,AE,AECO,1409.068,False
1/23/2025 3:00:00 AM,1/22/2025 10:00:00 PM,RFC,MIDATL,AE,AECO,1329.095,False
1/23/2025 4:00:00 AM,1/22/2025 11:00:00 PM,RFC,MIDATL,AE,AECO,1222.473,False
1/23/2025 5:00:00 AM,1/23/2025 12:00:00 AM,RFC,MIDATL,AE,AECO,1256.840,False
1/23/2025 6:00:00 AM,1/23/2025 1:00:00 AM,RFC,MIDATL,AE,AECO,1201.046,False
1/23/2025 7:00:00 AM,1/23/2025 2:00:00 AM,RFC,MIDATL,AE,AECO,1205.422,False
1/23/2025 8:00:00 AM,1/23/2025 3:00:00 AM,RFC,MIDATL,AE,AECO,1214.443,False
1/23/2025 9:00:00 AM,1/23/2025 4:00:00 AM,RFC,MIDATL,AE,AECO,1227.043,False
1/23/2025 10:00:00 AM,1/23/2025 5:00:00 AM,RFC,MIDATL,AE,AECO,1334.801,False
1/23/2025 11:00:00 AM,1/23/2025 6:00:00 AM,RFC,MIDATL,AE,AECO,1379.992,False
1/23/2025 12:00:00 PM,1/23/2025 7:00:00 AM,RFC,MIDATL,AE,AECO,1416.265,False
1/23/2025 1:00:00 PM,1/23/2025 8:00:00 AM,RFC,MIDATL,AE,AECO,1376.077,False
1/23/2025 2:00:00 PM,1/23/2025 9:00:00 AM,RFC,MIDATL,AE,AECO,1283.778,False
1/23/2025 3:00:00 PM,1/23/2025 10:00:00 AM,RFC,MIDATL,AE,AECO,1216.363,False
1/23/2025 4:00:00 PM,1/23/2025 11:00:00 AM,RFC,MIDATL,AE,AECO,1135.161,False
1/23/2025 5:00:00 PM,1/23/2025 12:00:00 PM,RFC,MIDATL,AE,AECO,1184.783,False
1/23/2025 6:00:00 PM,1/23/2025 1:00:00 PM,RFC,MIDATL,AE,AECO,1111.104,False
1/23/2025 7:00:00 PM,1/23/2025 2:00:00 PM,RFC,MIDATL,AE,AECO,1143.533,False
1/23/2025 8:00:00 PM,1/23/2025 3:00:00 PM,RFC,MIDATL,AE,AECO,1203.567,False
1/23/2025 9:00:00 PM,1/23/2025 4:00:00 PM,RFC,MIDATL,AE,AECO,1303.803,False
1/23/2025 10:00:00 PM,1/23/2025 5:00:00 PM,RFC,MIDATL,AE,AECO,1394.258,False
1/23/2025 11:00:00 PM,1/23/2025 6:00:00 PM,RFC,MIDATL,AE,AECO,1436.561,False
1/24/2025 12:00:00 AM,1/23/2025 7:00:00 PM,RFC,MIDATL,AE,AECO,1426.827,False
1/24/2025 1:00:00 AM,1/23/2025 8:00:00 PM,RFC,MIDATL,AE,AECO,1406.490,False
1/24/2025 2:00:00 AM,1/23/2025 9:00:00 PM,RFC,MIDATL,AE,AECO,1360.184,False
1/24/2025 3:00:00 AM,1/23/2025 10:00:00 PM,RFC,MIDATL,AE,AECO,1187.741,False
1/24/2025 4:00:00 AM,1/23/2025 11:00:00 PM,RFC,MIDATL,AE,AECO,1203.098,False
1/24/2025 5:00:00 AM,1/24/2025 12:00:00 AM,RFC,MIDATL,AE,AECO,1191.714,False
1/24/2025 6:00:00 AM,1/24/2025 1:00:00 AM,RFC,MIDATL,AE,AECO,1170.050,False
1/24/2025 7:00:00 AM,1/24/2025 2:00:00 AM,RFC,MIDATL,AE,AECO,1153.763,False
1/24/2025 8:00:00 AM,1/24/2025 3:00:00 AM,RFC,MIDATL,AE,AECO,1151.683,False
1/24/2025 9:00:00 AM,1/24/2025 4:00:00 AM,RFC,MIDATL,AE,AECO,1169.954,False
1/24/2025 10:00:00 AM,1/24/2025 5:00:00 AM,RFC,MIDATL,AE,AECO,1215.038,False
1/24/2025 11:00:00 AM,1/24/2025 6:00:00 AM,RFC,MIDATL,AE,AECO,1296.287,False
1/24/2025 12:00:00 PM,1/24/2025 7:00:00 AM,RFC,MIDATL,AE,AECO,1334.605,False
1/24/2025 1:00:00 PM,1/24/2025 8:00:00 AM,RFC,MIDATL,AE,AECO,1262.709,False
1/24/2025 2:00:00 PM,1/24/2025 9:00:00 AM,RFC,MIDATL,AE,AECO,1144.875,False
1/24/2025 3:00:00 PM,1/24/2025 10:00:00 AM,RFC,MIDATL,AE,AECO,1029.741,False
1/24/2025 4:00:00 PM,1/24/2025 11:00:00 AM,RFC,MIDATL,AE,AECO,959.462,False
1/24/2025 5:00:00 PM,1/24/2025 12:00:00 PM,RFC,MIDATL,AE,AECO,929.390,False
1/24/2025 6:00:00 PM,1/24/2025 1:00:00 PM,RFC,MIDATL,AE,AECO,901.618,False
1/24/2025 7:00:00 PM,1/24/2025 2:00:00 PM,RFC,MIDATL,AE,AECO,942.886,False
1/24/2025 8:00:00 PM,1/24/2025 3:00:00 PM,RFC,MIDATL,AE,AECO,1040.861,False
1/24/2025 9:00:00 PM,1/24/2025 4:00:00 PM,RFC,MIDATL,AE,AECO,1185.626,False
1/24/2025 10:00:00 PM,1/24/2025 5:00:00 PM,RFC,MIDATL,AE,AECO,1305.638,False
1/24/2025 11:00:00 PM,1/24/2025 6:00:00 PM,RFC,MIDATL,AE,AECO,1338.613,False
1/25/2025 12:00:00 AM,1/24/2025 7:00:00 PM,RFC,MIDATL,AE,AECO,1330.671,False
1/25/2025 1:00:00 AM,1/24/2025 8:00:00 PM,RFC,MIDATL,AE,AECO,1321.393,False
1/25/2025 2:00:00 AM,1/24/2025 9:00:00 PM,RFC,MIDATL,AE,AECO,1299.285,False
1/25/2025 3:00:00 AM,1/24/2025 10:00:00 PM,RFC,MIDATL,AE,AECO,1236.701,False
1/25/2025 4:00:00 AM,1/24/2025 11:00:00 PM,RFC,MIDATL,AE,AECO,1200.726,False
1/25/2025 5:00:00 AM,1/25/2025 12:00:00 AM,RFC,MIDATL,AE,AECO,1162.258,False
1/25/2025 6:00:00 AM,1/25/2025 1:00:00 AM,RFC,MIDATL,AE,AECO,1140.540,False
1/25/2025 7:00:00 AM,1/25/2025 2:00:00 AM,RFC,MIDATL,AE,AECO,1112.919,False
1/25/2025 8:00:00 AM,1/25/2025 3:00:00 AM,RFC,MIDATL,AE,AECO,1116.235,False
1/25/2025 9:00:00 AM,1/25/2025 4:00:00 AM,RFC,MIDATL,AE,AECO,1118.909,False
1/25/2025 10:00:00 AM,1/25/2025 5:00:00 AM,RFC,MIDATL,AE,AECO,1157.230,False
1/25/2025 11:00:00 AM,1/25/2025 6:00:00 AM,RFC,MIDATL,AE,AECO,1188.714,False
1/25/2025 12:00:00 PM,1/25/2025 7:00:00 AM,RFC,MIDATL,AE,AECO,1214.033,False
1/25/2025 1:00:00 PM,1/25/2025 8:00:00 AM,RFC,MIDATL,AE,AECO,1158.885,False
1/25/2025 2:00:00 PM,1/25/2025 9:00:00 AM,RFC,MIDATL,AE,AECO,1055.342,False
1/25/2025 3:00:00 PM,1/25/2025 10:00:00 AM,RFC,MIDATL,AE,AECO,930.252,False
1/25/2025 4:00:00 PM,1/25/2025 11:00:00 AM,RFC,MIDATL,AE,AECO,867.469,False
1/25/2025 5:00:00 PM,1/25/2025 12:00:00 PM,RFC,MIDATL,AE,AECO,830.802,False
1/25/2025 6:00:00 PM,1/25/2025 1:00:00 PM,RFC,MIDATL,AE,AECO,840.744,False
1/25/2025 7:00:00 PM,1/25/2025 2:00:00 PM,RFC,MIDATL,AE,AECO,897.617,False
1/25/2025 8:00:00 PM,1/25/2025 3:00:00 PM,RFC,MIDATL,AE,AECO,1001.669,False
1/25/2025 9:00:00 PM,1/25/2025 4:00:00 PM,RFC,MIDATL,AE,AECO,1152.051,False
1/25/2025 10:00:00 PM,1/25/2025 5:00:00 PM,RFC,MIDATL,AE,AECO,1261.691,False
1/25/2025 11:00:00 PM,1/25/2025 6:00:00 PM,RFC,MIDATL,AE,AECO,1291.453,False
1/26/2025 12:00:00 AM,1/25/2025 7:00:00 PM,RFC,MIDATL,AE,AECO,1277.193,False
1/26/2025 1:00:00 AM,1/25/2025 8:00:00 PM,RFC,MIDATL,AE,AECO,1261.008,False
1/26/2025 2:00:00 AM,1/25/2025 9:00:00 PM,RFC,MIDATL,AE,AECO,1215.483,False
1/26/2025 3:00:00 AM,1/25/2025 10:00:00 PM,RFC,MIDATL,AE,AECO,1164.399,False
1/26/2025 4:00:00 AM,1/25/2025 11:00:00 PM,RFC,MIDATL,AE,AECO,1105.685,False
1/26/2025 5:00:00 AM,1/26/2025 12:00:00 AM,RFC,MIDATL,AE,AECO,1064.049,False
1/26/2025 6:00:00 AM,1/26/2025 1:00:00 AM,RFC,MIDATL,AE,AECO,1032.230,False
1/26/2025 7:00:00 AM,1/26/2025 2:00:00 AM,RFC,MIDATL,AE,AECO,1011.689,False
1/26/2025 8:00:00 AM,1/26/2025 3:00:00 AM,RFC,MIDATL,AE,AECO,1004.712,False
1/26/2025 9:00:00 AM,1/26/2025 4:00:00 AM,RFC,MIDATL,AE,AECO,1009.133,False
1/26/2025 10:00:00 AM,1/26/2025 5:00:00 AM,RFC,MIDATL,AE,AECO,1015.098,False
1/26/2025 11:00:00 AM,1/26/2025 6:00:00 AM,RFC,MIDATL,AE,AECO,1040.299,False
1/26/2025 12:00:00 PM,1/26/2025 7:00:00 AM,RFC,MIDATL,AE,AECO,1059.945,False
1/26/2025 1:00:00 PM,1/26/2025 8:00:00 AM,RFC,MIDATL,AE,AECO,1080.162,False
1/26/2025 2:00:00 PM,1/26/2025 9:00:00 AM,RFC,MIDATL,AE,AECO,1055.366,False
1/26/2025 3:00:00 PM,1/26/2025 10:00:00 AM,RFC,MIDATL,AE,AECO,1037.792,False
1/26/2025 4:00:00 PM,1/26/2025 11:00:00 AM,RFC,MIDATL,AE,AECO,1065.524,False
1/26/2025 5:00:00 PM,1/26/2025 12:00:00 PM,RFC,MIDATL,AE,AECO,1063.919,False
1/26/2025 6:00:00 PM,1/26/2025 1:00:00 PM,RFC,MIDATL,AE,AECO,1068.186,False
1/26/2025 7:00:00 PM,1/26/2025 2:00:00 PM,RFC,MIDATL,AE,AECO,1071.140,False
1/26/2025 8:00:00 PM,1/26/2025 3:00:00 PM,RFC,MIDATL,AE,AECO,1082.140,False
1/26/2025 9:00:00 PM,1/26/2025 4:00:00 PM,RFC,MIDATL,AE,AECO,1117.214,False
1/26/2025 10:00:00 PM,1/26/2025 5:00:00 PM,RFC,MIDATL,AE,AECO,1198.844,False
1/26/2025 11:00:00 PM,1/26/2025 6:00:00 PM,RFC,MIDATL,AE,AECO,1225.682,False
1/27/2025 12:00:00 AM,1/26/2025 7:00:00 PM,RFC,MIDATL,AE,AECO,1248.157,False
1/27/2025 1:00:00 AM,1/26/2025 8:00:00 PM,RFC,MIDATL,AE,AECO,1230.362,False
1/27/2025 2:00:00 AM,1/26/2025 9:00:00 PM,RFC,MIDATL,AE,AECO,1201.026,False
1/27/2025 3:00:00 AM,1/26/2025 10:00:00 PM,RFC,MIDATL,AE,AECO,1147.009,False
1/27/2025 4:00:00 AM,1/26/2025 11:00:00 PM,RFC,MIDATL,AE,AECO,1093.417,False
1/27/2025 5:00:00 AM,1/27/2025 12:00:00 AM,RFC,MIDATL,AE,AECO,1051.888,False
1/27/2025 6:00:00 AM,1/27/2025 1:00:00 AM,RFC,MIDATL,AE,AECO,1030.540,False
1/27/2025 7:00:00 AM,1/27/2025 2:00:00 AM,RFC,MIDATL,AE,AECO,1022.762,False
1/27/2025 8:00:00 AM,1/27/2025 3:00:00 AM,RFC,MIDATL,AE,AECO,1024.967,False
1/27/2025 9:00:00 AM,1/27/2025 4:00:00 AM,RFC,MIDATL,AE,AECO,1050.026,False
1/27/2025 10:00:00 AM,1/27/2025 5:00:00 AM,RFC,MIDATL,AE,AECO,1087.219,False
1/27/2025 11:00:00 AM,1/27/2025 6:00:00 AM,RFC,MIDATL,AE,AECO,1173.948,False
1/27/2025 12:00:00 PM,1/27/2025 7:00:00 AM,RFC,MIDATL,AE,AECO,1219.731,False
1/27/2025 1:00:00 PM,1/27/2025 8:00:00 AM,RFC,MIDATL,AE,AECO,1116.973,False
1/27/2025 2:00:00 PM,1/27/2025 9:00:00 AM,RFC,MIDATL,AE,AECO,949.577,False
1/27/2025 3:00:00 PM,1/27/2025 10:00:00 AM,RFC,MIDATL,AE,AECO,847.148,False
1/27/2025 4:00:00 PM,1/27/2025 11:00:00 AM,RFC,MIDATL,AE,AECO,776.153,False
1/27/2025 5:00:00 PM,1/27/2025 12:00:00 PM,RFC,MIDATL,AE,AECO,743.154,False
1/27/2025 6:00:00 PM,1/27/2025 1:00:00 PM,RFC,MIDATL,AE,AECO,750.619,False
1/27/2025 7:00:00 PM,1/27/2025 2:00:00 PM,RFC,MIDATL,AE,AECO,801.525,False
1/27/2025 8:00:00 PM,1/27/2025 3:00:00 PM,RFC,MIDATL,AE,AECO,905.204,False
1/27/2025 9:00:00 PM,1/27/2025 4:00:00 PM,RFC,MIDATL,AE,AECO,1064.473,False
1/27/2025 10:00:00 PM,1/27/2025 5:00:00 PM,RFC,MIDATL,AE,AECO,1206.695,False
1/27/2025 11:00:00 PM,1/27/2025 6:00:00 PM,RFC,MIDATL,AE,AECO,1262.997,False
1/28/2025 12:00:00 AM,1/27/2025 7:00:00 PM,RFC,MIDATL,AE,AECO,1252.757,False
1/28/2025 1:00:00 AM,1/27/2025 8:00:00 PM,RFC,MIDATL,AE,AECO,1232.517,False
1/28/2025 2:00:00 AM,1/27/2025 9:00:00 PM,RFC,MIDATL,AE,AECO,1178.765,False
1/28/2025 3:00:00 AM,1/27/2025 10:00:00 PM,RFC,MIDATL,AE,AECO,1111.684,False
1/28/2025 4:00:00 AM,1/27/2025 11:00:00 PM,RFC,MIDATL,AE,AECO,1046.474,False
1/28/2025 5:00:00 AM,1/28/2025 12:00:00 AM,RFC,MIDATL,AE,AECO,1013.820,False
1/28/2025 6:00:00 AM,1/28/2025 1:00:00 AM,RFC,MIDATL,AE,AECO,988.131,False
1/28/2025 7:00:00 AM,1/28/2025 2:00:00 AM,RFC,MIDATL,AE,AECO,976.188,False
1/28/2025 8:00:00 AM,1/28/2025 3:00:00 AM,RFC,MIDATL,AE,AECO,969.843,False
1/28/2025 9:00:00 AM,1/28/2025 4:00:00 AM,RFC,MIDATL,AE,AECO,978.621,False
1/28/2025 10:00:00 AM,1/28/2025 5:00:00 AM,RFC,MIDATL,AE,AECO,1024.023,False
1/28/2025 11:00:00 AM,1/28/2025 6:00:00 AM,RFC,MIDATL,AE,AECO,1109.897,False
1/28/2025 12:00:00 PM,1/28/2025 7:00:00 AM,RFC,MIDATL,AE,AECO,1150.120,False
1/28/2025 1:00:00 PM,1/28/2025 8:00:00 AM,RFC,MIDATL,AE,AECO,1063.942,False
1/28/2025 2:00:00 PM,1/28/2025 9:00:00 AM,RFC,MIDATL,AE,AECO,931.175,False
1/28/2025 3:00:00 PM,1/28/2025 10:00:00 AM,RFC,MIDATL,AE,AECO,821.325,False
1/28/2025 4:00:00 PM,1/28/2025 11:00:00 AM,RFC,MIDATL,AE,AECO,804.315,False
1/28/2025 5:00:00 PM,1/28/2025 12:00:00 PM,RFC,MIDATL,AE,AECO,805.411,False
1/28/2025 6:00:00 PM,1/28/2025 1:00:00 PM,RFC,MIDATL,AE,AECO,788.900,False
1/28/2025 7:00:00 PM,1/28/2025 2:00:00 PM,RFC,MIDATL,AE,AECO,824.448,False
1/28/2025 8:00:00 PM,1/28/2025 3:00:00 PM,RFC,MIDATL,AE,AECO,918.825,False
1/28/2025 9:00:00 PM,1/28/2025 4:00:00 PM,RFC,MIDATL,AE,AECO,1037.619,False
1/28/2025 10:00:00 PM,1/28/2025 5:00:00 PM,RFC,MIDATL,AE,AECO,1178.724,False
1/28/2025 11:00:00 PM,1/28/2025 6:00:00 PM,RFC,MIDATL,AE,AECO,1235.050,False
1/29/2025 12:00:00 AM,1/28/2025 7:00:00 PM,RFC,MIDATL,AE,AECO,1233.831,False
1/29/2025 1:00:00 AM,1/28/2025 8:00:00 PM,RFC,MIDATL,AE,AECO,1214.450,False
1/29/2025 2:00:00 AM,1/28/2025 9:00:00 PM,RFC,MIDATL,AE,AECO,1183.829,False
1/29/2025 3:00:00 AM,1/28/2025 10:00:00 PM,RFC,MIDATL,AE,AECO,1093.328,False
1/29/2025 4:00:00 AM,1/28/2025 11:00:00 PM,RFC,MIDATL,AE,AECO,1039.722,False
1/29/2025 5:00:00 AM,1/29/2025 12:00:00 AM,RFC,MIDATL,AE,AECO,988.095,False
1/29/2025 6:00:00 AM,1/29/2025 1:00:00 AM,RFC,MIDATL,AE,AECO,957.340,False
1/29/2025 7:00:00 AM,1/29/2025 2:00:00 AM,RFC,MIDATL,AE,AECO,941.712,False
1/29/2025 8:00:00 AM,1/29/2025 3:00:00 AM,RFC,MIDATL,AE,AECO,940.379,False
1/29/2025 9:00:00 AM,1/29/2025 4:00:00 AM,RFC,MIDATL,AE,AECO,957.587,False
1/29/2025 10:00:00 AM,1/29/2025 5:00:00 AM,RFC,MIDATL,AE,AECO,1001.269,False
1/29/2025 11:00:00 AM,1/29/2025 6:00:00 AM,RFC,MIDATL,AE,AECO,1081.842,False
1/29/2025 12:00:00 PM,1/29/2025 7:00:00 AM,RFC,MIDATL,AE,AECO,1116.807,False
1/29/2025 1:00:00 PM,1/29/2025 8:00:00 AM,RFC,MIDATL,AE,AECO,1015.653,False
1/29/2025 2:00:00 PM,1/29/2025 9:00:00 AM,RFC,MIDATL,AE,AECO,906.054,False
1/29/2025 3:00:00 PM,1/29/2025 10:00:00 AM,RFC,MIDATL,AE,AECO,786.602,False
1/29/2025 4:00:00 PM,1/29/2025 11:00:00 AM,RFC,MIDATL,AE,AECO,707.130,False
1/29/2025 5:00:00 PM,1/29/2025 12:00:00 PM,RFC,MIDATL,AE,AECO,714.542,False
1/29/2025 6:00:00 PM,1/29/2025 1:00:00 PM,RFC,MIDATL,AE,AECO,729.300,False
1/29/2025 7:00:00 PM,1/29/2025 2:00:00 PM,RFC,MIDATL,AE,AECO,786.747,False
1/29/2025 8:00:00 PM,1/29/2025 3:00:00 PM,RFC,MIDATL,AE,AECO,872.080,False
1/29/2025 9:00:00 PM,1/29/2025 4:00:00 PM,RFC,MIDATL,AE,AECO,982.849,False
1/29/2025 10:00:00 PM,1/29/2025 5:00:00 PM,RFC,MIDATL,AE,AECO,1125.840,False
1/29/2025 11:00:00 PM,1/29/2025 6:00:00 PM,RFC,MIDATL,AE,AECO,1180.944,False
1/30/2025 12:00:00 AM,1/29/2025 7:00:00 PM,RFC,MIDATL,AE,AECO,1162.968,False
1/30/2025 1:00:00 AM,1/29/2025 8:00:00 PM,RFC,MIDATL,AE,AECO,1154.474,False
1/30/2025 2:00:00 AM,1/29/2025 9:00:00 PM,RFC,MIDATL,AE,AECO,1115.488,False
1/30/2025 3:00:00 AM,1/29/2025 10:00:00 PM,RFC,MIDATL,AE,AECO,1051.685,False
1/30/2025 4:00:00 AM,1/29/2025 11:00:00 PM,RFC,MIDATL,AE,AECO,996.707,False
1/30/2025 5:00:00 AM,1/30/2025 12:00:00 AM,RFC,MIDATL,AE,AECO,956.200,False
1/30/2025 6:00:00 AM,1/30/2025 1:00:00 AM,RFC,MIDATL,AE,AECO,937.564,False
1/30/2025 7:00:00 AM,1/30/2025 2:00:00 AM,RFC,MIDATL,AE,AECO,930.338,False
1/30/2025 8:00:00 AM,1/30/2025 3:00:00 AM,RFC,MIDATL,AE,AECO,936.631,False
1/30/2025 9:00:00 AM,1/30/2025 4:00:00 AM,RFC,MIDATL,AE,AECO,959.046,False
1/30/2025 10:00:00 AM,1/30/2025 5:00:00 AM,RFC,MIDATL,AE,AECO,1018.400,False
1/30/2025 11:00:00 AM,1/30/2025 6:00:00 AM,RFC,MIDATL,AE,AECO,1115.978,False
1/30/2025 12:00:00 PM,1/30/2025 7:00:00 AM,RFC,MIDATL,AE,AECO,1140.276,False
1/30/2025 1:00:00 PM,1/30/2025 8:00:00 AM,RFC,MIDATL,AE,AECO,1041.383,False
1/30/2025 2:00:00 PM,1/30/2025 9:00:00 AM,RFC,MIDATL,AE,AECO,905.876,False
1/30/2025 3:00:00 PM,1/30/2025 10:00:00 AM,RFC,MIDATL,AE,AECO,804.061,False
1/30/2025 4:00:00 PM,1/30/2025 11:00:00 AM,RFC,MIDATL,AE,AECO,736.611,False
1/30/2025 5:00:00 PM,1/30/2025 12:00:00 PM,RFC,MIDATL,AE,AECO,740.688,False
1/30/2025 6:00:00 PM,1/30/2025 1:00:00 PM,RFC,MIDATL,AE,AECO,778.959,False
1/30/2025 7:00:00 PM,1/30/2025 2:00:00 PM,RFC,MIDATL,AE,AECO,857.104,False
1/30/2025 8:00:00 PM,1/30/2025 3:00:00 PM,RFC,MIDATL,AE,AECO,960.168,False
1/30/2025 9:00:00 PM,1/30/2025 4:00:00 PM,RFC,MIDATL,AE,AECO,1069.199,False
1/30/2025 10:00:00 PM,1/30/2025 5:00:00 PM,RFC,MIDATL,AE,AECO,1183.856,False
1/30/2025 11:00:00 PM,1/30/2025 6:00:00 PM,RFC,MIDATL,AE,AECO,1216.220,False
1/31/2025 12:00:00 AM,1/30/2025 7:00:00 PM,RFC,MIDATL,AE,AECO,1205.669,False
1/31/2025 1:00:00 AM,1/30/2025 8:00:00 PM,RFC,MIDATL,AE,AECO,1181.265,False
1/31/2025 2:00:00 AM,1/30/2025 9:00:00 PM,RFC,MIDATL,AE,AECO,1131.757,False
1/31/2025 3:00:00 AM,1/30/2025 10:00:00 PM,RFC,MIDATL,AE,AECO,1058.394,False
1/31/2025 4:00:00 AM,1/30/2025 11:00:00 PM,RFC,MIDATL,AE,AECO,995.081,False
1/31/2025 5:00:00 AM,1/31/2025 12:00:00 AM,RFC,MIDATL,AE,AECO,1206.890,False
1/31/2025 6:00:00 AM,1/31/2025 1:00:00 AM,RFC,MIDATL,AE,AECO,1178.430,False
1/31/2025 7:00:00 AM,1/31/2025 2:00:00 AM,RFC,MIDATL,AE,AECO,1164.611,False
1/31/2025 8:00:00 AM,1/31/2025 3:00:00 AM,RFC,MIDATL,AE,AECO,1166.596,False
1/31/2025 9:00:00 AM,1/31/2025 4:00:00 AM,RFC,MIDATL,AE,AECO,1174.379,False
1/31/2025 10:00:00 AM,1/31/2025 5:00:00 AM,RFC,MIDATL,AE,AECO,1219.004,False
1/31/2025 11:00:00 AM,1/31/2025 6:00:00 AM,RFC,MIDATL,AE,AECO,1301.399,False
1/31/2025 12:00:00 PM,1/31/2025 7:00:00 AM,RFC,MIDATL,AE,AECO,1352.264,False
1/31/2025 1:00:00 PM,1/31/2025 8:00:00 AM,RFC,MIDATL,AE,AECO,1364.480,False
1/31/2025 2:00:00 PM,1/31/2025 9:00:00 AM,RFC,MIDATL,AE,AECO,1388.416,False
1/31/2025 3:00:00 PM,1/31/2025 10:00:00 AM,RFC,MIDATL,AE,AECO,1396.837,False
1/31/2025 4:00:00 PM,1/31/2025 11:00:00 AM,RFC,MIDATL,AE,AECO,1378.331,False
1/31/2025 5:00:00 PM,1/31/2025 12:00:00 PM,RFC,MIDATL,AE,AECO,1385.223,False
1/31/2025 6:00:00 PM,1/31/2025 1:00:00 PM,RFC,MIDATL,AE,AECO,1389.350,False
1/31/2025 7:00:00 PM,1/31/2025 2:00:00 PM,RFC,MIDATL,AE,AECO,1388.602,False
1/31/2025 8:00:00 PM,1/31/2025 3:00:00 PM,RFC,MIDATL,AE,AECO,1404.915,False
1/31/2025 9:00:00 PM,1/31/2025 4:00:00 PM,RFC,MIDATL,AE,AECO,1422.278,False
1/31/2025 10:00:00 PM,1/31/2025 5:00:00 PM,RFC,MIDATL,AE,AECO,1431.476,False
1/31/2025 11:00:00 PM,1/31/2025 6:00:00 PM,RFC,MIDATL,AE,AECO,1151.418,False
2/1/2025 12:00:00 AM,1/31/2025 7:00:00 PM,RFC,MIDATL,AE,AECO,1111.076,False
2/1/2025 1:00:00 AM,1/31/2025 8:00:00 PM,RFC,MIDATL,AE,AECO,1075.306,False
2/1/2025 2:00:00 AM,1/31/2025 9:00:00 PM,RFC,MIDATL,AE,AECO,1033.123,False
2/1/2025 3:00:00 AM,1/31/2025 10:00:00 PM,RFC,MIDATL,AE,AECO,980.015,False
2/1/2025 4:00:00 AM,1/31/2025 11:00:00 PM,RFC,MIDATL,AE,AECO,922.397,False
2/1/2025 5:00:00 AM,2/1/2025 12:00:00 AM,RFC,MIDATL,AE,AECO,872.020,True
2/1/2025 6:00:00 AM,2/1/2025 1:00:00 AM,RFC,MIDATL,AE,AECO,839.543,True
2/1/2025 7:00:00 AM,2/1/2025 2:00:00 AM,RFC,MIDATL,AE,AECO,817.329,True
2/1/2025 8:00:00 AM,2/1/2025 3:00:00 AM,RFC,MIDATL,AE,AECO,804.676,True
2/1/2025 9:00:00 AM,2/1/2025 4:00:00 AM,RFC,MIDATL,AE,AECO,805.142,True
2/1/2025 10:00:00 AM,2/1/2025 5:00:00 AM,RFC,MIDATL,AE,AECO,830.576,True
2/1/2025 11:00:00 AM,2/1/2025 6:00:00 AM,RFC,MIDATL,AE,AECO,876.924,True
2/1/2025 12:00:00 PM,2/1/2025 7:00:00 AM,RFC,MIDATL,AE,AECO,909.073,True
2/1/2025 1:00:00 PM,2/1/2025 8:00:00 AM,RFC,MIDATL,AE,AECO,888.349,True
2/1/2025 2:00:00 PM,2/1/2025 9:00:00 AM,RFC,MIDATL,AE,AECO,793.599,True
2/1/2025 3:00:00 PM,2/1/2025 10:00:00 AM,RFC,MIDATL,AE,AECO,708.792,True
2/1/2025 4:00:00 PM,2/1/2025 11:00:00 AM,RFC,MIDATL,AE,AECO,653.327,True
2/1/2025 5:00:00 PM,2/1/2025 12:00:00 PM,RFC,MIDATL,AE,AECO,637.028,True
2/1/2025 6:00:00 PM,2/1/2025 1:00:00 PM,RFC,MIDATL,AE,AECO,659.608,True
2/1/2025 7:00:00 PM,2/1/2025 2:00:00 PM,RFC,MIDATL,AE,AECO,724.339,True
2/1/2025 8:00:00 PM,2/1/2025 3:00:00 PM,RFC,MIDATL,AE,AECO,840.417,True
2/1/2025 9:00:00 PM,2/1/2025 4:00:00 PM,RFC,MIDATL,AE,AECO,998.128,True
2/1/2025 10:00:00 PM,2/1/2025 5:00:00 PM,RFC,MIDATL,AE,AECO,1137.421,True
2/1/2025 11:00:00 PM,2/1/2025 6:00:00 PM,RFC,MIDATL,AE,AECO,1186.292,True
2/2/2025 12:00:00 AM,2/1/2025 7:00:00 PM,RFC,MIDATL,AE,AECO,1184.355,True
2/2/2025 1:00:00 AM,2/1/2025 8:00:00 PM,RFC,MIDATL,AE,AECO,1177.214,True
2/2/2025 2:00:00 AM,2/1/2025 9:00:00 PM,RFC,MIDATL,AE,AECO,1156.182,True
2/2/2025 3:00:00 AM,2/1/2025 10:00:00 PM,RFC,MIDATL,AE,AECO,1119.382,True
2/2/2025 4:00:00 AM,2/1/2025 11:00:00 PM,RFC,MIDATL,AE,AECO,1080.088,True
2/2/2025 5:00:00 AM,2/2/2025 12:00:00 AM,RFC,MIDATL,AE,AECO,1049.403,True
2/2/2025 6:00:00 AM,2/2/2025 1:00:00 AM,RFC,MIDATL,AE,AECO,1032.010,True
2/2/2025 7:00:00 AM,2/2/2025 2:00:00 AM,RFC,MIDATL,AE,AECO,1021.538,True
2/2/2025 8:00:00 AM,2/2/2025 3:00:00 AM,RFC,MIDATL,AE,AECO,1022.362,True
2/2/2025 9:00:00 AM,2/2/2025 4:00:00 AM,RFC,MIDATL,AE,AECO,1032.579,True
2/2/2025 10:00:00 AM,2/2/2025 5:00:00 AM,RFC,MIDATL,AE,AECO,1051.567,True
2/2/2025 11:00:00 AM,2/2/2025 6:00:00 AM,RFC,MIDATL,AE,AECO,1082.247,True
2/2/2025 12:00:00 PM,2/2/2025 7:00:00 AM,RFC,MIDATL,AE,AECO,1082.745,True
2/2/2025 1:00:00 PM,2/2/2025 8:00:00 AM,RFC,MIDATL,AE,AECO,1023.338,True
2/2/2025 2:00:00 PM,2/2/2025 9:00:00 AM,RFC,MIDATL,AE,AECO,941.353,True
2/2/2025 3:00:00 PM,2/2/2025 10:00:00 AM,RFC,MIDATL,AE,AECO,848.408,True
2/2/2025 4:00:00 PM,2/2/2025 11:00:00 AM,RFC,MIDATL,AE,AECO,895.753,True
2/2/2025 5:00:00 PM,2/2/2025 12:00:00 PM,RFC,MIDATL,AE,AECO,956.681,True
2/2/2025 6:00:00 PM,2/2/2025 1:00:00 PM,RFC,MIDATL,AE,AECO,1015.881,True
2/2/2025 7:00:00 PM,2/2/2025 2:00:00 PM,RFC,MIDATL,AE,AECO,1060.072,True
2/2/2025 8:00:00 PM,2/2/2025 3:00:00 PM,RFC,MIDATL,AE,AECO,1097.196,True
2/2/2025 9:00:00 PM,2/2/2025 4:00:00 PM,RFC,MIDATL,AE,AECO,1159.017,True
2/2/2025 10:00:00 PM,2/2/2025 5:00:00 PM,RFC,MIDATL,AE,AECO,1219.392,True
2/2/2025 11:00:00 PM,2/2/2025 6:00:00 PM,RFC,MIDATL,AE,AECO,1221.859,True
2/3/2025 12:00:00 AM,2/2/2025 7:00:00 PM,RFC,MIDATL,AE,AECO,1201.507,True
2/3/2025 1:00:00 AM,2/2/2025 8:00:00 PM,RFC,MIDATL,AE,AECO,1164.025,True
2/3/2025 2:00:00 AM,2/2/2025 9:00:00 PM,RFC,MIDATL,AE,AECO,1109.294,True
2/3/2025 3:00:00 AM,2/2/2025 10:00:00 PM,RFC,MIDATL,AE,AECO,1042.723,True
2/3/2025 4:00:00 AM,2/2/2025 11:00:00 PM,RFC,MIDATL,AE,AECO,985.119,True
2/3/2025 5:00:00 AM,2/3/2025 12:00:00 AM,RFC,MIDATL,AE,AECO,943.803,True
2/3/2025 6:00:00 AM,2/3/2025 1:00:00 AM,RFC,MIDATL,AE,AECO,919.435,True
2/3/2025 7:00:00 AM,2/3/2025 2:00:00 AM,RFC,MIDATL,AE,AECO,905.557,True
2/3/2025 8:00:00 AM,2/3/2025 3:00:00 AM,RFC,MIDATL,AE,AECO,906.270,True
2/3/2025 9:00:00 AM,2/3/2025 4:00:00 AM,RFC,MIDATL,AE,AECO,930.408,True
2/3/2025 10:00:00 AM,2/3/2025 5:00:00 AM,RFC,MIDATL,AE,AECO,991.977,True
2/3/2025 11:00:00 AM,2/3/2025 6:00:00 AM,RFC,MIDATL,AE,AECO,1076.857,True
2/3/2025 12:00:00 PM,2/3/2025 7:00:00 AM,RFC,MIDATL,AE,AECO,1091.744,True
2/3/2025 1:00:00 PM,2/3/2025 8:00:00 AM,RFC,MIDATL,AE,AECO,1009.463,True
2/3/2025 2:00:00 PM,2/3/2025 9:00:00 AM,RFC,MIDATL,AE,AECO,909.939,True
2/3/2025 3:00:00 PM,2/3/2025 10:00:00 AM,RFC,MIDATL,AE,AECO,790.193,True
2/3/2025 4:00:00 PM,2/3/2025 11:00:00 AM,RFC,MIDATL,AE,AECO,796.006,True
2/3/2025 5:00:00 PM,2/3/2025 12:00:00 PM,RFC,MIDATL,AE,AECO,733.692,True
2/3/2025 6:00:00 PM,2/3/2025 1:00:00 PM,RFC,MIDATL,AE,AECO,725.106,True
2/3/2025 7:00:00 PM,2/3/2025 2:00:00 PM,RFC,MIDATL,AE,AECO,816.475,True
2/3/2025 8:00:00 PM,2/3/2025 3:00:00 PM,RFC,MIDATL,AE,AECO,864.377,True
2/3/2025 9:00:00 PM,2/3/2025 4:00:00 PM,RFC,MIDATL,AE,AECO,986.905,True
2/3/2025 10:00:00 PM,2/3/2025 5:00:00 PM,RFC,MIDATL,AE,AECO,1113.492,True
2/3/2025 11:00:00 PM,2/3/2025 6:00:00 PM,RFC,MIDATL,AE,AECO,1158.867,True
2/4/2025 12:00:00 AM,2/3/2025 7:00:00 PM,RFC,MIDATL,AE,AECO,1147.295,True
2/4/2025 1:00:00 AM,2/3/2025 8:00:00 PM,RFC,MIDATL,AE,AECO,1122.264,True
2/4/2025 2:00:00 AM,2/3/2025 9:00:00 PM,RFC,MIDATL,AE,AECO,1076.529,True
2/4/2025 3:00:00 AM,2/3/2025 10:00:00 PM,RFC,MIDATL,AE,AECO,1002.463,True
2/4/2025 4:00:00 AM,2/3/2025 11:00:00 PM,RFC,MIDATL,AE,AECO,942.403,True
2/4/2025 5:00:00 AM,2/4/2025 12:00:00 AM,RFC,MIDATL,AE,AECO,895.272,True
2/4/2025 6:00:00 AM,2/4/2025 1:00:00 AM,RFC,MIDATL,AE,AECO,873.433,True
2/4/2025 7:00:00 AM,2/4/2025 2:00:00 AM,RFC,MIDATL,AE,AECO,852.328,True
2/4/2025 8:00:00 AM,2/4/2025 3:00:00 AM,RFC,MIDATL,AE,AECO,844.101,True
2/4/2025 9:00:00 AM,2/4/2025 4:00:00 AM,RFC,MIDATL,AE,AECO,856.384,True
2/4/2025 10:00:00 AM,2/4/2025 5:00:00 AM,RFC,MIDATL,AE,AECO,902.711,True
2/4/2025 11:00:00 AM,2/4/2025 6:00:00 AM,RFC,MIDATL,AE,AECO,984.715,True
2/4/2025 12:00:00 PM,2/4/2025 7:00:00 AM,RFC,MIDATL,AE,AECO,1012.910,True
2/4/2025 1:00:00 PM,2/4/2025 8:00:00 AM,RFC,MIDATL,AE,AECO,920.058,True
2/4/2025 2:00:00 PM,2/4/2025 9:00:00 AM,RFC,MIDATL,AE,AECO,818.098,True
2/4/2025 3:00:00 PM,2/4/2025 10:00:00 AM,RFC,MIDATL,AE,AECO,702.316,True
2/4/2025 4:00:00 PM,2/4/2025 11:00:00 AM,RFC,MIDATL,AE,AECO,640.220,True
2/4/2025 5:00:00 PM,2/4/2025 12:00:00 PM,RFC,MIDATL,AE,AECO,621.476,True
2/4/2025 6:00:00 PM,2/4/2025 1:00:00 PM,RFC,MIDATL,AE,AECO,664.923,True
2/4/2025 7:00:00 PM,2/4/2025 2:00:00 PM,RFC,MIDATL,AE,AECO,743.671,True
2/4/2025 8:00:00 PM,2/4/2025 3:00:00 PM,RFC,MIDATL,AE,AECO,839.050,True
2/4/2025 9:00:00 PM,2/4/2025 4:00:00 PM,RFC,MIDATL,AE,AECO,968.224,True
2/4/2025 10:00:00 PM,2/4/2025 5:00:00 PM,RFC,MIDATL,AE,AECO,1102.137,True
2/4/2025 11:00:00 PM,2/4/2025 6:00:00 PM,RFC,MIDATL,AE,AECO,1162.681,True
2/5/2025 12:00:00 AM,2/4/2025 7:00:00 PM,RFC,MIDATL,AE,AECO,1160.614,True
2/5/2025 1:00:00 AM,2/4/2025 8:00:00 PM,RFC,MIDATL,AE,AECO,1147.546,True
2/5/2025 2:00:00 AM,2/4/2025 9:00:00 PM,RFC,MIDATL,AE,AECO,1110.285,True
2/5/2025 3:00:00 AM,2/4/2025 10:00:00 PM,RFC,MIDATL,AE,AECO,1052.393,True
2/5/2025 4:00:00 AM,2/4/2025 11:00:00 PM,RFC,MIDATL,AE,AECO,994.515,True
2/5/2025 5:00:00 AM,2/5/2025 12:00:00 AM,RFC,MIDATL,AE,AECO,962.524,True
2/5/2025 6:00:00 AM,2/5/2025 1:00:00 AM,RFC,MIDATL,AE,AECO,940.574,True
2/5/2025 7:00:00 AM,2/5/2025 2:00:00 AM,RFC,MIDATL,AE,AECO,928.960,True
2/5/2025 8:00:00 AM,2/5/2025 3:00:00 AM,RFC,MIDATL,AE,AECO,929.022,True
2/5/2025 9:00:00 AM,2/5/2025 4:00:00 AM,RFC,MIDATL,AE,AECO,947.698,True
2/5/2025 10:00:00 AM,2/5/2025 5:00:00 AM,RFC,MIDATL,AE,AECO,1002.747,True
2/5/2025 11:00:00 AM,2/5/2025 6:00:00 AM,RFC,MIDATL,AE,AECO,1092.351,True
2/5/2025 12:00:00 PM,2/5/2025 7:00:00 AM,RFC,MIDATL,AE,AECO,1130.637,True
2/5/2025 1:00:00 PM,2/5/2025 8:00:00 AM,RFC,MIDATL,AE,AECO,1125.200,True
2/5/2025 2:00:00 PM,2/5/2025 9:00:00 AM,RFC,MIDATL,AE,AECO,1061.874,True
2/5/2025 3:00:00 PM,2/5/2025 10:00:00 AM,RFC,MIDATL,AE,AECO,1010.554,True
2/5/2025 4:00:00 PM,2/5/2025 11:00:00 AM,RFC,MIDATL,AE,AECO,1008.015,True
2/5/2025 5:00:00 PM,2/5/2025 12:00:00 PM,RFC,MIDATL,AE,AECO,921.160,True
2/5/2025 6:00:00 PM,2/5/2025 1:00:00 PM,RFC,MIDATL,AE,AECO,894.184,True
2/5/2025 7:00:00 PM,2/5/2025 2:00:00 PM,RFC,MIDATL,AE,AECO,963.712,True
2/5/2025 8:00:00 PM,2/5/2025 3:00:00 PM,RFC,MIDATL,AE,AECO,1025.212,True
2/5/2025 9:00:00 PM,2/5/2025 4:00:00 PM,RFC,MIDATL,AE,AECO,1120.803,True
2/5/2025 10:00:00 PM,2/5/2025 5:00:00 PM,RFC,MIDATL,AE,AECO,1218.117,True
2/5/2025 11:00:00 PM,2/5/2025 6:00:00 PM,RFC,MIDATL,AE,AECO,1246.588,True
2/6/2025 12:00:00 AM,2/5/2025 7:00:00 PM,RFC,MIDATL,AE,AECO,1234.583,True
2/6/2025 1:00:00 AM,2/5/2025 8:00:00 PM,RFC,MIDATL,AE,AECO,1210.719,True
2/6/2025 2:00:00 AM,2/5/2025 9:00:00 PM,RFC,MIDATL,AE,AECO,1159.746,True
2/6/2025 3:00:00 AM,2/5/2025 10:00:00 PM,RFC,MIDATL,AE,AECO,1091.905,True
2/6/2025 4:00:00 AM,2/5/2025 11:00:00 PM,RFC,MIDATL,AE,AECO,1033.116,True
2/6/2025 5:00:00 AM,2/6/2025 12:00:00 AM,RFC,MIDATL,AE,AECO,1001.284,True
2/6/2025 6:00:00 AM,2/6/2025 1:00:00 AM,RFC,MIDATL,AE,AECO,966.452,True
2/6/2025 7:00:00 AM,2/6/2025 2:00:00 AM,RFC,MIDATL,AE,AECO,961.558,True
2/6/2025 8:00:00 AM,2/6/2025 3:00:00 AM,RFC,MIDATL,AE,AECO,960.655,True
2/6/2025 9:00:00 AM,2/6/2025 4:00:00 AM,RFC,MIDATL,AE,AECO,975.785,True
2/6/2025 10:00:00 AM,2/6/2025 5:00:00 AM,RFC,MIDATL,AE,AECO,997.295,True
2/6/2025 11:00:00 AM,2/6/2025 6:00:00 AM,RFC,MIDATL,AE,AECO,1080.125,True
2/6/2025 12:00:00 PM,2/6/2025 7:00:00 AM,RFC,MIDATL,AE,AECO,1134.151,True
2/6/2025 1:00:00 PM,2/6/2025 8:00:00 AM,RFC,MIDATL,AE,AECO,1168.125,True
2/6/2025 2:00:00 PM,2/6/2025 9:00:00 AM,RFC,MIDATL,AE,AECO,1165.762,True
2/6/2025 3:00:00 PM,2/6/2025 10:00:00 AM,RFC,MIDATL,AE,AECO,1134.111,True
2/6/2025 4:00:00 PM,2/6/2025 11:00:00 AM,RFC,MIDATL,AE,AECO,1111.901,True
2/6/2025 5:00:00 PM,2/6/2025 12:00:00 PM,RFC,MIDATL,AE,AECO,1099.056,True
2/6/2025 6:00:00 PM,2/6/2025 1:00:00 PM,RFC,MIDATL,AE,AECO,1078.690,True
2/6/2025 7:00:00 PM,2/6/2025 2:00:00 PM,RFC,MIDATL,AE,AECO,1077.961,True
2/6/2025 8:00:00 PM,2/6/2025 3:00:00 PM,RFC,MIDATL,AE,AECO,1095.604,True
2/6/2025 9:00:00 PM,2/6/2025 4:00:00 PM,RFC,MIDATL,AE,AECO,1136.223,True
2/6/2025 10:00:00 PM,2/6/2025 5:00:00 PM,RFC,MIDATL,AE,AECO,1198.423,True
2/6/2025 11:00:00 PM,2/6/2025 6:00:00 PM,RFC,MIDATL,AE,AECO,1210.109,True
2/7/2025 12:00:00 AM,2/6/2025 7:00:00 PM,RFC,MIDATL,AE,AECO,1192.807,True
2/7/2025 1:00:00 AM,2/6/2025 8:00:00 PM,RFC,MIDATL,AE,AECO,1157.277,True
2/7/2025 2:00:00 AM,2/6/2025 9:00:00 PM,RFC,MIDATL,AE,AECO,1112.611,True
2/7/2025 3:00:00 AM,2/6/2025 10:00:00 PM,RFC,MIDATL,AE,AECO,1031.329,True
2/7/2025 4:00:00 AM,2/6/2025 11:00:00 PM,RFC,MIDATL,AE,AECO,975.506,True
2/7/2025 5:00:00 AM,2/7/2025 12:00:00 AM,RFC,MIDATL,AE,AECO,926.314,True
2/7/2025 6:00:00 AM,2/7/2025 1:00:00 AM,RFC,MIDATL,AE,AECO,893.686,True
2/7/2025 7:00:00 AM,2/7/2025 2:00:00 AM,RFC,MIDATL,AE,AECO,877.142,True
2/7/2025 8:00:00 AM,2/7/2025 3:00:00 AM,RFC,MIDATL,AE,AECO,875.832,True
2/7/2025 9:00:00 AM,2/7/2025 4:00:00 AM,RFC,MIDATL,AE,AECO,893.616,True
2/7/2025 10:00:00 AM,2/7/2025 5:00:00 AM,RFC,MIDATL,AE,AECO,937.046,True
2/7/2025 11:00:00 AM,2/7/2025 6:00:00 AM,RFC,MIDATL,AE,AECO,1029.063,True
2/7/2025 12:00:00 PM,2/7/2025 7:00:00 AM,RFC,MIDATL,AE,AECO,1049.430,True
2/7/2025 1:00:00 PM,2/7/2025 8:00:00 AM,RFC,MIDATL,AE,AECO,957.529,True
2/7/2025 2:00:00 PM,2/7/2025 9:00:00 AM,RFC,MIDATL,AE,AECO,834.630,True
2/7/2025 3:00:00 PM,2/7/2025 10:00:00 AM,RFC,MIDATL,AE,AECO,752.167,True
2/7/2025 4:00:00 PM,2/7/2025 11:00:00 AM,RFC,MIDATL,AE,AECO,702.610,True
2/7/2025 5:00:00 PM,2/7/2025 12:00:00 PM,RFC,MIDATL,AE,AECO,785.936,True
2/7/2025 6:00:00 PM,2/7/2025 1:00:00 PM,RFC,MIDATL,AE,AECO,832.017,True
2/7/2025 7:00:00 PM,2/7/2025 2:00:00 PM,RFC,MIDATL,AE,AECO,828.744,True
2/7/2025 8:00:00 PM,2/7/2025 3:00:00 PM,RFC,MIDATL,AE,AECO,888.339,True
2/7/2025 9:00:00 PM,2/7/2025 4:00:00 PM,RFC,MIDATL,AE,AECO,1022.279,True
2/7/2025 10:00:00 PM,2/7/2025 5:00:00 PM,RFC,MIDATL,AE,AECO,1123.924,True
2/7/2025 11:00:00 PM,2/7/2025 6:00:00 PM,RFC,MIDATL,AE,AECO,1170.513,True
2/8/2025 12:00:00 AM,2/7/2025 7:00:00 PM,RFC,MIDATL,AE,AECO,1170.955,True
2/8/2025 1:00:00 AM,2/7/2025 8:00:00 PM,RFC,MIDATL,AE,AECO,1159.520,True
2/8/2025 2:00:00 AM,2/7/2025 9:00:00 PM,RFC,MIDATL,AE,AECO,1136.892,True
2/8/2025 3:00:00 AM,2/7/2025 10:00:00 PM,RFC,MIDATL,AE,AECO,1094.123,True
2/8/2025 4:00:00 AM,2/7/2025 11:00:00 PM,RFC,MIDATL,AE,AECO,1044.976,True
2/8/2025 5:00:00 AM,2/8/2025 12:00:00 AM,RFC,MIDATL,AE,AECO,1008.490,True
2/8/2025 6:00:00 AM,2/8/2025 1:00:00 AM,RFC,MIDATL,AE,AECO,987.055,True
2/8/2025 7:00:00 AM,2/8/2025 2:00:00 AM,RFC,MIDATL,AE,AECO,977.162,True
2/8/2025 8:00:00 AM,2/8/2025 3:00:00 AM,RFC,MIDATL,AE,AECO,978.426,True
2/8/2025 9:00:00 AM,2/8/2025 4:00:00 AM,RFC,MIDATL,AE,AECO,980.281,True
2/8/2025 10:00:00 AM,2/8/2025 5:00:00 AM,RFC,MIDATL,AE,AECO,1007.040,True
2/8/2025 11:00:00 AM,2/8/2025 6:00:00 AM,RFC,MIDATL,AE,AECO,1053.189,True
2/8/2025 12:00:00 PM,2/8/2025 7:00:00 AM,RFC,MIDATL,AE,AECO,1100.762,True
2/8/2025 1:00:00 PM,2/8/2025 8:00:00 AM,RFC,MIDATL,AE,AECO,1084.600,True
2/8/2025 2:00:00 PM,2/8/2025 9:00:00 AM,RFC,MIDATL,AE,AECO,1023.360,True
2/8/2025 3:00:00 PM,2/8/2025 10:00:00 AM,RFC,MIDATL,AE,AECO,1062.773,True
2/8/2025 4:00:00 PM,2/8/2025 11:00:00 AM,RFC,MIDATL,AE,AECO,1041.981,True
2/8/2025 5:00:00 PM,2/8/2025 12:00:00 PM,RFC,MIDATL,AE,AECO,1049.847,True
2/8/2025 6:00:00 PM,2/8/2025 1:00:00 PM,RFC,MIDATL,AE,AECO,1063.410,True
2/8/2025 7:00:00 PM,2/8/2025 2:00:00 PM,RFC,MIDATL,AE,AECO,1104.792,True
2/8/2025 8:00:00 PM,2/8/2025 3:00:00 PM,RFC,MIDATL,AE,AECO,1096.692,True
2/8/2025 9:00:00 PM,2/8/2025 4:00:00 PM,RFC,MIDATL,AE,AECO,1210.079,True
2/8/2025 10:00:00 PM,2/8/2025 5:00:00 PM,RFC,MIDATL,AE,AECO,1230.069,True
2/8/2025 11:00:00 PM,2/8/2025 6:00:00 PM,RFC,MIDATL,AE,AECO,1246.093,True
2/9/2025 12:00:00 AM,2/8/2025 7:00:00 PM,RFC,MIDATL,AE,AECO,1229.252,True
2/9/2025 1:00:00 AM,2/8/2025 8:00:00 PM,RFC,MIDATL,AE,AECO,1198.776,True
2/9/2025 2:00:00 AM,2/8/2025 9:00:00 PM,RFC,MIDATL,AE,AECO,1157.814,True
2/9/2025 3:00:00 AM,2/8/2025 10:00:00 PM,RFC,MIDATL,AE,AECO,1087.908,True
2/9/2025 4:00:00 AM,2/8/2025 11:00:00 PM,RFC,MIDATL,AE,AECO,1044.902,True
2/9/2025 5:00:00 AM,2/9/2025 12:00:00 AM,RFC,MIDATL,AE,AECO,907.958,True
2/9/2025 6:00:00 AM,2/9/2025 1:00:00 AM,RFC,MIDATL,AE,AECO,963.868,True
2/9/2025 7:00:00 AM,2/9/2025 2:00:00 AM,RFC,MIDATL,AE,AECO,944.499,True
2/9/2025 8:00:00 AM,2/9/2025 3:00:00 AM,RFC,MIDATL,AE,AECO,934.083,True
2/9/2025 9:00:00 AM,2/9/2025 4:00:00 AM,RFC,MIDATL,AE,AECO,935.037,True
2/9/2025 10:00:00 AM,2/9/2025 5:00:00 AM,RFC,MIDATL,AE,AECO,953.411,True
2/9/2025 11:00:00 AM,2/9/2025 6:00:00 AM,RFC,MIDATL,AE,AECO,983.524,True
2/9/2025 12:00:00 PM,2/9/2025 7:00:00 AM,RFC,MIDATL,AE,AECO,990.059,True
2/9/2025 1:00:00 PM,2/9/2025 8:00:00 AM,RFC,MIDATL,AE,AECO,1008.507,True
2/9/2025 2:00:00 PM,2/9/2025 9:00:00 AM,RFC,MIDATL,AE,AECO,1036.650,True
2/9/2025 3:00:00 PM,2/9/2025 10:00:00 AM,RFC,MIDATL,AE,AECO,1019.952,True
2/9/2025 4:00:00 PM,2/9/2025 11:00:00 AM,RFC,MIDATL,AE,AECO,1018.209,True
2/9/2025 5:00:00 PM,2/9/2025 12:00:00 PM,RFC,MIDATL,AE,AECO,985.065,True
2/9/2025 6:00:00 PM,2/9/2025 1:00:00 PM,RFC,MIDATL,AE,AECO,971.676,True
2/9/2025 7:00:00 PM,2/9/2025 2:00:00 PM,RFC,MIDATL,AE,AECO,1018.109,True
2/9/2025 8:00:00 PM,2/9/2025 3:00:00 PM,RFC,MIDATL,AE,AECO,1109.143,True
2/9/2025 9:00:00 PM,2/9/2025 4:00:00 PM,RFC,MIDATL,AE,AECO,1141.836,True
2/9/2025 10:00:00 PM,2/9/2025 5:00:00 PM,RFC,MIDATL,AE,AECO,1174.627,True
2/9/2025 11:00:00 PM,2/9/2025 6:00:00 PM,RFC,MIDATL,AE,AECO,1177.229,True
2/10/2025 12:00:00 AM,2/9/2025 7:00:00 PM,RFC,MIDATL,AE,AECO,1123.536,True
2/10/2025 1:00:00 AM,2/9/2025 8:00:00 PM,RFC,MIDATL,AE,AECO,1124.451,True
2/10/2025 2:00:00 AM,2/9/2025 9:00:00 PM,RFC,MIDATL,AE,AECO,1094.494,True
2/10/2025 3:00:00 AM,2/9/2025 10:00:00 PM,RFC,MIDATL,AE,AECO,1084.403,True
2/10/2025 4:00:00 AM,2/9/2025 11:00:00 PM,RFC,MIDATL,AE,AECO,1071.614,True
2/10/2025 5:00:00 AM,2/10/2025 12:00:00 AM,RFC,MIDATL,AE,AECO,952.208,True
2/10/2025 6:00:00 AM,2/10/2025 1:00:00 AM,RFC,MIDATL,AE,AECO,977.313,True
2/10/2025 7:00:00 AM,2/10/2025 2:00:00 AM,RFC,MIDATL,AE,AECO,919.603,True
2/10/2025 8:00:00 AM,2/10/2025 3:00:00 AM,RFC,MIDATL,AE,AECO,958.344,True
2/10/2025 9:00:00 AM,2/10/2025 4:00:00 AM,RFC,MIDATL,AE,AECO,928.339,True
2/10/2025 10:00:00 AM,2/10/2025 5:00:00 AM,RFC,MIDATL,AE,AECO,1026.856,True
2/10/2025 11:00:00 AM,2/10/2025 6:00:00 AM,RFC,MIDATL,AE,AECO,1064.435,True
2/10/2025 12:00:00 PM,2/10/2025 7:00:00 AM,RFC,MIDATL,AE,AECO,1162.754,True
2/10/2025 1:00:00 PM,2/10/2025 8:00:00 AM,RFC,MIDATL,AE,AECO,1003.037,True
2/10/2025 2:00:00 PM,2/10/2025 9:00:00 AM,RFC,MIDATL,AE,AECO,959.754,True
2/10/2025 3:00:00 PM,2/10/2025 10:00:00 AM,RFC,MIDATL,AE,AECO,800.965,True
2/10/2025 4:00:00 PM,2/10/2025 11:00:00 AM,RFC,MIDATL,AE,AECO,724.176,True
2/10/2025 5:00:00 PM,2/10/2025 12:00:00 PM,RFC,MIDATL,AE,AECO,692.708,True
2/10/2025 6:00:00 PM,2/10/2025 1:00:00 PM,RFC,MIDATL,AE,AECO,691.927,True
2/10/2025 7:00:00 PM,2/10/2025 2:00:00 PM,RFC,MIDATL,AE,AECO,747.509,True
2/10/2025 8:00:00 PM,2/10/2025 3:00:00 PM,RFC,MIDATL,AE,AECO,844.633,True
2/10/2025 9:00:00 PM,2/10/2025 4:00:00 PM,RFC,MIDATL,AE,AECO,1044.534,True
2/10/2025 10:00:00 PM,2/10/2025 5:00:00 PM,RFC,MIDATL,AE,AECO,1148.803,True
2/10/2025 11:00:00 PM,2/10/2025 6:00:00 PM,RFC,MIDATL,AE,AECO,1216.341,True
2/11/2025 12:00:00 AM,2/10/2025 7:00:00 PM,RFC,MIDATL,AE,AECO,1214.990,True
2/11/2025 1:00:00 AM,2/10/2025 8:00:00 PM,RFC,MIDATL,AE,AECO,1210.961,True
2/11/2025 2:00:00 AM,2/10/2025 9:00:00 PM,RFC,MIDATL,AE,AECO,1177.053,True
2/11/2025 3:00:00 AM,2/10/2025 10:00:00 PM,RFC,MIDATL,AE,AECO,1111.949,True
2/11/2025 4:00:00 AM,2/10/2025 11:00:00 PM,RFC,MIDATL,AE,AECO,1067.368,True
2/11/2025 5:00:00 AM,2/11/2025 12:00:00 AM,RFC,MIDATL,AE,AECO,944.821,True
2/11/2025 6:00:00 AM,2/11/2025 1:00:00 AM,RFC,MIDATL,AE,AECO,1011.696,True
2/11/2025 7:00:00 AM,2/11/2025 2:00:00 AM,RFC,MIDATL,AE,AECO,998.999,True
2/11/2025 8:00:00 AM,2/11/2025 3:00:00 AM,RFC,MIDATL,AE,AECO,1002.834,True
2/11/2025 9:00:00 AM,2/11/2025 4:00:00 AM,RFC,MIDATL,AE,AECO,1027.697,True
2/11/2025 10:00:00 AM,2/11/2025 5:00:00 AM,RFC,MIDATL,AE,AECO,1087.671,True
2/11/2025 11:00:00 AM,2/11/2025 6:00:00 AM,RFC,MIDATL,AE,AECO,1164.581,True
2/11/2025 12:00:00 PM,2/11/2025 7:00:00 AM,RFC,MIDATL,AE,AECO,1207.424,True
2/11/2025 1:00:00 PM,2/11/2025 8:00:00 AM,RFC,MIDATL,AE,AECO,1175.192,True
2/11/2025 2:00:00 PM,2/11/2025 9:00:00 AM,RFC,MIDATL,AE,AECO,1138.109,True
2/11/2025 3:00:00 PM,2/11/2025 10:00:00 AM,RFC,MIDATL,AE,AECO,1061.931,True
2/11/2025 4:00:00 PM,2/11/2025 11:00:00 AM,RFC,MIDATL,AE,AECO,1049.180,True
2/11/2025 5:00:00 PM,2/11/2025 12:00:00 PM,RFC,MIDATL,AE,AECO,1001.787,True
2/11/2025 6:00:00 PM,2/11/2025 1:00:00 PM,RFC,MIDATL,AE,AECO,1037.373,True
2/11/2025 7:00:00 PM,2/11/2025 2:00:00 PM,RFC,MIDATL,AE,AECO,1098.607,True
2/11/2025 8:00:00 PM,2/11/2025 3:00:00 PM,RFC,MIDATL,AE,AECO,1146.000,True
2/11/2025 9:00:00 PM,2/11/2025 4:00:00 PM,RFC,MIDATL,AE,AECO,1188.150,True
2/11/2025 10:00:00 PM,2/11/2025 5:00:00 PM,RFC,MIDATL,AE,AECO,1266.432,True
2/11/2025 11:00:00 PM,2/11/2025 6:00:00 PM,RFC,MIDATL,AE,AECO,1297.255,True
2/12/2025 12:00:00 AM,2/11/2025 7:00:00 PM,RFC,MIDATL,AE,AECO,1281.833,True
2/12/2025 1:00:00 AM,2/11/2025 8:00:00 PM,RFC,MIDATL,AE,AECO,1224.890,True
2/12/2025 2:00:00 AM,2/11/2025 9:00:00 PM,RFC,MIDATL,AE,AECO,1189.536,True
2/12/2025 3:00:00 AM,2/11/2025 10:00:00 PM,RFC,MIDATL,AE,AECO,1123.481,True
2/12/2025 4:00:00 AM,2/11/2025 11:00:00 PM,RFC,MIDATL,AE,AECO,989.522,True
2/12/2025 5:00:00 AM,2/12/2025 12:00:00 AM,RFC,MIDATL,AE,AECO,1027.733,True
2/12/2025 6:00:00 AM,2/12/2025 1:00:00 AM,RFC,MIDATL,AE,AECO,998.426,True
2/12/2025 7:00:00 AM,2/12/2025 2:00:00 AM,RFC,MIDATL,AE,AECO,988.720,True
2/12/2025 8:00:00 AM,2/12/2025 3:00:00 AM,RFC,MIDATL,AE,AECO,981.851,True
2/12/2025 9:00:00 AM,2/12/2025 4:00:00 AM,RFC,MIDATL,AE,AECO,1002.829,True
2/12/2025 10:00:00 AM,2/12/2025 5:00:00 AM,RFC,MIDATL,AE,AECO,1039.952,True
2/12/2025 11:00:00 AM,2/12/2025 6:00:00 AM,RFC,MIDATL,AE,AECO,1121.420,True
2/12/2025 12:00:00 PM,2/12/2025 7:00:00 AM,RFC,MIDATL,AE,AECO,1160.987,True
2/12/2025 1:00:00 PM,2/12/2025 8:00:00 AM,RFC,MIDATL,AE,AECO,1148.749,True
2/12/2025 2:00:00 PM,2/12/2025 9:00:00 AM,RFC,MIDATL,AE,AECO,1174.611,True
2/12/2025 3:00:00 PM,2/12/2025 10:00:00 AM,RFC,MIDATL,AE,AECO,1192.776,True
2/12/2025 4:00:00 PM,2/12/2025 11:00:00 AM,RFC,MIDATL,AE,AECO,1192.607,True
2/12/2025 5:00:00 PM,2/12/2025 12:00:00 PM,RFC,MIDATL,AE,AECO,1189.325,True
2/12/2025 6:00:00 PM,2/12/2025 1:00:00 PM,RFC,MIDATL,AE,AECO,1185.378,True
2/12/2025 7:00:00 PM,2/12/2025 2:00:00 PM,RFC,MIDATL,AE,AECO,1174.601,True
2/12/2025 8:00:00 PM,2/12/2025 3:00:00 PM,RFC,MIDATL,AE,AECO,1184.145,True
2/12/2025 9:00:00 PM,2/12/2025 4:00:00 PM,RFC,MIDATL,AE,AECO,1209.687,True
2/12/2025 10:00:00 PM,2/12/2025 5:00:00 PM,RFC,MIDATL,AE,AECO,1269.511,True
2/12/2025 11:00:00 PM,2/12/2025 6:00:00 PM,RFC,MIDATL,AE,AECO,1283.790,True
2/13/2025 12:00:00 AM,2/12/2025 7:00:00 PM,RFC,MIDATL,AE,AECO,1258.112,True
2/13/2025 1:00:00 AM,2/12/2025 8:00:00 PM,RFC,MIDATL,AE,AECO,1220.234,True
2/13/2025 2:00:00 AM,2/12/2025 9:00:00 PM,RFC,MIDATL,AE,AECO,1172.735,True
2/13/2025 3:00:00 AM,2/12/2025 10:00:00 PM,RFC,MIDATL,AE,AECO,948.531,True
2/13/2025 4:00:00 AM,2/12/2025 11:00:00 PM,RFC,MIDATL,AE,AECO,1028.544,True
2/13/2025 5:00:00 AM,2/13/2025 12:00:00 AM,RFC,MIDATL,AE,AECO,977.811,True
2/13/2025 6:00:00 AM,2/13/2025 1:00:00 AM,RFC,MIDATL,AE,AECO,943.956,True
2/13/2025 7:00:00 AM,2/13/2025 2:00:00 AM,RFC,MIDATL,AE,AECO,927.209,True
2/13/2025 8:00:00 AM,2/13/2025 3:00:00 AM,RFC,MIDATL,AE,AECO,922.998,True
2/13/2025 9:00:00 AM,2/13/2025 4:00:00 AM,RFC,MIDATL,AE,AECO,931.376,True
2/13/2025 10:00:00 AM,2/13/2025 5:00:00 AM,RFC,MIDATL,AE,AECO,983.116,True
2/13/2025 11:00:00 AM,2/13/2025 6:00:00 AM,RFC,MIDATL,AE,AECO,1054.300,True
2/13/2025 12:00:00 PM,2/13/2025 7:00:00 AM,RFC,MIDATL,AE,AECO,1101.097,True
2/13/2025 1:00:00 PM,2/13/2025 8:00:00 AM,RFC,MIDATL,AE,AECO,1092.292,True
2/13/2025 2:00:00 PM,2/13/2025 9:00:00 AM,RFC,MIDATL,AE,AECO,1087.004,True
2/13/2025 3:00:00 PM,2/13/2025 10:00:00 AM,RFC,MIDATL,AE,AECO,1093.145,True
2/13/2025 4:00:00 PM,2/13/2025 11:00:00 AM,RFC,MIDATL,AE,AECO,1086.425,True
2/13/2025 5:00:00 PM,2/13/2025 12:00:00 PM,RFC,MIDATL,AE,AECO,1053.795,True
2/13/2025 6:00:00 PM,2/13/2025 1:00:00 PM,RFC,MIDATL,AE,AECO,1007.769,True
2/13/2025 7:00:00 PM,2/13/2025 2:00:00 PM,RFC,MIDATL,AE,AECO,950.085,True
2/13/2025 8:00:00 PM,2/13/2025 3:00:00 PM,RFC,MIDATL,AE,AECO,965.667,True
2/13/2025 9:00:00 PM,2/13/2025 4:00:00 PM,RFC,MIDATL,AE,AECO,1028.261,True
2/13/2025 10:00:00 PM,2/13/2025 5:00:00 PM,RFC,MIDATL,AE,AECO,1120.182,True
2/13/2025 11:00:00 PM,2/13/2025 6:00:00 PM,RFC,MIDATL,AE,AECO,1184.455,True
2/14/2025 12:00:00 AM,2/13/2025 7:00:00 PM,RFC,MIDATL,AE,AECO,1189.469,True
2/14/2025 1:00:00 AM,2/13/2025 8:00:00 PM,RFC,MIDATL,AE,AECO,1182.728,True
2/14/2025 2:00:00 AM,2/13/2025 9:00:00 PM,RFC,MIDATL,AE,AECO,1150.552,True
2/14/2025 3:00:00 AM,2/13/2025 10:00:00 PM,RFC,MIDATL,AE,AECO,1093.873,True
2/14/2025 4:00:00 AM,2/13/2025 11:00:00 PM,RFC,MIDATL,AE,AECO,1037.835,True
2/14/2025 5:00:00 AM,2/14/2025 12:00:00 AM,RFC,MIDATL,AE,AECO,997.368,True
2/14/2025 6:00:00 AM,2/14/2025 1:00:00 AM,RFC,MIDATL,AE,AECO,970.113,True
2/14/2025 7:00:00 AM,2/14/2025 2:00:00 AM,RFC,MIDATL,AE,AECO,958.271,True
2/14/2025 8:00:00 AM,2/14/2025 3:00:00 AM,RFC,MIDATL,AE,AECO,962.642,True
2/14/2025 9:00:00 AM,2/14/2025 4:00:00 AM,RFC,MIDATL,AE,AECO,986.065,True
2/14/2025 10:00:00 AM,2/14/2025 5:00:00 AM,RFC,MIDATL,AE,AECO,1029.922,True
2/14/2025 11:00:00 AM,2/14/2025 6:00:00 AM,RFC,MIDATL,AE,AECO,1109.090,True
2/14/2025 12:00:00 PM,2/14/2025 7:00:00 AM,RFC,MIDATL,AE,AECO,1104.281,True
2/14/2025 1:00:00 PM,2/14/2025 8:00:00 AM,RFC,MIDATL,AE,AECO,998.421,True
2/14/2025 2:00:00 PM,2/14/2025 9:00:00 AM,RFC,MIDATL,AE,AECO,875.366,True
2/14/2025 3:00:00 PM,2/14/2025 10:00:00 AM,RFC,MIDATL,AE,AECO,776.760,True
2/14/2025 4:00:00 PM,2/14/2025 11:00:00 AM,RFC,MIDATL,AE,AECO,717.112,True
2/14/2025 5:00:00 PM,2/14/2025 12:00:00 PM,RFC,MIDATL,AE,AECO,690.790,True
2/14/2025 6:00:00 PM,2/14/2025 1:00:00 PM,RFC,MIDATL,AE,AECO,704.356,True
2/14/2025 7:00:00 PM,2/14/2025 2:00:00 PM,RFC,MIDATL,AE,AECO,752.018,True
2/14/2025 8:00:00 PM,2/14/2025 3:00:00 PM,RFC,MIDATL,AE,AECO,852.987,True
2/14/2025 9:00:00 PM,2/14/2025 4:00:00 PM,RFC,MIDATL,AE,AECO,1003.696,True
2/14/2025 10:00:00 PM,2/14/2025 5:00:00 PM,RFC,MIDATL,AE,AECO,1153.548,True
2/14/2025 11:00:00 PM,2/14/2025 6:00:00 PM,RFC,MIDATL,AE,AECO,1225.297,True
2/15/2025 12:00:00 AM,2/14/2025 7:00:00 PM,RFC,MIDATL,AE,AECO,1222.911,True
2/15/2025 1:00:00 AM,2/14/2025 8:00:00 PM,RFC,MIDATL,AE,AECO,1210.042,True
2/15/2025 2:00:00 AM,2/14/2025 9:00:00 PM,RFC,MIDATL,AE,AECO,1184.643,True
2/15/2025 3:00:00 AM,2/14/2025 10:00:00 PM,RFC,MIDATL,AE,AECO,1131.917,True
2/15/2025 4:00:00 AM,2/14/2025 11:00:00 PM,RFC,MIDATL,AE,AECO,1078.242,True
2/15/2025 5:00:00 AM,2/15/2025 12:00:00 AM,RFC,MIDATL,AE,AECO,1036.072,True
2/15/2025 6:00:00 AM,2/15/2025 1:00:00 AM,RFC,MIDATL,AE,AECO,1006.102,True
2/15/2025 7:00:00 AM,2/15/2025 2:00:00 AM,RFC,MIDATL,AE,AECO,986.075,True
2/15/2025 8:00:00 AM,2/15/2025 3:00:00 AM,RFC,MIDATL,AE,AECO,977.197,True
2/15/2025 9:00:00 AM,2/15/2025 4:00:00 AM,RFC,MIDATL,AE,AECO,978.752,True
2/15/2025 10:00:00 AM,2/15/2025 5:00:00 AM,RFC,MIDATL,AE,AECO,997.831,True
2/15/2025 11:00:00 AM,2/15/2025 6:00:00 AM,RFC,MIDATL,AE,AECO,1026.306,True
2/15/2025 12:00:00 PM,2/15/2025 7:00:00 AM,RFC,MIDATL,AE,AECO,1053.442,True
2/15/2025 1:00:00 PM,2/15/2025 8:00:00 AM,RFC,MIDATL,AE,AECO,1033.774,True
2/15/2025 2:00:00 PM,2/15/2025 9:00:00 AM,RFC,MIDATL,AE,AECO,958.435,True
2/15/2025 3:00:00 PM,2/15/2025 10:00:00 AM,RFC,MIDATL,AE,AECO,868.105,True
2/15/2025 4:00:00 PM,2/15/2025 11:00:00 AM,RFC,MIDATL,AE,AECO,950.628,True
2/15/2025 5:00:00 PM,2/15/2025 12:00:00 PM,RFC,MIDATL,AE,AECO,1035.810,True
2/15/2025 6:00:00 PM,2/15/2025 1:00:00 PM,RFC,MIDATL,AE,AECO,1058.764,True
2/15/2025 7:00:00 PM,2/15/2025 2:00:00 PM,RFC,MIDATL,AE,AECO,1074.494,True
2/15/2025 8:00:00 PM,2/15/2025 3:00:00 PM,RFC,MIDATL,AE,AECO,1110.846,True
2/15/2025 9:00:00 PM,2/15/2025 4:00:00 PM,RFC,MIDATL,AE,AECO,1139.469,True
2/15/2025 10:00:00 PM,2/15/2025 5:00:00 PM,RFC,MIDATL,AE,AECO,1190.958,True
2/15/2025 11:00:00 PM,2/15/2025 6:00:00 PM,RFC,MIDATL,AE,AECO,1204.657,True
2/16/2025 12:00:00 AM,2/15/2025 7:00:00 PM,RFC,MIDATL,AE,AECO,1178.274,True
2/16/2025 1:00:00 AM,2/15/2025 8:00:00 PM,RFC,MIDATL,AE,AECO,1153.076,True
2/16/2025 2:00:00 AM,2/15/2025 9:00:00 PM,RFC,MIDATL,AE,AECO,1105.292,True
2/16/2025 3:00:00 AM,2/15/2025 10:00:00 PM,RFC,MIDATL,AE,AECO,1051.090,True
2/16/2025 4:00:00 AM,2/15/2025 11:00:00 PM,RFC,MIDATL,AE,AECO,994.908,True
2/16/2025 5:00:00 AM,2/16/2025 12:00:00 AM,RFC,MIDATL,AE,AECO,953.211,True
2/16/2025 6:00:00 AM,2/16/2025 1:00:00 AM,RFC,MIDATL,AE,AECO,915.673,True
2/16/2025 7:00:00 AM,2/16/2025 2:00:00 AM,RFC,MIDATL,AE,AECO,892.275,True
2/16/2025 8:00:00 AM,2/16/2025 3:00:00 AM,RFC,MIDATL,AE,AECO,883.944,True
2/16/2025 9:00:00 AM,2/16/2025 4:00:00 AM,RFC,MIDATL,AE,AECO,883.180,True
2/16/2025 10:00:00 AM,2/16/2025 5:00:00 AM,RFC,MIDATL,AE,AECO,894.250,True
2/16/2025 11:00:00 AM,2/16/2025 6:00:00 AM,RFC,MIDATL,AE,AECO,915.947,True
2/16/2025 12:00:00 PM,2/16/2025 7:00:00 AM,RFC,MIDATL,AE,AECO,938.684,True
2/16/2025 1:00:00 PM,2/16/2025 8:00:00 AM,RFC,MIDATL,AE,AECO,965.987,True
2/16/2025 2:00:00 PM,2/16/2025 9:00:00 AM,RFC,MIDATL,AE,AECO,997.196,True
2/16/2025 3:00:00 PM,2/16/2025 10:00:00 AM,RFC,MIDATL,AE,AECO,1003.135,True
2/16/2025 4:00:00 PM,2/16/2025 11:00:00 AM,RFC,MIDATL,AE,AECO,1047.386,True
2/16/2025 5:00:00 PM,2/16/2025 12:00:00 PM,RFC,MIDATL,AE,AECO,1043.016,True
2/16/2025 6:00:00 PM,2/16/2025 1:00:00 PM,RFC,MIDATL,AE,AECO,1010.173,True
2/16/2025 7:00:00 PM,2/16/2025 2:00:00 PM,RFC,MIDATL,AE,AECO,991.513,True
2/16/2025 8:00:00 PM,2/16/2025 3:00:00 PM,RFC,MIDATL,AE,AECO,947.617,True
2/16/2025 9:00:00 PM,2/16/2025 4:00:00 PM,RFC,MIDATL,AE,AECO,985.049,True
2/16/2025 10:00:00 PM,2/16/2025 5:00:00 PM,RFC,MIDATL,AE,AECO,1036.044,True
2/16/2025 11:00:00 PM,2/16/2025 6:00:00 PM,RFC,MIDATL,AE,AECO,1075.289,True
2/17/2025 12:00:00 AM,2/16/2025 7:00:00 PM,RFC,MIDATL,AE,AECO,1080.773,True
2/17/2025 1:00:00 AM,2/16/2025 8:00:00 PM,RFC,MIDATL,AE,AECO,1073.459,True
2/17/2025 2:00:00 AM,2/16/2025 9:00:00 PM,RFC,MIDATL,AE,AECO,1049.639,True
2/17/2025 3:00:00 AM,2/16/2025 10:00:00 PM,RFC,MIDATL,AE,AECO,1016.070,True
2/17/2025 4:00:00 AM,2/16/2025 11:00:00 PM,RFC,MIDATL,AE,AECO,975.570,True
2/17/2025 5:00:00 AM,2/17/2025 12:00:00 AM,RFC,MIDATL,AE,AECO,949.441,True
2/17/2025 6:00:00 AM,2/17/2025 1:00:00 AM,RFC,MIDATL,AE,AECO,932.492,True
2/17/2025 7:00:00 AM,2/17/2025 2:00:00 AM,RFC,MIDATL,AE,AECO,927.578,True
2/17/2025 8:00:00 AM,2/17/2025 3:00:00 AM,RFC,MIDATL,AE,AECO,928.038,True
2/17/2025 9:00:00 AM,2/17/2025 4:00:00 AM,RFC,MIDATL,AE,AECO,958.491,True
2/17/2025 10:00:00 AM,2/17/2025 5:00:00 AM,RFC,MIDATL,AE,AECO,1009.804,True
2/17/2025 11:00:00 AM,2/17/2025 6:00:00 AM,RFC,MIDATL,AE,AECO,1078.351,True
2/17/2025 12:00:00 PM,2/17/2025 7:00:00 AM,RFC,MIDATL,AE,AECO,1075.770,True
2/17/2025 1:00:00 PM,2/17/2025 8:00:00 AM,RFC,MIDATL,AE,AECO,996.942,True
2/17/2025 2:00:00 PM,2/17/2025 9:00:00 AM,RFC,MIDATL,AE,AECO,909.796,True
2/17/2025 3:00:00 PM,2/17/2025 10:00:00 AM,RFC,MIDATL,AE,AECO,811.970,True
2/17/2025 4:00:00 PM,2/17/2025 11:00:00 AM,RFC,MIDATL,AE,AECO,770.912,True
2/17/2025 5:00:00 PM,2/17/2025 12:00:00 PM,RFC,MIDATL,AE,AECO,736.314,True
2/17/2025 6:00:00 PM,2/17/2025 1:00:00 PM,RFC,MIDATL,AE,AECO,739.247,True
2/17/2025 7:00:00 PM,2/17/2025 2:00:00 PM,RFC,MIDATL,AE,AECO,784.800,True
2/17/2025 8:00:00 PM,2/17/2025 3:00:00 PM,RFC,MIDATL,AE,AECO,886.085,True
2/17/2025 9:00:00 PM,2/17/2025 4:00:00 PM,RFC,MIDATL,AE,AECO,1034.333,True
2/17/2025 10:00:00 PM,2/17/2025 5:00:00 PM,RFC,MIDATL,AE,AECO,1190.453,True
2/17/2025 11:00:00 PM,2/17/2025 6:00:00 PM,RFC,MIDATL,AE,AECO,1270.049,True
2/18/2025 12:00:00 AM,2/17/2025 7:00:00 PM,RFC,MIDATL,AE,AECO,1268.306,True
2/18/2025 1:00:00 AM,2/17/2025 8:00:00 PM,RFC,MIDATL,AE,AECO,1242.485,True
2/18/2025 2:00:00 AM,2/17/2025 9:00:00 PM,RFC,MIDATL,AE,AECO,1206.410,True
2/18/2025 3:00:00 AM,2/17/2025 10:00:00 PM,RFC,MIDATL,AE,AECO,1137.287,True
2/18/2025 4:00:00 AM,2/17/2025 11:00:00 PM,RFC,MIDATL,AE,AECO,1089.310,True
2/18/2025 5:00:00 AM,2/18/2025 12:00:00 AM,RFC,MIDATL,AE,AECO,1045.467,True
2/18/2025 6:00:00 AM,2/18/2025 1:00:00 AM,RFC,MIDATL,AE,AECO,1026.211,True
2/18/2025 7:00:00 AM,2/18/2025 2:00:00 AM,RFC,MIDATL,AE,AECO,1018.382,True
2/18/2025 8:00:00 AM,2/18/2025 3:00:00 AM,RFC,MIDATL,AE,AECO,1028.104,True
2/18/2025 9:00:00 AM,2/18/2025 4:00:00 AM,RFC,MIDATL,AE,AECO,1034.478,True
2/18/2025 10:00:00 AM,2/18/2025 5:00:00 AM,RFC,MIDATL,AE,AECO,1105.152,True
2/18/2025 11:00:00 AM,2/18/2025 6:00:00 AM,RFC,MIDATL,AE,AECO,1183.525,True
2/18/2025 12:00:00 PM,2/18/2025 7:00:00 AM,RFC,MIDATL,AE,AECO,1205.791,True
2/18/2025 1:00:00 PM,2/18/2025 8:00:00 AM,RFC,MIDATL,AE,AECO,1145.077,True
2/18/2025 2:00:00 PM,2/18/2025 9:00:00 AM,RFC,MIDATL,AE,AECO,1055.697,True
2/18/2025 3:00:00 PM,2/18/2025 10:00:00 AM,RFC,MIDATL,AE,AECO,1005.981,True
2/18/2025 4:00:00 PM,2/18/2025 11:00:00 AM,RFC,MIDATL,AE,AECO,965.328,True
2/18/2025 5:00:00 PM,2/18/2025 12:00:00 PM,RFC,MIDATL,AE,AECO,926.523,True
2/18/2025 6:00:00 PM,2/18/2025 1:00:00 PM,RFC,MIDATL,AE,AECO,895.726,True
2/18/2025 7:00:00 PM,2/18/2025 2:00:00 PM,RFC,MIDATL,AE,AECO,925.508,True
2/18/2025 8:00:00 PM,2/18/2025 3:00:00 PM,RFC,MIDATL,AE,AECO,1076.923,True
2/18/2025 9:00:00 PM,2/18/2025 4:00:00 PM,RFC,MIDATL,AE,AECO,1181.886,True
2/18/2025 10:00:00 PM,2/18/2025 5:00:00 PM,RFC,MIDATL,AE,AECO,1303.029,True
2/18/2025 11:00:00 PM,2/18/2025 6:00:00 PM,RFC,MIDATL,AE,AECO,1375.356,True
2/19/2025 12:00:00 AM,2/18/2025 7:00:00 PM,RFC,MIDATL,AE,AECO,1362.959,True
2/19/2025 1:00:00 AM,2/18/2025 8:00:00 PM,RFC,MIDATL,AE,AECO,1342.790,True
2/19/2025 2:00:00 AM,2/18/2025 9:00:00 PM,RFC,MIDATL,AE,AECO,1290.944,True
2/19/2025 3:00:00 AM,2/18/2025 10:00:00 PM,RFC,MIDATL,AE,AECO,1237.585,True
2/19/2025 4:00:00 AM,2/18/2025 11:00:00 PM,RFC,MIDATL,AE,AECO,1180.873,True
2/19/2025 5:00:00 AM,2/19/2025 12:00:00 AM,RFC,MIDATL,AE,AECO,1140.028,True
2/19/2025 6:00:00 AM,2/19/2025 1:00:00 AM,RFC,MIDATL,AE,AECO,1121.898,True
2/19/2025 7:00:00 AM,2/19/2025 2:00:00 AM,RFC,MIDATL,AE,AECO,1115.617,True
2/19/2025 8:00:00 AM,2/19/2025 3:00:00 AM,RFC,MIDATL,AE,AECO,1118.008,True
2/19/2025 9:00:00 AM,2/19/2025 4:00:00 AM,RFC,MIDATL,AE,AECO,1132.823,True
2/19/2025 10:00:00 AM,2/19/2025 5:00:00 AM,RFC,MIDATL,AE,AECO,1187.956,True
2/19/2025 11:00:00 AM,2/19/2025 6:00:00 AM,RFC,MIDATL,AE,AECO,1265.164,True
2/19/2025 12:00:00 PM,2/19/2025 7:00:00 AM,RFC,MIDATL,AE,AECO,1269.312,True
2/19/2025 1:00:00 PM,2/19/2025 8:00:00 AM,RFC,MIDATL,AE,AECO,1223.609,True
2/19/2025 2:00:00 PM,2/19/2025 9:00:00 AM,RFC,MIDATL,AE,AECO,1180.641,True
2/19/2025 3:00:00 PM,2/19/2025 10:00:00 AM,RFC,MIDATL,AE,AECO,1126.506,True
2/19/2025 4:00:00 PM,2/19/2025 11:00:00 AM,RFC,MIDATL,AE,AECO,1129.950,True
2/19/2025 5:00:00 PM,2/19/2025 12:00:00 PM,RFC,MIDATL,AE,AECO,1154.441,True
2/19/2025 6:00:00 PM,2/19/2025 1:00:00 PM,RFC,MIDATL,AE,AECO,1157.653,True
2/19/2025 7:00:00 PM,2/19/2025 2:00:00 PM,RFC,MIDATL,AE,AECO,1162.443,True
2/19/2025 8:00:00 PM,2/19/2025 3:00:00 PM,RFC,MIDATL,AE,AECO,1194.105,True
2/19/2025 9:00:00 PM,2/19/2025 4:00:00 PM,RFC,MIDATL,AE,AECO,1256.618,True
2/19/2025 10:00:00 PM,2/19/2025 5:00:00 PM,RFC,MIDATL,AE,AECO,1334.906,True
2/19/2025 11:00:00 PM,2/19/2025 6:00:00 PM,RFC,MIDATL,AE,AECO,1376.902,True
2/20/2025 12:00:00 AM,2/19/2025 7:00:00 PM,RFC,MIDATL,AE,AECO,1361.508,True
2/20/2025 1:00:00 AM,2/19/2025 8:00:00 PM,RFC,MIDATL,AE,AECO,1337.063,True
2/20/2025 2:00:00 AM,2/19/2025 9:00:00 PM,RFC,MIDATL,AE,AECO,1285.807,True
2/20/2025 3:00:00 AM,2/19/2025 10:00:00 PM,RFC,MIDATL,AE,AECO,1211.031,True
2/20/2025 4:00:00 AM,2/19/2025 11:00:00 PM,RFC,MIDATL,AE,AECO,1151.197,True
2/20/2025 5:00:00 AM,2/20/2025 12:00:00 AM,RFC,MIDATL,AE,AECO,1112.610,True
2/20/2025 6:00:00 AM,2/20/2025 1:00:00 AM,RFC,MIDATL,AE,AECO,1092.424,True
2/20/2025 7:00:00 AM,2/20/2025 2:00:00 AM,RFC,MIDATL,AE,AECO,1082.072,True
2/20/2025 8:00:00 AM,2/20/2025 3:00:00 AM,RFC,MIDATL,AE,AECO,1087.737,True
2/20/2025 9:00:00 AM,2/20/2025 4:00:00 AM,RFC,MIDATL,AE,AECO,1106.893,True
2/20/2025 10:00:00 AM,2/20/2025 5:00:00 AM,RFC,MIDATL,AE,AECO,1158.579,True
2/20/2025 11:00:00 AM,2/20/2025 6:00:00 AM,RFC,MIDATL,AE,AECO,1253.083,True
2/20/2025 12:00:00 PM,2/20/2025 7:00:00 AM,RFC,MIDATL,AE,AECO,1250.316,True
2/20/2025 1:00:00 PM,2/20/2025 8:00:00 AM,RFC,MIDATL,AE,AECO,1127.764,True
2/20/2025 2:00:00 PM,2/20/2025 9:00:00 AM,RFC,MIDATL,AE,AECO,1041.257,True
2/20/2025 3:00:00 PM,2/20/2025 10:00:00 AM,RFC,MIDATL,AE,AECO,1010.765,True
2/20/2025 4:00:00 PM,2/20/2025 11:00:00 AM,RFC,MIDATL,AE,AECO,1015.280,True
2/20/2025 5:00:00 PM,2/20/2025 12:00:00 PM,RFC,MIDATL,AE,AECO,998.621,True
2/20/2025 6:00:00 PM,2/20/2025 1:00:00 PM,RFC,MIDATL,AE,AECO,1096.028,True
2/20/2025 7:00:00 PM,2/20/2025 2:00:00 PM,RFC,MIDATL,AE,AECO,1107.992,True
2/20/2025 8:00:00 PM,2/20/2025 3:00:00 PM,RFC,MIDATL,AE,AECO,1160.120,True
2/20/2025 9:00:00 PM,2/20/2025 4:00:00 PM,RFC,MIDATL,AE,AECO,1244.708,True
2/20/2025 10:00:00 PM,2/20/2025 5:00:00 PM,RFC,MIDATL,AE,AECO,1350.362,True
2/20/2025 11:00:00 PM,2/20/2025 6:00:00 PM,RFC,MIDATL,AE,AECO,1401.827,True
2/21/2025 12:00:00 AM,2/20/2025 7:00:00 PM,RFC,MIDATL,AE,AECO,1394.743,True
2/21/2025 1:00:00 AM,2/20/2025 8:00:00 PM,RFC,MIDATL,AE,AECO,1370.692,True
2/21/2025 2:00:00 AM,2/20/2025 9:00:00 PM,RFC,MIDATL,AE,AECO,1319.483,True
2/21/2025 3:00:00 AM,2/20/2025 10:00:00 PM,RFC,MIDATL,AE,AECO,1251.701,True
2/21/2025 4:00:00 AM,2/20/2025 11:00:00 PM,RFC,MIDATL,AE,AECO,1192.204,True
2/21/2025 5:00:00 AM,2/21/2025 12:00:00 AM,RFC,MIDATL,AE,AECO,1141.524,True
2/21/2025 6:00:00 AM,2/21/2025 1:00:00 AM,RFC,MIDATL,AE,AECO,1117.962,True
2/21/2025 7:00:00 AM,2/21/2025 2:00:00 AM,RFC,MIDATL,AE,AECO,1103.268,True
2/21/2025 8:00:00 AM,2/21/2025 3:00:00 AM,RFC,MIDATL,AE,AECO,1109.914,True
2/21/2025 9:00:00 AM,2/21/2025 4:00:00 AM,RFC,MIDATL,AE,AECO,1128.277,True
2/21/2025 10:00:00 AM,2/21/2025 5:00:00 AM,RFC,MIDATL,AE,AECO,1168.788,True
2/21/2025 11:00:00 AM,2/21/2025 6:00:00 AM,RFC,MIDATL,AE,AECO,1233.501,True
2/21/2025 12:00:00 PM,2/21/2025 7:00:00 AM,RFC,MIDATL,AE,AECO,1234.861,True
2/21/2025 1:00:00 PM,2/21/2025 8:00:00 AM,RFC,MIDATL,AE,AECO,1128.002,True
2/21/2025 2:00:00 PM,2/21/2025 9:00:00 AM,RFC,MIDATL,AE,AECO,981.310,True
2/21/2025 3:00:00 PM,2/21/2025 10:00:00 AM,RFC,MIDATL,AE,AECO,868.666,True
2/21/2025 4:00:00 PM,2/21/2025 11:00:00 AM,RFC,MIDATL,AE,AECO,783.768,True
2/21/2025 5:00:00 PM,2/21/2025 12:00:00 PM,RFC,MIDATL,AE,AECO,762.317,True
2/21/2025 6:00:00 PM,2/21/2025 1:00:00 PM,RFC,MIDATL,AE,AECO,766.284,True
2/21/2025 7:00:00 PM,2/21/2025 2:00:00 PM,RFC,MIDATL,AE,AECO,812.229,True
2/21/2025 8:00:00 PM,2/21/2025 3:00:00 PM,RFC,MIDATL,AE,AECO,903.731,True
2/21/2025 9:00:00 PM,2/21/2025 4:00:00 PM,RFC,MIDATL,AE,AECO,1058.527,True
2/21/2025 10:00:00 PM,2/21/2025 5:00:00 PM,RFC,MIDATL,AE,AECO,1208.279,True
2/21/2025 11:00:00 PM,2/21/2025 6:00:00 PM,RFC,MIDATL,AE,AECO,1295.722,True
2/22/2025 12:00:00 AM,2/21/2025 7:00:00 PM,RFC,MIDATL,AE,AECO,1283.475,True
2/22/2025 1:00:00 AM,2/21/2025 8:00:00 PM,RFC,MIDATL,AE,AECO,1258.083,True
2/22/2025 2:00:00 AM,2/21/2025 9:00:00 PM,RFC,MIDATL,AE,AECO,1235.313,True
2/22/2025 3:00:00 AM,2/21/2025 10:00:00 PM,RFC,MIDATL,AE,AECO,1182.396,True
2/22/2025 4:00:00 AM,2/21/2025 11:00:00 PM,RFC,MIDATL,AE,AECO,1132.875,True
2/22/2025 5:00:00 AM,2/22/2025 12:00:00 AM,RFC,MIDATL,AE,AECO,1090.295,True
2/22/2025 6:00:00 AM,2/22/2025 1:00:00 AM,RFC,MIDATL,AE,AECO,1065.160,True
2/22/2025 7:00:00 AM,2/22/2025 2:00:00 AM,RFC,MIDATL,AE,AECO,1052.932,True
2/22/2025 8:00:00 AM,2/22/2025 3:00:00 AM,RFC,MIDATL,AE,AECO,1051.993,True
2/22/2025 9:00:00 AM,2/22/2025 4:00:00 AM,RFC,MIDATL,AE,AECO,1065.165,True
2/22/2025 10:00:00 AM,2/22/2025 5:00:00 AM,RFC,MIDATL,AE,AECO,1091.889,True
2/22/2025 11:00:00 AM,2/22/2025 6:00:00 AM,RFC,MIDATL,AE,AECO,1123.897,True
2/22/2025 12:00:00 PM,2/22/2025 7:00:00 AM,RFC,MIDATL,AE,AECO,1101.718,True
2/22/2025 1:00:00 PM,2/22/2025 8:00:00 AM,RFC,MIDATL,AE,AECO,1012.697,True
2/22/2025 2:00:00 PM,2/22/2025 9:00:00 AM,RFC,MIDATL,AE,AECO,869.380,True
2/22/2025 3:00:00 PM,2/22/2025 10:00:00 AM,RFC,MIDATL,AE,AECO,763.780,True
2/22/2025 4:00:00 PM,2/22/2025 11:00:00 AM,RFC,MIDATL,AE,AECO,712.378,True
2/22/2025 5:00:00 PM,2/22/2025 12:00:00 PM,RFC,MIDATL,AE,AECO,679.950,True
2/22/2025 6:00:00 PM,2/22/2025 1:00:00 PM,RFC,MIDATL,AE,AECO,697.945,True
2/22/2025 7:00:00 PM,2/22/2025 2:00:00 PM,RFC,MIDATL,AE,AECO,767.918,True
2/22/2025 8:00:00 PM,2/22/2025 3:00:00 PM,RFC,MIDATL,AE,AECO,880.022,True
2/22/2025 9:00:00 PM,2/22/2025 4:00:00 PM,RFC,MIDATL,AE,AECO,1025.145,True
2/22/2025 10:00:00 PM,2/22/2025 5:00:00 PM,RFC,MIDATL,AE,AECO,1138.008,True
2/22/2025 11:00:00 PM,2/22/2025 6:00:00 PM,RFC,MIDATL,AE,AECO,1202.043,True
2/23/2025 12:00:00 AM,2/22/2025 7:00:00 PM,RFC,MIDATL,AE,AECO,1190.629,True
2/23/2025 1:00:00 AM,2/22/2025 8:00:00 PM,RFC,MIDATL,AE,AECO,1169.960,True
2/23/2025 2:00:00 AM,2/22/2025 9:00:00 PM,RFC,MIDATL,AE,AECO,1139.860,True
2/23/2025 3:00:00 AM,2/22/2025 10:00:00 PM,RFC,MIDATL,AE,AECO,1096.652,True
2/23/2025 4:00:00 AM,2/22/2025 11:00:00 PM,RFC,MIDATL,AE,AECO,1054.340,True
2/23/2025 5:00:00 AM,2/23/2025 12:00:00 AM,RFC,MIDATL,AE,AECO,1020.825,True
2/23/2025 6:00:00 AM,2/23/2025 1:00:00 AM,RFC,MIDATL,AE,AECO,989.884,True
2/23/2025 7:00:00 AM,2/23/2025 2:00:00 AM,RFC,MIDATL,AE,AECO,972.347,True
2/23/2025 8:00:00 AM,2/23/2025 3:00:00 AM,RFC,MIDATL,AE,AECO,978.903,True
2/23/2025 9:00:00 AM,2/23/2025 4:00:00 AM,RFC,MIDATL,AE,AECO,985.445,True
2/23/2025 10:00:00 AM,2/23/2025 5:00:00 AM,RFC,MIDATL,AE,AECO,999.231,True
2/23/2025 11:00:00 AM,2/23/2025 6:00:00 AM,RFC,MIDATL,AE,AECO,1024.453,True
2/23/2025 12:00:00 PM,2/23/2025 7:00:00 AM,RFC,MIDATL,AE,AECO,1006.240,True
2/23/2025 1:00:00 PM,2/23/2025 8:00:00 AM,RFC,MIDATL,AE,AECO,905.196,True
2/23/2025 2:00:00 PM,2/23/2025 9:00:00 AM,RFC,MIDATL,AE,AECO,759.808,True
2/23/2025 3:00:00 PM,2/23/2025 10:00:00 AM,RFC,MIDATL,AE,AECO,673.689,True
2/23/2025 4:00:00 PM,2/23/2025 11:00:00 AM,RFC,MIDATL,AE,AECO,632.556,True
2/23/2025 5:00:00 PM,2/23/2025 12:00:00 PM,RFC,MIDATL,AE,AECO,600.334,True
2/23/2025 6:00:00 PM,2/23/2025 1:00:00 PM,RFC,MIDATL,AE,AECO,609.774,True
2/23/2025 7:00:00 PM,2/23/2025 2:00:00 PM,RFC,MIDATL,AE,AECO,656.073,True
2/23/2025 8:00:00 PM,2/23/2025 3:00:00 PM,RFC,MIDATL,AE,AECO,742.577,True
2/23/2025 9:00:00 PM,2/23/2025 4:00:00 PM,RFC,MIDATL,AE,AECO,901.340,True
2/23/2025 10:00:00 PM,2/23/2025 5:00:00 PM,RFC,MIDATL,AE,AECO,1031.349,True
2/23/2025 11:00:00 PM,2/23/2025 6:00:00 PM,RFC,MIDATL,AE,AECO,1138.256,True
2/24/2025 12:00:00 AM,2/23/2025 7:00:00 PM,RFC,MIDATL,AE,AECO,1138.601,True
2/24/2025 1:00:00 AM,2/23/2025 8:00:00 PM,RFC,MIDATL,AE,AECO,1110.756,True
2/24/2025 2:00:00 AM,2/23/2025 9:00:00 PM,RFC,MIDATL,AE,AECO,1080.649,True
2/24/2025 3:00:00 AM,2/23/2025 10:00:00 PM,RFC,MIDATL,AE,AECO,1023.219,True
2/24/2025 4:00:00 AM,2/23/2025 11:00:00 PM,RFC,MIDATL,AE,AECO,965.012,True
2/24/2025 5:00:00 AM,2/24/2025 12:00:00 AM,RFC,MIDATL,AE,AECO,928.861,True
2/24/2025 6:00:00 AM,2/24/2025 1:00:00 AM,RFC,MIDATL,AE,AECO,906.400,True
2/24/2025 7:00:00 AM,2/24/2025 2:00:00 AM,RFC,MIDATL,AE,AECO,898.271,True
2/24/2025 8:00:00 AM,2/24/2025 3:00:00 AM,RFC,MIDATL,AE,AECO,904.071,True
2/24/2025 9:00:00 AM,2/24/2025 4:00:00 AM,RFC,MIDATL,AE,AECO,936.755,True
2/24/2025 10:00:00 AM,2/24/2025 5:00:00 AM,RFC,MIDATL,AE,AECO,984.743,True
2/24/2025 11:00:00 AM,2/24/2025 6:00:00 AM,RFC,MIDATL,AE,AECO,1079.105,True
2/24/2025 12:00:00 PM,2/24/2025 7:00:00 AM,RFC,MIDATL,AE,AECO,1074.252,True
2/24/2025 1:00:00 PM,2/24/2025 8:00:00 AM,RFC,MIDATL,AE,AECO,933.453,True
2/24/2025 2:00:00 PM,2/24/2025 9:00:00 AM,RFC,MIDATL,AE,AECO,789.073,True
2/24/2025 3:00:00 PM,2/24/2025 10:00:00 AM,RFC,MIDATL,AE,AECO,684.842,True
2/24/2025 4:00:00 PM,2/24/2025 11:00:00 AM,RFC,MIDATL,AE,AECO,624.298,True
2/24/2025 5:00:00 PM,2/24/2025 12:00:00 PM,RFC,MIDATL,AE,AECO,588.001,True
2/24/2025 6:00:00 PM,2/24/2025 1:00:00 PM,RFC,MIDATL,AE,AECO,596.344,True
2/24/2025 7:00:00 PM,2/24/2025 2:00:00 PM,RFC,MIDATL,AE,AECO,650.425,True
2/24/2025 8:00:00 PM,2/24/2025 3:00:00 PM,RFC,MIDATL,AE,AECO,763.564,True
2/24/2025 9:00:00 PM,2/24/2025 4:00:00 PM,RFC,MIDATL,AE,AECO,906.235,True
2/24/2025 10:00:00 PM,2/24/2025 5:00:00 PM,RFC,MIDATL,AE,AECO,1046.732,True
2/24/2025 11:00:00 PM,2/24/2025 6:00:00 PM,RFC,MIDATL,AE,AECO,1151.212,True
2/25/2025 12:00:00 AM,2/24/2025 7:00:00 PM,RFC,MIDATL,AE,AECO,1154.248,True
2/25/2025 1:00:00 AM,2/24/2025 8:00:00 PM,RFC,MIDATL,AE,AECO,1162.213,True
2/25/2025 2:00:00 AM,2/24/2025 9:00:00 PM,RFC,MIDATL,AE,AECO,1085.150,True
2/25/2025 3:00:00 AM,2/24/2025 10:00:00 PM,RFC,MIDATL,AE,AECO,1015.307,True
2/25/2025 4:00:00 AM,2/24/2025 11:00:00 PM,RFC,MIDATL,AE,AECO,955.752,True
2/25/2025 5:00:00 AM,2/25/2025 12:00:00 AM,RFC,MIDATL,AE,AECO,912.601,True
2/25/2025 6:00:00 AM,2/25/2025 1:00:00 AM,RFC,MIDATL,AE,AECO,889.830,True
2/25/2025 7:00:00 AM,2/25/2025 2:00:00 AM,RFC,MIDATL,AE,AECO,878.181,True
2/25/2025 8:00:00 AM,2/25/2025 3:00:00 AM,RFC,MIDATL,AE,AECO,870.509,True
2/25/2025 9:00:00 AM,2/25/2025 4:00:00 AM,RFC,MIDATL,AE,AECO,893.077,True
2/25/2025 10:00:00 AM,2/25/2025 5:00:00 AM,RFC,MIDATL,AE,AECO,939.431,True
2/25/2025 11:00:00 AM,2/25/2025 6:00:00 AM,RFC,MIDATL,AE,AECO,1032.298,True
2/25/2025 12:00:00 PM,2/25/2025 7:00:00 AM,RFC,MIDATL,AE,AECO,1029.990,True
2/25/2025 1:00:00 PM,2/25/2025 8:00:00 AM,RFC,MIDATL,AE,AECO,920.570,True
2/25/2025 2:00:00 PM,2/25/2025 9:00:00 AM,RFC,MIDATL,AE,AECO,763.776,True
2/25/2025 3:00:00 PM,2/25/2025 10:00:00 AM,RFC,MIDATL,AE,AECO,691.406,True
2/25/2025 4:00:00 PM,2/25/2025 11:00:00 AM,RFC,MIDATL,AE,AECO,733.764,True
2/25/2025 5:00:00 PM,2/25/2025 12:00:00 PM,RFC,MIDATL,AE,AECO,695.856,True
2/25/2025 6:00:00 PM,2/25/2025 1:00:00 PM,RFC,MIDATL,AE,AECO,769.729,True
2/25/2025 7:00:00 PM,2/25/2025 2:00:00 PM,RFC,MIDATL,AE,AECO,825.242,True
2/25/2025 8:00:00 PM,2/25/2025 3:00:00 PM,RFC,MIDATL,AE,AECO,909.162,True
2/25/2025 9:00:00 PM,2/25/2025 4:00:00 PM,RFC,MIDATL,AE,AECO,915.452,True
2/25/2025 10:00:00 PM,2/25/2025 5:00:00 PM,RFC,MIDATL,AE,AECO,1005.535,True
2/25/2025 11:00:00 PM,2/25/2025 6:00:00 PM,RFC,MIDATL,AE,AECO,1099.268,True
2/26/2025 12:00:00 AM,2/25/2025 7:00:00 PM,RFC,MIDATL,AE,AECO,1108.924,True
2/26/2025 1:00:00 AM,2/25/2025 8:00:00 PM,RFC,MIDATL,AE,AECO,1081.365,True
2/26/2025 2:00:00 AM,2/25/2025 9:00:00 PM,RFC,MIDATL,AE,AECO,1013.913,True
2/26/2025 3:00:00 AM,2/25/2025 10:00:00 PM,RFC,MIDATL,AE,AECO,981.358,True
2/26/2025 4:00:00 AM,2/25/2025 11:00:00 PM,RFC,MIDATL,AE,AECO,927.858,True
2/26/2025 5:00:00 AM,2/26/2025 12:00:00 AM,RFC,MIDATL,AE,AECO,888.997,True
2/26/2025 6:00:00 AM,2/26/2025 1:00:00 AM,RFC,MIDATL,AE,AECO,870.793,True
2/26/2025 7:00:00 AM,2/26/2025 2:00:00 AM,RFC,MIDATL,AE,AECO,853.387,True
2/26/2025 8:00:00 AM,2/26/2025 3:00:00 AM,RFC,MIDATL,AE,AECO,871.966,True
2/26/2025 9:00:00 AM,2/26/2025 4:00:00 AM,RFC,MIDATL,AE,AECO,893.097,True
2/26/2025 10:00:00 AM,2/26/2025 5:00:00 AM,RFC,MIDATL,AE,AECO,956.138,True
2/26/2025 11:00:00 AM,2/26/2025 6:00:00 AM,RFC,MIDATL,AE,AECO,1031.056,True
2/26/2025 12:00:00 PM,2/26/2025 7:00:00 AM,RFC,MIDATL,AE,AECO,1003.296,True
2/26/2025 1:00:00 PM,2/26/2025 8:00:00 AM,RFC,MIDATL,AE,AECO,853.225,True
2/26/2025 2:00:00 PM,2/26/2025 9:00:00 AM,RFC,MIDATL,AE,AECO,730.520,True
2/26/2025 3:00:00 PM,2/26/2025 10:00:00 AM,RFC,MIDATL,AE,AECO,629.560,True
2/26/2025 4:00:00 PM,2/26/2025 11:00:00 AM,RFC,MIDATL,AE,AECO,576.619,True
2/26/2025 5:00:00 PM,2/26/2025 12:00:00 PM,RFC,MIDATL,AE,AECO,558.617,True
2/26/2025 6:00:00 PM,2/26/2025 1:00:00 PM,RFC,MIDATL,AE,AECO,575.846,True
2/26/2025 7:00:00 PM,2/26/2025 2:00:00 PM,RFC,MIDATL,AE,AECO,615.229,True
2/26/2025 8:00:00 PM,2/26/2025 3:00:00 PM,RFC,MIDATL,AE,AECO,718.456,True
2/26/2025 9:00:00 PM,2/26/2025 4:00:00 PM,RFC,MIDATL,AE,AECO,859.096,True
2/26/2025 10:00:00 PM,2/26/2025 5:00:00 PM,RFC,MIDATL,AE,AECO,986.445,True
2/26/2025 11:00:00 PM,2/26/2025 6:00:00 PM,RFC,MIDATL,AE,AECO,1072.044,True
2/27/2025 12:00:00 AM,2/26/2025 7:00:00 PM,RFC,MIDATL,AE,AECO,1070.388,True
2/27/2025 1:00:00 AM,2/26/2025 8:00:00 PM,RFC,MIDATL,AE,AECO,1053.540,True
2/27/2025 2:00:00 AM,2/26/2025 9:00:00 PM,RFC,MIDATL,AE,AECO,1015.816,True
2/27/2025 3:00:00 AM,2/26/2025 10:00:00 PM,RFC,MIDATL,AE,AECO,953.839,True
2/27/2025 4:00:00 AM,2/26/2025 11:00:00 PM,RFC,MIDATL,AE,AECO,898.262,True
2/27/2025 5:00:00 AM,2/27/2025 12:00:00 AM,RFC,MIDATL,AE,AECO,858.945,True
2/27/2025 6:00:00 AM,2/27/2025 1:00:00 AM,RFC,MIDATL,AE,AECO,832.873,True
2/27/2025 7:00:00 AM,2/27/2025 2:00:00 AM,RFC,MIDATL,AE,AECO,820.958,True
2/27/2025 8:00:00 AM,2/27/2025 3:00:00 AM,RFC,MIDATL,AE,AECO,815.499,True
2/27/2025 9:00:00 AM,2/27/2025 4:00:00 AM,RFC,MIDATL,AE,AECO,829.766,True
2/27/2025 10:00:00 AM,2/27/2025 5:00:00 AM,RFC,MIDATL,AE,AECO,878.888,True
2/27/2025 11:00:00 AM,2/27/2025 6:00:00 AM,RFC,MIDATL,AE,AECO,964.188,True
2/27/2025 12:00:00 PM,2/27/2025 7:00:00 AM,RFC,MIDATL,AE,AECO,994.576,True
2/27/2025 1:00:00 PM,2/27/2025 8:00:00 AM,RFC,MIDATL,AE,AECO,962.576,True
2/27/2025 2:00:00 PM,2/27/2025 9:00:00 AM,RFC,MIDATL,AE,AECO,868.761,True
2/27/2025 3:00:00 PM,2/27/2025 10:00:00 AM,RFC,MIDATL,AE,AECO,880.350,True
2/27/2025 4:00:00 PM,2/27/2025 11:00:00 AM,RFC,MIDATL,AE,AECO,883.525,True
2/27/2025 5:00:00 PM,2/27/2025 12:00:00 PM,RFC,MIDATL,AE,AECO,927.306,True
2/27/2025 6:00:00 PM,2/27/2025 1:00:00 PM,RFC,MIDATL,AE,AECO,926.183,True
2/27/2025 7:00:00 PM,2/27/2025 2:00:00 PM,RFC,MIDATL,AE,AECO,954.274,True
2/27/2025 8:00:00 PM,2/27/2025 3:00:00 PM,RFC,MIDATL,AE,AECO,977.063,True
2/27/2025 9:00:00 PM,2/27/2025 4:00:00 PM,RFC,MIDATL,AE,AECO,1015.335,True
2/27/2025 10:00:00 PM,2/27/2025 5:00:00 PM,RFC,MIDATL,AE,AECO,1051.560,True
2/27/2025 11:00:00 PM,2/27/2025 6:00:00 PM,RFC,MIDATL,AE,AECO,1088.344,True
2/28/2025 12:00:00 AM,2/27/2025 7:00:00 PM,RFC,MIDATL,AE,AECO,1082.569,True
2/28/2025 1:00:00 AM,2/27/2025 8:00:00 PM,RFC,MIDATL,AE,AECO,1053.830,True
2/28/2025 2:00:00 AM,2/27/2025 9:00:00 PM,RFC,MIDATL,AE,AECO,1002.474,True
2/28/2025 3:00:00 AM,2/27/2025 10:00:00 PM,RFC,MIDATL,AE,AECO,954.959,True
2/28/2025 4:00:00 AM,2/27/2025 11:00:00 PM,RFC,MIDATL,AE,AECO,892.415,True
2/28/2025 5:00:00 AM,2/28/2025 12:00:00 AM,RFC,MIDATL,AE,AECO,860.464,True
2/28/2025 6:00:00 AM,2/28/2025 1:00:00 AM,RFC,MIDATL,AE,AECO,841.773,True
2/28/2025 7:00:00 AM,2/28/2025 2:00:00 AM,RFC,MIDATL,AE,AECO,836.190,True
2/28/2025 8:00:00 AM,2/28/2025 3:00:00 AM,RFC,MIDATL,AE,AECO,837.061,True
2/28/2025 9:00:00 AM,2/28/2025 4:00:00 AM,RFC,MIDATL,AE,AECO,862.184,True
2/28/2025 10:00:00 AM,2/28/2025 5:00:00 AM,RFC,MIDATL,AE,AECO,919.871,True
2/28/2025 11:00:00 AM,2/28/2025 6:00:00 AM,RFC,MIDATL,AE,AECO,977.840,True
2/28/2025 12:00:00 PM,2/28/2025 7:00:00 AM,RFC,MIDATL,AE,AECO,977.745,True
2/28/2025 1:00:00 PM,2/28/2025 8:00:00 AM,RFC,MIDATL,AE,AECO,843.027,True
2/28/2025 2:00:00 PM,2/28/2025 9:00:00 AM,RFC,MIDATL,AE,AECO,766.494,True
2/28/2025 3:00:00 PM,2/28/2025 10:00:00 AM,RFC,MIDATL,AE,AECO,782.084,True
2/28/2025 4:00:00 PM,2/28/2025 11:00:00 AM,RFC,MIDATL,AE,AECO,698.103,True
2/28/2025 5:00:00 PM,2/28/2025 12:00:00 PM,RFC,MIDATL,AE,AECO,624.284,True
2/28/2025 6:00:00 PM,2/28/2025 1:00:00 PM,RFC,MIDATL,AE,AECO,599.079,True
2/28/2025 7:00:00 PM,2/28/2025 2:00:00 PM,RFC,MIDATL,AE,AECO,615.317,True
2/28/2025 8:00:00 PM,2/28/2025 3:00:00 PM,RFC,MIDATL,AE,AECO,721.443,True
2/28/2025 9:00:00 PM,2/28/2025 4:00:00 PM,RFC,MIDATL,AE,AECO,848.238,True
2/28/2025 10:00:00 PM,2/28/2025 5:00:00 PM,RFC,MIDATL,AE,AECO,968.752,True
2/28/2025 11:00:00 PM,2/28/2025 6:00:00 PM,RFC,MIDATL,AE,AECO,1064.649,True
3/1/2025 12:00:00 AM,2/28/2025 7:00:00 PM,RFC,MIDATL,AE,AECO,1070.382,True
3/1/2025 1:00:00 AM,2/28/2025 8:00:00 PM,RFC,MIDATL,AE,AECO,1061.591,True
3/1/2025 2:00:00 AM,2/28/2025 9:00:00 PM,RFC,MIDATL,AE,AECO,1033.162,True
3/1/2025 3:00:00 AM,2/28/2025 10:00:00 PM,RFC,MIDATL,AE,AECO,988.275,True
3/1/2025 4:00:00 AM,2/28/2025 11:00:00 PM,RFC,MIDATL,AE,AECO,938.354,True
3/1/2025 5:00:00 AM,3/1/2025 12:00:00 AM,RFC,MIDATL,AE,AECO,901.978,True
3/1/2025 6:00:00 AM,3/1/2025 1:00:00 AM,RFC,MIDATL,AE,AECO,872.121,True
3/1/2025 7:00:00 AM,3/1/2025 2:00:00 AM,RFC,MIDATL,AE,AECO,852.293,True
3/1/2025 8:00:00 AM,3/1/2025 3:00:00 AM,RFC,MIDATL,AE,AECO,845.673,True
3/1/2025 9:00:00 AM,3/1/2025 4:00:00 AM,RFC,MIDATL,AE,AECO,849.060,True
3/1/2025 10:00:00 AM,3/1/2025 5:00:00 AM,RFC,MIDATL,AE,AECO,867.280,True
3/1/2025 11:00:00 AM,3/1/2025 6:00:00 AM,RFC,MIDATL,AE,AECO,886.480,True
3/1/2025 12:00:00 PM,3/1/2025 7:00:00 AM,RFC,MIDATL,AE,AECO,894.799,True
3/1/2025 1:00:00 PM,3/1/2025 8:00:00 AM,RFC,MIDATL,AE,AECO,843.659,True
3/1/2025 2:00:00 PM,3/1/2025 9:00:00 AM,RFC,MIDATL,AE,AECO,785.796,True
3/1/2025 3:00:00 PM,3/1/2025 10:00:00 AM,RFC,MIDATL,AE,AECO,681.771,True
3/1/2025 4:00:00 PM,3/1/2025 11:00:00 AM,RFC,MIDATL,AE,AECO,535.581,True
3/1/2025 5:00:00 PM,3/1/2025 12:00:00 PM,RFC,MIDATL,AE,AECO,502.061,True
3/1/2025 6:00:00 PM,3/1/2025 1:00:00 PM,RFC,MIDATL,AE,AECO,570.701,True
3/1/2025 7:00:00 PM,3/1/2025 2:00:00 PM,RFC,MIDATL,AE,AECO,625.994,True
3/1/2025 8:00:00 PM,3/1/2025 3:00:00 PM,RFC,MIDATL,AE,AECO,771.292,True
3/1/2025 9:00:00 PM,3/1/2025 4:00:00 PM,RFC,MIDATL,AE,AECO,860.963,True
3/1/2025 10:00:00 PM,3/1/2025 5:00:00 PM,RFC,MIDATL,AE,AECO,963.238,True
3/1/2025 11:00:00 PM,3/1/2025 6:00:00 PM,RFC,MIDATL,AE,AECO,1045.441,True
3/2/2025 12:00:00 AM,3/1/2025 7:00:00 PM,RFC,MIDATL,AE,AECO,1062.333,True
3/2/2025 1:00:00 AM,3/1/2025 8:00:00 PM,RFC,MIDATL,AE,AECO,1046.075,True
3/2/2025 2:00:00 AM,3/1/2025 9:00:00 PM,RFC,MIDATL,AE,AECO,1043.746,True
3/2/2025 3:00:00 AM,3/1/2025 10:00:00 PM,RFC,MIDATL,AE,AECO,1017.134,True
3/2/2025 4:00:00 AM,3/1/2025 11:00:00 PM,RFC,MIDATL,AE,AECO,978.391,True
3/2/2025 5:00:00 AM,3/2/2025 12:00:00 AM,RFC,MIDATL,AE,AECO,947.626,True
3/2/2025 6:00:00 AM,3/2/2025 1:00:00 AM,RFC,MIDATL,AE,AECO,969.174,True
3/2/2025 7:00:00 AM,3/2/2025 2:00:00 AM,RFC,MIDATL,AE,AECO,953.686,True
3/2/2025 8:00:00 AM,3/2/2025 3:00:00 AM,RFC,MIDATL,AE,AECO,961.932,True
3/2/2025 9:00:00 AM,3/2/2025 4:00:00 AM,RFC,MIDATL,AE,AECO,979.244,True
3/2/2025 10:00:00 AM,3/2/2025 5:00:00 AM,RFC,MIDATL,AE,AECO,1017.818,True
3/2/2025 11:00:00 AM,3/2/2025 6:00:00 AM,RFC,MIDATL,AE,AECO,1030.159,True
3/2/2025 12:00:00 PM,3/2/2025 7:00:00 AM,RFC,MIDATL,AE,AECO,991.863,True
3/2/2025 1:00:00 PM,3/2/2025 8:00:00 AM,RFC,MIDATL,AE,AECO,904.787,True
3/2/2025 2:00:00 PM,3/2/2025 9:00:00 AM,RFC,MIDATL,AE,AECO,788.788,True
3/2/2025 3:00:00 PM,3/2/2025 10:00:00 AM,RFC,MIDATL,AE,AECO,714.899,True
3/2/2025 4:00:00 PM,3/2/2025 11:00:00 AM,RFC,MIDATL,AE,AECO,660.932,True
3/2/2025 5:00:00 PM,3/2/2025 12:00:00 PM,RFC,MIDATL,AE,AECO,638.015,True
3/2/2025 6:00:00 PM,3/2/2025 1:00:00 PM,RFC,MIDATL,AE,AECO,642.450,True
3/2/2025 7:00:00 PM,3/2/2025 2:00:00 PM,RFC,MIDATL,AE,AECO,690.820,True
3/2/2025 8:00:00 PM,3/2/2025 3:00:00 PM,RFC,MIDATL,AE,AECO,791.602,True
3/2/2025 9:00:00 PM,3/2/2025 4:00:00 PM,RFC,MIDATL,AE,AECO,940.010,True
3/2/2025 10:00:00 PM,3/2/2025 5:00:00 PM,RFC,MIDATL,AE,AECO,1096.613,True
3/2/2025 11:00:00 PM,3/2/2025 6:00:00 PM,RFC,MIDATL,AE,AECO,1197.764,True
3/3/2025 12:00:00 AM,3/2/2025 7:00:00 PM,RFC,MIDATL,AE,AECO,1209.072,True
3/3/2025 1:00:00 AM,3/2/2025 8:00:00 PM,RFC,MIDATL,AE,AECO,1191.912,True
3/3/2025 2:00:00 AM,3/2/2025 9:00:00 PM,RFC,MIDATL,AE,AECO,1153.050,True
3/3/2025 3:00:00 AM,3/2/2025 10:00:00 PM,RFC,MIDATL,AE,AECO,1089.358,True
3/3/2025 4:00:00 AM,3/2/2025 11:00:00 PM,RFC,MIDATL,AE,AECO,1040.755,True
3/3/2025 5:00:00 AM,3/3/2025 12:00:00 AM,RFC,MIDATL,AE,AECO,1017.339,True
3/3/2025 6:00:00 AM,3/3/2025 1:00:00 AM,RFC,MIDATL,AE,AECO,1001.884,True
3/3/2025 7:00:00 AM,3/3/2025 2:00:00 AM,RFC,MIDATL,AE,AECO,991.066,True
3/3/2025 8:00:00 AM,3/3/2025 3:00:00 AM,RFC,MIDATL,AE,AECO,1003.175,True
3/3/2025 9:00:00 AM,3/3/2025 4:00:00 AM,RFC,MIDATL,AE,AECO,1026.775,True
3/3/2025 10:00:00 AM,3/3/2025 5:00:00 AM,RFC,MIDATL,AE,AECO,1086.805,True
3/3/2025 11:00:00 AM,3/3/2025 6:00:00 AM,RFC,MIDATL,AE,AECO,1161.249,True
3/3/2025 12:00:00 PM,3/3/2025 7:00:00 AM,RFC,MIDATL,AE,AECO,1137.599,True
3/3/2025 1:00:00 PM,3/3/2025 8:00:00 AM,RFC,MIDATL,AE,AECO,1001.827,True
3/3/2025 2:00:00 PM,3/3/2025 9:00:00 AM,RFC,MIDATL,AE,AECO,814.089,True
3/3/2025 3:00:00 PM,3/3/2025 10:00:00 AM,RFC,MIDATL,AE,AECO,717.762,True
3/3/2025 4:00:00 PM,3/3/2025 11:00:00 AM,RFC,MIDATL,AE,AECO,663.073,True
3/3/2025 5:00:00 PM,3/3/2025 12:00:00 PM,RFC,MIDATL,AE,AECO,637.908,True
3/3/2025 6:00:00 PM,3/3/2025 1:00:00 PM,RFC,MIDATL,AE,AECO,643.687,True
3/3/2025 7:00:00 PM,3/3/2025 2:00:00 PM,RFC,MIDATL,AE,AECO,688.197,True
3/3/2025 8:00:00 PM,3/3/2025 3:00:00 PM,RFC,MIDATL,AE,AECO,786.939,True
3/3/2025 9:00:00 PM,3/3/2025 4:00:00 PM,RFC,MIDATL,AE,AECO,945.207,True
3/3/2025 10:00:00 PM,3/3/2025 5:00:00 PM,RFC,MIDATL,AE,AECO,1101.039,True
3/3/2025 11:00:00 PM,3/3/2025 6:00:00 PM,RFC,MIDATL,AE,AECO,1208.232,True
3/4/2025 12:00:00 AM,3/3/2025 7:00:00 PM,RFC,MIDATL,AE,AECO,1222.830,True
3/4/2025 1:00:00 AM,3/3/2025 8:00:00 PM,RFC,MIDATL,AE,AECO,1210.076,True
3/4/2025 2:00:00 AM,3/3/2025 9:00:00 PM,RFC,MIDATL,AE,AECO,1156.854,True
3/4/2025 3:00:00 AM,3/3/2025 10:00:00 PM,RFC,MIDATL,AE,AECO,1090.896,True
3/4/2025 4:00:00 AM,3/3/2025 11:00:00 PM,RFC,MIDATL,AE,AECO,1032.350,True
3/4/2025 5:00:00 AM,3/4/2025 12:00:00 AM,RFC,MIDATL,AE,AECO,999.626,True
3/4/2025 6:00:00 AM,3/4/2025 1:00:00 AM,RFC,MIDATL,AE,AECO,975.795,True
3/4/2025 7:00:00 AM,3/4/2025 2:00:00 AM,RFC,MIDATL,AE,AECO,965.349,True
3/4/2025 8:00:00 AM,3/4/2025 3:00:00 AM,RFC,MIDATL,AE,AECO,954.306,True
3/4/2025 9:00:00 AM,3/4/2025 4:00:00 AM,RFC,MIDATL,AE,AECO,978.360,True
3/4/2025 10:00:00 AM,3/4/2025 5:00:00 AM,RFC,MIDATL,AE,AECO,1002.120,True
3/4/2025 11:00:00 AM,3/4/2025 6:00:00 AM,RFC,MIDATL,AE,AECO,1074.434,True
3/4/2025 12:00:00 PM,3/4/2025 7:00:00 AM,RFC,MIDATL,AE,AECO,1080.742,True
3/4/2025 1:00:00 PM,3/4/2025 8:00:00 AM,RFC,MIDATL,AE,AECO,963.664,True
3/4/2025 2:00:00 PM,3/4/2025 9:00:00 AM,RFC,MIDATL,AE,AECO,907.327,True
3/4/2025 3:00:00 PM,3/4/2025 10:00:00 AM,RFC,MIDATL,AE,AECO,820.238,True
3/4/2025 4:00:00 PM,3/4/2025 11:00:00 AM,RFC,MIDATL,AE,AECO,660.333,True
3/4/2025 5:00:00 PM,3/4/2025 12:00:00 PM,RFC,MIDATL,AE,AECO,644.775,True
3/4/2025 6:00:00 PM,3/4/2025 1:00:00 PM,RFC,MIDATL,AE,AECO,699.070,True
3/4/2025 7:00:00 PM,3/4/2025 2:00:00 PM,RFC,MIDATL,AE,AECO,698.194,True
3/4/2025 8:00:00 PM,3/4/2025 3:00:00 PM,RFC,MIDATL,AE,AECO,730.100,True
3/4/2025 9:00:00 PM,3/4/2025 4:00:00 PM,RFC,MIDATL,AE,AECO,856.716,True
3/4/2025 10:00:00 PM,3/4/2025 5:00:00 PM,RFC,MIDATL,AE,AECO,1006.252,True
3/4/2025 11:00:00 PM,3/4/2025 6:00:00 PM,RFC,MIDATL,AE,AECO,1098.963,True
3/5/2025 12:00:00 AM,3/4/2025 7:00:00 PM,RFC,MIDATL,AE,AECO,1109.358,True
3/5/2025 1:00:00 AM,3/4/2025 8:00:00 PM,RFC,MIDATL,AE,AECO,1091.927,True
3/5/2025 2:00:00 AM,3/4/2025 9:00:00 PM,RFC,MIDATL,AE,AECO,1046.049,True
3/5/2025 3:00:00 AM,3/4/2025 10:00:00 PM,RFC,MIDATL,AE,AECO,984.241,True
3/5/2025 4:00:00 AM,3/4/2025 11:00:00 PM,RFC,MIDATL,AE,AECO,919.539,True
3/5/2025 5:00:00 AM,3/5/2025 12:00:00 AM,RFC,MIDATL,AE,AECO,873.001,True
3/5/2025 6:00:00 AM,3/5/2025 1:00:00 AM,RFC,MIDATL,AE,AECO,842.760,True
3/5/2025 7:00:00 AM,3/5/2025 2:00:00 AM,RFC,MIDATL,AE,AECO,827.239,True
3/5/2025 8:00:00 AM,3/5/2025 3:00:00 AM,RFC,MIDATL,AE,AECO,825.259,True
3/5/2025 9:00:00 AM,3/5/2025 4:00:00 AM,RFC,MIDATL,AE,AECO,829.807,True
3/5/2025 10:00:00 AM,3/5/2025 5:00:00 AM,RFC,MIDATL,AE,AECO,878.797,True
3/5/2025 11:00:00 AM,3/5/2025 6:00:00 AM,RFC,MIDATL,AE,AECO,940.073,True
3/5/2025 12:00:00 PM,3/5/2025 7:00:00 AM,RFC,MIDATL,AE,AECO,958.597,True
3/5/2025 1:00:00 PM,3/5/2025 8:00:00 AM,RFC,MIDATL,AE,AECO,918.072,True
3/5/2025 2:00:00 PM,3/5/2025 9:00:00 AM,RFC,MIDATL,AE,AECO,876.979,True
3/5/2025 3:00:00 PM,3/5/2025 10:00:00 AM,RFC,MIDATL,AE,AECO,849.069,True
3/5/2025 4:00:00 PM,3/5/2025 11:00:00 AM,RFC,MIDATL,AE,AECO,909.290,True
3/5/2025 5:00:00 PM,3/5/2025 12:00:00 PM,RFC,MIDATL,AE,AECO,857.966,True
3/5/2025 6:00:00 PM,3/5/2025 1:00:00 PM,RFC,MIDATL,AE,AECO,828.025,True
3/5/2025 7:00:00 PM,3/5/2025 2:00:00 PM,RFC,MIDATL,AE,AECO,937.671,True
3/5/2025 8:00:00 PM,3/5/2025 3:00:00 PM,RFC,MIDATL,AE,AECO,1001.843,True
3/5/2025 9:00:00 PM,3/5/2025 4:00:00 PM,RFC,MIDATL,AE,AECO,1049.404,True
3/5/2025 10:00:00 PM,3/5/2025 5:00:00 PM,RFC,MIDATL,AE,AECO,1098.150,True
3/5/2025 11:00:00 PM,3/5/2025 6:00:00 PM,RFC,MIDATL,AE,AECO,1108.076,True
3/6/2025 12:00:00 AM,3/5/2025 7:00:00 PM,RFC,MIDATL,AE,AECO,1078.996,True
3/6/2025 1:00:00 AM,3/5/2025 8:00:00 PM,RFC,MIDATL,AE,AECO,1040.465,True
3/6/2025 2:00:00 AM,3/5/2025 9:00:00 PM,RFC,MIDATL,AE,AECO,997.834,True
3/6/2025 3:00:00 AM,3/5/2025 10:00:00 PM,RFC,MIDATL,AE,AECO,938.818,True
3/6/2025 4:00:00 AM,3/5/2025 11:00:00 PM,RFC,MIDATL,AE,AECO,872.484,True
3/6/2025 5:00:00 AM,3/6/2025 12:00:00 AM,RFC,MIDATL,AE,AECO,826.952,True
3/6/2025 6:00:00 AM,3/6/2025 1:00:00 AM,RFC,MIDATL,AE,AECO,796.133,True
3/6/2025 7:00:00 AM,3/6/2025 2:00:00 AM,RFC,MIDATL,AE,AECO,783.379,True
3/6/2025 8:00:00 AM,3/6/2025 3:00:00 AM,RFC,MIDATL,AE,AECO,782.235,True
3/6/2025 9:00:00 AM,3/6/2025 4:00:00 AM,RFC,MIDATL,AE,AECO,797.598,True
3/6/2025 10:00:00 AM,3/6/2025 5:00:00 AM,RFC,MIDATL,AE,AECO,841.999,True
3/6/2025 11:00:00 AM,3/6/2025 6:00:00 AM,RFC,MIDATL,AE,AECO,915.911,True
3/6/2025 12:00:00 PM,3/6/2025 7:00:00 AM,RFC,MIDATL,AE,AECO,917.230,True
3/6/2025 1:00:00 PM,3/6/2025 8:00:00 AM,RFC,MIDATL,AE,AECO,855.325,True
3/6/2025 2:00:00 PM,3/6/2025 9:00:00 AM,RFC,MIDATL,AE,AECO,832.932,True
3/6/2025 3:00:00 PM,3/6/2025 10:00:00 AM,RFC,MIDATL,AE,AECO,777.321,True
3/6/2025 4:00:00 PM,3/6/2025 11:00:00 AM,RFC,MIDATL,AE,AECO,713.277,True
3/6/2025 5:00:00 PM,3/6/2025 12:00:00 PM,RFC,MIDATL,AE,AECO,680.956,True
3/6/2025 6:00:00 PM,3/6/2025 1:00:00 PM,RFC,MIDATL,AE,AECO,659.124,True
3/6/2025 7:00:00 PM,3/6/2025 2:00:00 PM,RFC,MIDATL,AE,AECO,763.432,True
3/6/2025 8:00:00 PM,3/6/2025 3:00:00 PM,RFC,MIDATL,AE,AECO,915.258,True
3/6/2025 9:00:00 PM,3/6/2025 4:00:00 PM,RFC,MIDATL,AE,AECO,997.851,True
3/6/2025 10:00:00 PM,3/6/2025 5:00:00 PM,RFC,MIDATL,AE,AECO,1075.526,True
3/6/2025 11:00:00 PM,3/6/2025 6:00:00 PM,RFC,MIDATL,AE,AECO,1151.557,True
3/7/2025 12:00:00 AM,3/6/2025 7:00:00 PM,RFC,MIDATL,AE,AECO,1170.418,True
3/7/2025 1:00:00 AM,3/6/2025 8:00:00 PM,RFC,MIDATL,AE,AECO,1145.955,True
3/7/2025 2:00:00 AM,3/6/2025 9:00:00 PM,RFC,MIDATL,AE,AECO,1113.024,True
3/7/2025 3:00:00 AM,3/6/2025 10:00:00 PM,RFC,MIDATL,AE,AECO,1054.934,True
3/7/2025 4:00:00 AM,3/6/2025 11:00:00 PM,RFC,MIDATL,AE,AECO,994.422,True
3/7/2025 5:00:00 AM,3/7/2025 12:00:00 AM,RFC,MIDATL,AE,AECO,956.927,True
3/7/2025 6:00:00 AM,3/7/2025 1:00:00 AM,RFC,MIDATL,AE,AECO,940.993,True
3/7/2025 7:00:00 AM,3/7/2025 2:00:00 AM,RFC,MIDATL,AE,AECO,935.527,True
3/7/2025 8:00:00 AM,3/7/2025 3:00:00 AM,RFC,MIDATL,AE,AECO,924.079,True
3/7/2025 9:00:00 AM,3/7/2025 4:00:00 AM,RFC,MIDATL,AE,AECO,943.728,True
3/7/2025 10:00:00 AM,3/7/2025 5:00:00 AM,RFC,MIDATL,AE,AECO,990.168,True
3/7/2025 11:00:00 AM,3/7/2025 6:00:00 AM,RFC,MIDATL,AE,AECO,1066.442,True
3/7/2025 12:00:00 PM,3/7/2025 7:00:00 AM,RFC,MIDATL,AE,AECO,1005.597,True
3/7/2025 1:00:00 PM,3/7/2025 8:00:00 AM,RFC,MIDATL,AE,AECO,880.471,True
3/7/2025 2:00:00 PM,3/7/2025 9:00:00 AM,RFC,MIDATL,AE,AECO,745.475,True
3/7/2025 3:00:00 PM,3/7/2025 10:00:00 AM,RFC,MIDATL,AE,AECO,649.680,True
3/7/2025 4:00:00 PM,3/7/2025 11:00:00 AM,RFC,MIDATL,AE,AECO,604.389,True
3/7/2025 5:00:00 PM,3/7/2025 12:00:00 PM,RFC,MIDATL,AE,AECO,581.185,True
3/7/2025 6:00:00 PM,3/7/2025 1:00:00 PM,RFC,MIDATL,AE,AECO,586.474,True
3/7/2025 7:00:00 PM,3/7/2025 2:00:00 PM,RFC,MIDATL,AE,AECO,618.199,True
3/7/2025 8:00:00 PM,3/7/2025 3:00:00 PM,RFC,MIDATL,AE,AECO,717.675,True
3/7/2025 9:00:00 PM,3/7/2025 4:00:00 PM,RFC,MIDATL,AE,AECO,868.650,True
3/7/2025 10:00:00 PM,3/7/2025 5:00:00 PM,RFC,MIDATL,AE,AECO,1004.042,True
3/7/2025 11:00:00 PM,3/7/2025 6:00:00 PM,RFC,MIDATL,AE,AECO,1095.117,True
3/8/2025 12:00:00 AM,3/7/2025 7:00:00 PM,RFC,MIDATL,AE,AECO,1098.680,True
3/8/2025 1:00:00 AM,3/7/2025 8:00:00 PM,RFC,MIDATL,AE,AECO,1087.227,True
3/8/2025 2:00:00 AM,3/7/2025 9:00:00 PM,RFC,MIDATL,AE,AECO,1052.429,True
3/8/2025 3:00:00 AM,3/7/2025 10:00:00 PM,RFC,MIDATL,AE,AECO,998.526,True
3/8/2025 4:00:00 AM,3/7/2025 11:00:00 PM,RFC,MIDATL,AE,AECO,939.863,True
3/8/2025 5:00:00 AM,3/8/2025 12:00:00 AM,RFC,MIDATL,AE,AECO,904.486,True
3/8/2025 6:00:00 AM,3/8/2025 1:00:00 AM,RFC,MIDATL,AE,AECO,860.436,True
3/8/2025 7:00:00 AM,3/8/2025 2:00:00 AM,RFC,MIDATL,AE,AECO,851.024,True
3/8/2025 8:00:00 AM,3/8/2025 3:00:00 AM,RFC,MIDATL,AE,AECO,839.664,True
3/8/2025 9:00:00 AM,3/8/2025 4:00:00 AM,RFC,MIDATL,AE,AECO,845.079,True
3/8/2025 10:00:00 AM,3/8/2025 5:00:00 AM,RFC,MIDATL,AE,AECO,862.766,True
3/8/2025 11:00:00 AM,3/8/2025 6:00:00 AM,RFC,MIDATL,AE,AECO,898.474,True
3/8/2025 12:00:00 PM,3/8/2025 7:00:00 AM,RFC,MIDATL,AE,AECO,873.298,True
3/8/2025 1:00:00 PM,3/8/2025 8:00:00 AM,RFC,MIDATL,AE,AECO,808.720,True
3/8/2025 2:00:00 PM,3/8/2025 9:00:00 AM,RFC,MIDATL,AE,AECO,820.061,True
3/8/2025 3:00:00 PM,3/8/2025 10:00:00 AM,RFC,MIDATL,AE,AECO,772.203,True
3/8/2025 4:00:00 PM,3/8/2025 11:00:00 AM,RFC,MIDATL,AE,AECO,663.637,True
3/8/2025 5:00:00 PM,3/8/2025 12:00:00 PM,RFC,MIDATL,AE,AECO,584.252,True
3/8/2025 6:00:00 PM,3/8/2025 1:00:00 PM,RFC,MIDATL,AE,AECO,563.824,True
3/8/2025 7:00:00 PM,3/8/2025 2:00:00 PM,RFC,MIDATL,AE,AECO,598.046,True
3/8/2025 8:00:00 PM,3/8/2025 3:00:00 PM,RFC,MIDATL,AE,AECO,671.921,True
3/8/2025 9:00:00 PM,3/8/2025 4:00:00 PM,RFC,MIDATL,AE,AECO,795.628,True
3/8/2025 10:00:00 PM,3/8/2025 5:00:00 PM,RFC,MIDATL,AE,AECO,951.278,True
3/8/2025 11:00:00 PM,3/8/2025 6:00:00 PM,RFC,MIDATL,AE,AECO,1053.017,True
3/9/2025 12:00:00 AM,3/8/2025 7:00:00 PM,RFC,MIDATL,AE,AECO,1074.628,True
3/9/2025 1:00:00 AM,3/8/2025 8:00:00 PM,RFC,MIDATL,AE,AECO,1054.957,True
3/9/2025 2:00:00 AM,3/8/2025 9:00:00 PM,RFC,MIDATL,AE,AECO,1034.143,True
3/9/2025 3:00:00 AM,3/8/2025 10:00:00 PM,RFC,MIDATL,AE,AECO,1003.193,True
3/9/2025 4:00:00 AM,3/8/2025 11:00:00 PM,RFC,MIDATL,AE,AECO,956.659,True
3/9/2025 5:00:00 AM,3/9/2025 12:00:00 AM,RFC,MIDATL,AE,AECO,926.853,True
3/9/2025 6:00:00 AM,3/9/2025 1:00:00 AM,RFC,MIDATL,AE,AECO,0.000,True
3/9/2025 7:00:00 AM,3/9/2025 3:00:00 AM,RFC,MIDATL,AE,AECO,901.377,True
3/9/2025 8:00:00 AM,3/9/2025 4:00:00 AM,RFC,MIDATL,AE,AECO,906.323,True
3/9/2025 9:00:00 AM,3/9/2025 5:00:00 AM,RFC,MIDATL,AE,AECO,920.106,True
3/9/2025 10:00:00 AM,3/9/2025 6:00:00 AM,RFC,MIDATL,AE,AECO,954.649,True
3/9/2025 11:00:00 AM,3/9/2025 7:00:00 AM,RFC,MIDATL,AE,AECO,978.460,True
3/9/2025 12:00:00 PM,3/9/2025 8:00:00 AM,RFC,MIDATL,AE,AECO,921.997,True
3/9/2025 1:00:00 PM,3/9/2025 9:00:00 AM,RFC,MIDATL,AE,AECO,804.352,True
3/9/2025 2:00:00 PM,3/9/2025 10:00:00 AM,RFC,MIDATL,AE,AECO,687.054,True
3/9/2025 3:00:00 PM,3/9/2025 11:00:00 AM,RFC,MIDATL,AE,AECO,597.972,True
3/9/2025 4:00:00 PM,3/9/2025 12:00:00 PM,RFC,MIDATL,AE,AECO,552.005,True
3/9/2025 5:00:00 PM,3/9/2025 1:00:00 PM,RFC,MIDATL,AE,AECO,520.313,True
3/9/2025 6:00:00 PM,3/9/2025 2:00:00 PM,RFC,MIDATL,AE,AECO,529.271,True
3/9/2025 7:00:00 PM,3/9/2025 3:00:00 PM,RFC,MIDATL,AE,AECO,598.026,True
3/9/2025 8:00:00 PM,3/9/2025 4:00:00 PM,RFC,MIDATL,AE,AECO,688.637,True
3/9/2025 9:00:00 PM,3/9/2025 5:00:00 PM,RFC,MIDATL,AE,AECO,810.879,True
3/9/2025 10:00:00 PM,3/9/2025 6:00:00 PM,RFC,MIDATL,AE,AECO,932.714,True
3/9/2025 11:00:00 PM,3/9/2025 7:00:00 PM,RFC,MIDATL,AE,AECO,1027.877,True
3/10/2025 12:00:00 AM,3/9/2025 8:00:00 PM,RFC,MIDATL,AE,AECO,1046.771,True
3/10/2025 1:00:00 AM,3/9/2025 9:00:00 PM,RFC,MIDATL,AE,AECO,1012.348,True
3/10/2025 2:00:00 AM,3/9/2025 10:00:00 PM,RFC,MIDATL,AE,AECO,947.205,True
3/10/2025 3:00:00 AM,3/9/2025 11:00:00 PM,RFC,MIDATL,AE,AECO,907.962,True
3/10/2025 4:00:00 AM,3/10/2025 12:00:00 AM,RFC,MIDATL,AE,AECO,870.890,True
3/10/2025 5:00:00 AM,3/10/2025 1:00:00 AM,RFC,MIDATL,AE,AECO,847.639,True
3/10/2025 6:00:00 AM,3/10/2025 2:00:00 AM,RFC,MIDATL,AE,AECO,833.403,True
3/10/2025 7:00:00 AM,3/10/2025 3:00:00 AM,RFC,MIDATL,AE,AECO,836.943,True
3/10/2025 8:00:00 AM,3/10/2025 4:00:00 AM,RFC,MIDATL,AE,AECO,867.213,True
3/10/2025 9:00:00 AM,3/10/2025 5:00:00 AM,RFC,MIDATL,AE,AECO,902.510,True
3/10/2025 10:00:00 AM,3/10/2025 6:00:00 AM,RFC,MIDATL,AE,AECO,981.463,True
3/10/2025 11:00:00 AM,3/10/2025 7:00:00 AM,RFC,MIDATL,AE,AECO,1031.182,True
3/10/2025 12:00:00 PM,3/10/2025 8:00:00 AM,RFC,MIDATL,AE,AECO,950.777,True
3/10/2025 1:00:00 PM,3/10/2025 9:00:00 AM,RFC,MIDATL,AE,AECO,819.023,True
3/10/2025 2:00:00 PM,3/10/2025 10:00:00 AM,RFC,MIDATL,AE,AECO,677.991,True
3/10/2025 3:00:00 PM,3/10/2025 11:00:00 AM,RFC,MIDATL,AE,AECO,581.168,True
3/10/2025 4:00:00 PM,3/10/2025 12:00:00 PM,RFC,MIDATL,AE,AECO,532.879,True
3/10/2025 5:00:00 PM,3/10/2025 1:00:00 PM,RFC,MIDATL,AE,AECO,506.788,True
3/10/2025 6:00:00 PM,3/10/2025 2:00:00 PM,RFC,MIDATL,AE,AECO,517.545,True
3/10/2025 7:00:00 PM,3/10/2025 3:00:00 PM,RFC,MIDATL,AE,AECO,575.164,True
3/10/2025 8:00:00 PM,3/10/2025 4:00:00 PM,RFC,MIDATL,AE,AECO,676.698,True
3/10/2025 9:00:00 PM,3/10/2025 5:00:00 PM,RFC,MIDATL,AE,AECO,794.615,True
3/10/2025 10:00:00 PM,3/10/2025 6:00:00 PM,RFC,MIDATL,AE,AECO,927.272,True
3/10/2025 11:00:00 PM,3/10/2025 7:00:00 PM,RFC,MIDATL,AE,AECO,1000.224,True
3/11/2025 12:00:00 AM,3/10/2025 8:00:00 PM,RFC,MIDATL,AE,AECO,1006.196,True
3/11/2025 1:00:00 AM,3/10/2025 9:00:00 PM,RFC,MIDATL,AE,AECO,977.971,True
3/11/2025 2:00:00 AM,3/10/2025 10:00:00 PM,RFC,MIDATL,AE,AECO,909.152,True
3/11/2025 3:00:00 AM,3/10/2025 11:00:00 PM,RFC,MIDATL,AE,AECO,850.077,True
3/11/2025 4:00:00 AM,3/11/2025 12:00:00 AM,RFC,MIDATL,AE,AECO,831.397,True
3/11/2025 5:00:00 AM,3/11/2025 1:00:00 AM,RFC,MIDATL,AE,AECO,808.845,True
3/11/2025 6:00:00 AM,3/11/2025 2:00:00 AM,RFC,MIDATL,AE,AECO,796.794,True
3/11/2025 7:00:00 AM,3/11/2025 3:00:00 AM,RFC,MIDATL,AE,AECO,809.430,True
3/11/2025 8:00:00 AM,3/11/2025 4:00:00 AM,RFC,MIDATL,AE,AECO,826.153,True
3/11/2025 9:00:00 AM,3/11/2025 5:00:00 AM,RFC,MIDATL,AE,AECO,893.430,True
3/11/2025 10:00:00 AM,3/11/2025 6:00:00 AM,RFC,MIDATL,AE,AECO,973.550,True
3/11/2025 11:00:00 AM,3/11/2025 7:00:00 AM,RFC,MIDATL,AE,AECO,1024.662,True
3/11/2025 12:00:00 PM,3/11/2025 8:00:00 AM,RFC,MIDATL,AE,AECO,930.621,True
3/11/2025 1:00:00 PM,3/11/2025 9:00:00 AM,RFC,MIDATL,AE,AECO,794.380,True
3/11/2025 2:00:00 PM,3/11/2025 10:00:00 AM,RFC,MIDATL,AE,AECO,665.707,True
3/11/2025 3:00:00 PM,3/11/2025 11:00:00 AM,RFC,MIDATL,AE,AECO,554.485,True
3/11/2025 4:00:00 PM,3/11/2025 12:00:00 PM,RFC,MIDATL,AE,AECO,514.897,True
3/11/2025 5:00:00 PM,3/11/2025 1:00:00 PM,RFC,MIDATL,AE,AECO,497.132,True
3/11/2025 6:00:00 PM,3/11/2025 2:00:00 PM,RFC,MIDATL,AE,AECO,498.007,True
3/11/2025 7:00:00 PM,3/11/2025 3:00:00 PM,RFC,MIDATL,AE,AECO,550.497,True
3/11/2025 8:00:00 PM,3/11/2025 4:00:00 PM,RFC,MIDATL,AE,AECO,652.433,True
3/11/2025 9:00:00 PM,3/11/2025 5:00:00 PM,RFC,MIDATL,AE,AECO,780.528,True
3/11/2025 10:00:00 PM,3/11/2025 6:00:00 PM,RFC,MIDATL,AE,AECO,906.487,True
3/11/2025 11:00:00 PM,3/11/2025 7:00:00 PM,RFC,MIDATL,AE,AECO,994.715,True
3/12/2025 12:00:00 AM,3/11/2025 8:00:00 PM,RFC,MIDATL,AE,AECO,999.876,True
3/12/2025 1:00:00 AM,3/11/2025 9:00:00 PM,RFC,MIDATL,AE,AECO,961.533,True
3/12/2025 2:00:00 AM,3/11/2025 10:00:00 PM,RFC,MIDATL,AE,AECO,885.744,True
3/12/2025 3:00:00 AM,3/11/2025 11:00:00 PM,RFC,MIDATL,AE,AECO,839.909,True
3/12/2025 4:00:00 AM,3/12/2025 12:00:00 AM,RFC,MIDATL,AE,AECO,795.941,True
3/12/2025 5:00:00 AM,3/12/2025 1:00:00 AM,RFC,MIDATL,AE,AECO,775.788,True
3/12/2025 6:00:00 AM,3/12/2025 2:00:00 AM,RFC,MIDATL,AE,AECO,775.463,True
3/12/2025 7:00:00 AM,3/12/2025 3:00:00 AM,RFC,MIDATL,AE,AECO,763.683,True
3/12/2025 8:00:00 AM,3/12/2025 4:00:00 AM,RFC,MIDATL,AE,AECO,792.192,True
3/12/2025 9:00:00 AM,3/12/2025 5:00:00 AM,RFC,MIDATL,AE,AECO,859.012,True
3/12/2025 10:00:00 AM,3/12/2025 6:00:00 AM,RFC,MIDATL,AE,AECO,936.483,True
3/12/2025 11:00:00 AM,3/12/2025 7:00:00 AM,RFC,MIDATL,AE,AECO,974.376,True
3/12/2025 12:00:00 PM,3/12/2025 8:00:00 AM,RFC,MIDATL,AE,AECO,894.020,True
3/12/2025 1:00:00 PM,3/12/2025 9:00:00 AM,RFC,MIDATL,AE,AECO,793.476,True
3/12/2025 2:00:00 PM,3/12/2025 10:00:00 AM,RFC,MIDATL,AE,AECO,681.237,True
3/12/2025 3:00:00 PM,3/12/2025 11:00:00 AM,RFC,MIDATL,AE,AECO,584.705,True
3/12/2025 4:00:00 PM,3/12/2025 12:00:00 PM,RFC,MIDATL,AE,AECO,515.874,True
3/12/2025 5:00:00 PM,3/12/2025 1:00:00 PM,RFC,MIDATL,AE,AECO,513.226,True
3/12/2025 6:00:00 PM,3/12/2025 2:00:00 PM,RFC,MIDATL,AE,AECO,519.514,True
3/12/2025 7:00:00 PM,3/12/2025 3:00:00 PM,RFC,MIDATL,AE,AECO,562.399,True
3/12/2025 8:00:00 PM,3/12/2025 4:00:00 PM,RFC,MIDATL,AE,AECO,663.961,True
3/12/2025 9:00:00 PM,3/12/2025 5:00:00 PM,RFC,MIDATL,AE,AECO,801.939,True
3/12/2025 10:00:00 PM,3/12/2025 6:00:00 PM,RFC,MIDATL,AE,AECO,932.616,True
3/12/2025 11:00:00 PM,3/12/2025 7:00:00 PM,RFC,MIDATL,AE,AECO,1036.145,True
3/13/2025 12:00:00 AM,3/12/2025 8:00:00 PM,RFC,MIDATL,AE,AECO,1041.513,True
3/13/2025 1:00:00 AM,3/12/2025 9:00:00 PM,RFC,MIDATL,AE,AECO,1007.969,True
3/13/2025 2:00:00 AM,3/12/2025 10:00:00 PM,RFC,MIDATL,AE,AECO,951.616,True
3/13/2025 3:00:00 AM,3/12/2025 11:00:00 PM,RFC,MIDATL,AE,AECO,895.683,True
3/13/2025 4:00:00 AM,3/13/2025 12:00:00 AM,RFC,MIDATL,AE,AECO,852.712,True
3/13/2025 5:00:00 AM,3/13/2025 1:00:00 AM,RFC,MIDATL,AE,AECO,826.867,True
3/13/2025 6:00:00 AM,3/13/2025 2:00:00 AM,RFC,MIDATL,AE,AECO,817.574,True
3/13/2025 7:00:00 AM,3/13/2025 3:00:00 AM,RFC,MIDATL,AE,AECO,818.003,True
3/13/2025 8:00:00 AM,3/13/2025 4:00:00 AM,RFC,MIDATL,AE,AECO,834.842,True
3/13/2025 9:00:00 AM,3/13/2025 5:00:00 AM,RFC,MIDATL,AE,AECO,889.349,True
3/13/2025 10:00:00 AM,3/13/2025 6:00:00 AM,RFC,MIDATL,AE,AECO,967.356,True
3/13/2025 11:00:00 AM,3/13/2025 7:00:00 AM,RFC,MIDATL,AE,AECO,1016.716,True
3/13/2025 12:00:00 PM,3/13/2025 8:00:00 AM,RFC,MIDATL,AE,AECO,1006.811,True
3/13/2025 1:00:00 PM,3/13/2025 9:00:00 AM,RFC,MIDATL,AE,AECO,957.723,True
3/13/2025 2:00:00 PM,3/13/2025 10:00:00 AM,RFC,MIDATL,AE,AECO,932.819,True
3/13/2025 3:00:00 PM,3/13/2025 11:00:00 AM,RFC,MIDATL,AE,AECO,864.760,True
3/13/2025 4:00:00 PM,3/13/2025 12:00:00 PM,RFC,MIDATL,AE,AECO,779.550,True
3/13/2025 5:00:00 PM,3/13/2025 1:00:00 PM,RFC,MIDATL,AE,AECO,727.367,True
3/13/2025 6:00:00 PM,3/13/2025 2:00:00 PM,RFC,MIDATL,AE,AECO,680.932,True
3/13/2025 7:00:00 PM,3/13/2025 3:00:00 PM,RFC,MIDATL,AE,AECO,745.529,True
3/13/2025 8:00:00 PM,3/13/2025 4:00:00 PM,RFC,MIDATL,AE,AECO,820.219,True
3/13/2025 9:00:00 PM,3/13/2025 5:00:00 PM,RFC,MIDATL,AE,AECO,930.174,True
3/13/2025 10:00:00 PM,3/13/2025 6:00:00 PM,RFC,MIDATL,AE,AECO,1017.510,True
3/13/2025 11:00:00 PM,3/13/2025 7:00:00 PM,RFC,MIDATL,AE,AECO,1084.339,True
3/14/2025 12:00:00 AM,3/13/2025 8:00:00 PM,RFC,MIDATL,AE,AECO,1079.669,True
3/14/2025 1:00:00 AM,3/13/2025 9:00:00 PM,RFC,MIDATL,AE,AECO,1025.311,True
3/14/2025 2:00:00 AM,3/13/2025 10:00:00 PM,RFC,MIDATL,AE,AECO,975.203,True
3/14/2025 3:00:00 AM,3/13/2025 11:00:00 PM,RFC,MIDATL,AE,AECO,913.065,True
3/14/2025 4:00:00 AM,3/14/2025 12:00:00 AM,RFC,MIDATL,AE,AECO,872.089,True
3/14/2025 5:00:00 AM,3/14/2025 1:00:00 AM,RFC,MIDATL,AE,AECO,839.511,True
3/14/2025 6:00:00 AM,3/14/2025 2:00:00 AM,RFC,MIDATL,AE,AECO,823.221,True
3/14/2025 7:00:00 AM,3/14/2025 3:00:00 AM,RFC,MIDATL,AE,AECO,812.526,True
3/14/2025 8:00:00 AM,3/14/2025 4:00:00 AM,RFC,MIDATL,AE,AECO,826.642,True
3/14/2025 9:00:00 AM,3/14/2025 5:00:00 AM,RFC,MIDATL,AE,AECO,875.832,True
3/14/2025 10:00:00 AM,3/14/2025 6:00:00 AM,RFC,MIDATL,AE,AECO,947.201,True
3/14/2025 11:00:00 AM,3/14/2025 7:00:00 AM,RFC,MIDATL,AE,AECO,998.289,True
3/14/2025 12:00:00 PM,3/14/2025 8:00:00 AM,RFC,MIDATL,AE,AECO,991.672,True
3/14/2025 1:00:00 PM,3/14/2025 9:00:00 AM,RFC,MIDATL,AE,AECO,970.299,True
3/14/2025 2:00:00 PM,3/14/2025 10:00:00 AM,RFC,MIDATL,AE,AECO,906.735,True
3/14/2025 3:00:00 PM,3/14/2025 11:00:00 AM,RFC,MIDATL,AE,AECO,742.974,True
3/14/2025 4:00:00 PM,3/14/2025 12:00:00 PM,RFC,MIDATL,AE,AECO,586.601,True
3/14/2025 5:00:00 PM,3/14/2025 1:00:00 PM,RFC,MIDATL,AE,AECO,520.950,True
3/14/2025 6:00:00 PM,3/14/2025 2:00:00 PM,RFC,MIDATL,AE,AECO,544.671,True
3/14/2025 7:00:00 PM,3/14/2025 3:00:00 PM,RFC,MIDATL,AE,AECO,630.653,True
3/14/2025 8:00:00 PM,3/14/2025 4:00:00 PM,RFC,MIDATL,AE,AECO,727.641,True
3/14/2025 9:00:00 PM,3/14/2025 5:00:00 PM,RFC,MIDATL,AE,AECO,836.643,True
3/14/2025 10:00:00 PM,3/14/2025 6:00:00 PM,RFC,MIDATL,AE,AECO,943.426,True
3/14/2025 11:00:00 PM,3/14/2025 7:00:00 PM,RFC,MIDATL,AE,AECO,1007.503,True
3/15/2025 12:00:00 AM,3/14/2025 8:00:00 PM,RFC,MIDATL,AE,AECO,1018.994,True
3/15/2025 1:00:00 AM,3/14/2025 9:00:00 PM,RFC,MIDATL,AE,AECO,997.016,True
3/15/2025 2:00:00 AM,3/14/2025 10:00:00 PM,RFC,MIDATL,AE,AECO,949.202,True
3/15/2025 3:00:00 AM,3/14/2025 11:00:00 PM,RFC,MIDATL,AE,AECO,892.147,True
3/15/2025 4:00:00 AM,3/15/2025 12:00:00 AM,RFC,MIDATL,AE,AECO,852.175,True
3/15/2025 5:00:00 AM,3/15/2025 1:00:00 AM,RFC,MIDATL,AE,AECO,835.516,True
3/15/2025 6:00:00 AM,3/15/2025 2:00:00 AM,RFC,MIDATL,AE,AECO,813.073,True
3/15/2025 7:00:00 AM,3/15/2025 3:00:00 AM,RFC,MIDATL,AE,AECO,795.620,True
3/15/2025 8:00:00 AM,3/15/2025 4:00:00 AM,RFC,MIDATL,AE,AECO,792.735,True
3/15/2025 9:00:00 AM,3/15/2025 5:00:00 AM,RFC,MIDATL,AE,AECO,826.305,True
3/15/2025 10:00:00 AM,3/15/2025 6:00:00 AM,RFC,MIDATL,AE,AECO,862.214,True
3/15/2025 11:00:00 AM,3/15/2025 7:00:00 AM,RFC,MIDATL,AE,AECO,892.974,True
3/15/2025 12:00:00 PM,3/15/2025 8:00:00 AM,RFC,MIDATL,AE,AECO,918.657,True
3/15/2025 1:00:00 PM,3/15/2025 9:00:00 AM,RFC,MIDATL,AE,AECO,927.974,True
3/15/2025 2:00:00 PM,3/15/2025 10:00:00 AM,RFC,MIDATL,AE,AECO,925.545,True
3/15/2025 3:00:00 PM,3/15/2025 11:00:00 AM,RFC,MIDATL,AE,AECO,905.752,True
3/15/2025 4:00:00 PM,3/15/2025 12:00:00 PM,RFC,MIDATL,AE,AECO,902.235,True
3/15/2025 5:00:00 PM,3/15/2025 1:00:00 PM,RFC,MIDATL,AE,AECO,867.196,True
3/15/2025 6:00:00 PM,3/15/2025 2:00:00 PM,RFC,MIDATL,AE,AECO,858.355,True
3/15/2025 7:00:00 PM,3/15/2025 3:00:00 PM,RFC,MIDATL,AE,AECO,849.626,True
3/15/2025 8:00:00 PM,3/15/2025 4:00:00 PM,RFC,MIDATL,AE,AECO,872.245,True
3/15/2025 9:00:00 PM,3/15/2025 5:00:00 PM,RFC,MIDATL,AE,AECO,911.790,True
3/15/2025 10:00:00 PM,3/15/2025 6:00:00 PM,RFC,MIDATL,AE,AECO,950.203,True
3/15/2025 11:00:00 PM,3/15/2025 7:00:00 PM,RFC,MIDATL,AE,AECO,1001.016,True
3/16/2025 12:00:00 AM,3/15/2025 8:00:00 PM,RFC,MIDATL,AE,AECO,999.310,True
3/16/2025 1:00:00 AM,3/15/2025 9:00:00 PM,RFC,MIDATL,AE,AECO,967.717,True
3/16/2025 2:00:00 AM,3/15/2025 10:00:00 PM,RFC,MIDATL,AE,AECO,927.868,True
3/16/2025 3:00:00 AM,3/15/2025 11:00:00 PM,RFC,MIDATL,AE,AECO,872.676,True
3/16/2025 4:00:00 AM,3/16/2025 12:00:00 AM,RFC,MIDATL,AE,AECO,832.169,True
3/16/2025 5:00:00 AM,3/16/2025 1:00:00 AM,RFC,MIDATL,AE,AECO,803.781,True
3/16/2025 6:00:00 AM,3/16/2025 2:00:00 AM,RFC,MIDATL,AE,AECO,781.664,True
3/16/2025 7:00:00 AM,3/16/2025 3:00:00 AM,RFC,MIDATL,AE,AECO,764.957,True
3/16/2025 8:00:00 AM,3/16/2025 4:00:00 AM,RFC,MIDATL,AE,AECO,764.876,True
3/16/2025 9:00:00 AM,3/16/2025 5:00:00 AM,RFC,MIDATL,AE,AECO,781.787,True
3/16/2025 10:00:00 AM,3/16/2025 6:00:00 AM,RFC,MIDATL,AE,AECO,795.594,True
3/16/2025 11:00:00 AM,3/16/2025 7:00:00 AM,RFC,MIDATL,AE,AECO,810.298,True
3/16/2025 12:00:00 PM,3/16/2025 8:00:00 AM,RFC,MIDATL,AE,AECO,804.264,True
3/16/2025 1:00:00 PM,3/16/2025 9:00:00 AM,RFC,MIDATL,AE,AECO,807.406,True
3/16/2025 2:00:00 PM,3/16/2025 10:00:00 AM,RFC,MIDATL,AE,AECO,821.901,True
3/16/2025 3:00:00 PM,3/16/2025 11:00:00 AM,RFC,MIDATL,AE,AECO,799.813,True
3/16/2025 4:00:00 PM,3/16/2025 12:00:00 PM,RFC,MIDATL,AE,AECO,772.432,True
3/16/2025 5:00:00 PM,3/16/2025 1:00:00 PM,RFC,MIDATL,AE,AECO,723.371,True
3/16/2025 6:00:00 PM,3/16/2025 2:00:00 PM,RFC,MIDATL,AE,AECO,772.308,True
3/16/2025 7:00:00 PM,3/16/2025 3:00:00 PM,RFC,MIDATL,AE,AECO,805.036,True
3/16/2025 8:00:00 PM,3/16/2025 4:00:00 PM,RFC,MIDATL,AE,AECO,863.864,True
3/16/2025 9:00:00 PM,3/16/2025 5:00:00 PM,RFC,MIDATL,AE,AECO,924.868,True
3/16/2025 10:00:00 PM,3/16/2025 6:00:00 PM,RFC,MIDATL,AE,AECO,945.992,True
3/16/2025 11:00:00 PM,3/16/2025 7:00:00 PM,RFC,MIDATL,AE,AECO,983.682,True
3/17/2025 12:00:00 AM,3/16/2025 8:00:00 PM,RFC,MIDATL,AE,AECO,979.260,True
3/17/2025 1:00:00 AM,3/16/2025 9:00:00 PM,RFC,MIDATL,AE,AECO,935.738,True
3/17/2025 2:00:00 AM,3/16/2025 10:00:00 PM,RFC,MIDATL,AE,AECO,872.578,True
3/17/2025 3:00:00 AM,3/16/2025 11:00:00 PM,RFC,MIDATL,AE,AECO,825.745,True
3/17/2025 4:00:00 AM,3/17/2025 12:00:00 AM,RFC,MIDATL,AE,AECO,782.351,True
3/17/2025 5:00:00 AM,3/17/2025 1:00:00 AM,RFC,MIDATL,AE,AECO,769.899,True
3/17/2025 6:00:00 AM,3/17/2025 2:00:00 AM,RFC,MIDATL,AE,AECO,740.047,True
3/17/2025 7:00:00 AM,3/17/2025 3:00:00 AM,RFC,MIDATL,AE,AECO,736.653,True
3/17/2025 8:00:00 AM,3/17/2025 4:00:00 AM,RFC,MIDATL,AE,AECO,744.862,True
3/17/2025 9:00:00 AM,3/17/2025 5:00:00 AM,RFC,MIDATL,AE,AECO,794.836,True
3/17/2025 10:00:00 AM,3/17/2025 6:00:00 AM,RFC,MIDATL,AE,AECO,859.181,True
3/17/2025 11:00:00 AM,3/17/2025 7:00:00 AM,RFC,MIDATL,AE,AECO,906.750,True
3/17/2025 12:00:00 PM,3/17/2025 8:00:00 AM,RFC,MIDATL,AE,AECO,924.251,True
3/17/2025 1:00:00 PM,3/17/2025 9:00:00 AM,RFC,MIDATL,AE,AECO,909.826,True
3/17/2025 2:00:00 PM,3/17/2025 10:00:00 AM,RFC,MIDATL,AE,AECO,835.795,True
3/17/2025 3:00:00 PM,3/17/2025 11:00:00 AM,RFC,MIDATL,AE,AECO,674.974,True
3/17/2025 4:00:00 PM,3/17/2025 12:00:00 PM,RFC,MIDATL,AE,AECO,576.160,True
3/17/2025 5:00:00 PM,3/17/2025 1:00:00 PM,RFC,MIDATL,AE,AECO,577.459,True
3/17/2025 6:00:00 PM,3/17/2025 2:00:00 PM,RFC,MIDATL,AE,AECO,653.611,True
3/17/2025 7:00:00 PM,3/17/2025 3:00:00 PM,RFC,MIDATL,AE,AECO,750.388,True
3/17/2025 8:00:00 PM,3/17/2025 4:00:00 PM,RFC,MIDATL,AE,AECO,826.166,True
3/17/2025 9:00:00 PM,3/17/2025 5:00:00 PM,RFC,MIDATL,AE,AECO,872.802,True
3/17/2025 10:00:00 PM,3/17/2025 6:00:00 PM,RFC,MIDATL,AE,AECO,936.029,True
3/17/2025 11:00:00 PM,3/17/2025 7:00:00 PM,RFC,MIDATL,AE,AECO,1015.910,True
3/18/2025 12:00:00 AM,3/17/2025 8:00:00 PM,RFC,MIDATL,AE,AECO,1023.811,True
3/18/2025 1:00:00 AM,3/17/2025 9:00:00 PM,RFC,MIDATL,AE,AECO,995.718,True
3/18/2025 2:00:00 AM,3/17/2025 10:00:00 PM,RFC,MIDATL,AE,AECO,940.589,True
3/18/2025 3:00:00 AM,3/17/2025 11:00:00 PM,RFC,MIDATL,AE,AECO,886.258,True
3/18/2025 4:00:00 AM,3/18/2025 12:00:00 AM,RFC,MIDATL,AE,AECO,868.172,True
3/18/2025 5:00:00 AM,3/18/2025 1:00:00 AM,RFC,MIDATL,AE,AECO,848.782,True
3/18/2025 6:00:00 AM,3/18/2025 2:00:00 AM,RFC,MIDATL,AE,AECO,843.108,True
3/18/2025 7:00:00 AM,3/18/2025 3:00:00 AM,RFC,MIDATL,AE,AECO,849.570,True
3/18/2025 8:00:00 AM,3/18/2025 4:00:00 AM,RFC,MIDATL,AE,AECO,876.113,True
3/18/2025 9:00:00 AM,3/18/2025 5:00:00 AM,RFC,MIDATL,AE,AECO,935.726,True
3/18/2025 10:00:00 AM,3/18/2025 6:00:00 AM,RFC,MIDATL,AE,AECO,1027.992,True
3/18/2025 11:00:00 AM,3/18/2025 7:00:00 AM,RFC,MIDATL,AE,AECO,1053.419,True
3/18/2025 12:00:00 PM,3/18/2025 8:00:00 AM,RFC,MIDATL,AE,AECO,941.473,True
3/18/2025 1:00:00 PM,3/18/2025 9:00:00 AM,RFC,MIDATL,AE,AECO,794.440,True
3/18/2025 2:00:00 PM,3/18/2025 10:00:00 AM,RFC,MIDATL,AE,AECO,658.718,True
3/18/2025 3:00:00 PM,3/18/2025 11:00:00 AM,RFC,MIDATL,AE,AECO,565.825,True
3/18/2025 4:00:00 PM,3/18/2025 12:00:00 PM,RFC,MIDATL,AE,AECO,511.663,True
3/18/2025 5:00:00 PM,3/18/2025 1:00:00 PM,RFC,MIDATL,AE,AECO,490.487,True
3/18/2025 6:00:00 PM,3/18/2025 2:00:00 PM,RFC,MIDATL,AE,AECO,509.528,True
3/18/2025 7:00:00 PM,3/18/2025 3:00:00 PM,RFC,MIDATL,AE,AECO,571.958,True
3/18/2025 8:00:00 PM,3/18/2025 4:00:00 PM,RFC,MIDATL,AE,AECO,661.073,True
3/18/2025 9:00:00 PM,3/18/2025 5:00:00 PM,RFC,MIDATL,AE,AECO,792.922,True
3/18/2025 10:00:00 PM,3/18/2025 6:00:00 PM,RFC,MIDATL,AE,AECO,913.273,True
3/18/2025 11:00:00 PM,3/18/2025 7:00:00 PM,RFC,MIDATL,AE,AECO,1013.509,True
3/19/2025 12:00:00 AM,3/18/2025 8:00:00 PM,RFC,MIDATL,AE,AECO,1023.171,True
3/19/2025 1:00:00 AM,3/18/2025 9:00:00 PM,RFC,MIDATL,AE,AECO,990.410,True
3/19/2025 2:00:00 AM,3/18/2025 10:00:00 PM,RFC,MIDATL,AE,AECO,925.689,True
3/19/2025 3:00:00 AM,3/18/2025 11:00:00 PM,RFC,MIDATL,AE,AECO,875.367,True
3/19/2025 4:00:00 AM,3/19/2025 12:00:00 AM,RFC,MIDATL,AE,AECO,835.435,True
3/19/2025 5:00:00 AM,3/19/2025 1:00:00 AM,RFC,MIDATL,AE,AECO,825.998,True
3/19/2025 6:00:00 AM,3/19/2025 2:00:00 AM,RFC,MIDATL,AE,AECO,815.847,True
3/19/2025 7:00:00 AM,3/19/2025 3:00:00 AM,RFC,MIDATL,AE,AECO,820.392,True
3/19/2025 8:00:00 AM,3/19/2025 4:00:00 AM,RFC,MIDATL,AE,AECO,839.109,True
3/19/2025 9:00:00 AM,3/19/2025 5:00:00 AM,RFC,MIDATL,AE,AECO,908.493,True
3/19/2025 10:00:00 AM,3/19/2025 6:00:00 AM,RFC,MIDATL,AE,AECO,991.862,True
3/19/2025 11:00:00 AM,3/19/2025 7:00:00 AM,RFC,MIDATL,AE,AECO,1001.060,True
3/19/2025 12:00:00 PM,3/19/2025 8:00:00 AM,RFC,MIDATL,AE,AECO,906.812,True
3/19/2025 1:00:00 PM,3/19/2025 9:00:00 AM,RFC,MIDATL,AE,AECO,743.605,True
3/19/2025 2:00:00 PM,3/19/2025 10:00:00 AM,RFC,MIDATL,AE,AECO,630.956,True
3/19/2025 3:00:00 PM,3/19/2025 11:00:00 AM,RFC,MIDATL,AE,AECO,540.111,True
3/19/2025 4:00:00 PM,3/19/2025 12:00:00 PM,RFC,MIDATL,AE,AECO,489.159,True
3/19/2025 5:00:00 PM,3/19/2025 1:00:00 PM,RFC,MIDATL,AE,AECO,473.750,True
3/19/2025 6:00:00 PM,3/19/2025 2:00:00 PM,RFC,MIDATL,AE,AECO,493.347,True
3/19/2025 7:00:00 PM,3/19/2025 3:00:00 PM,RFC,MIDATL,AE,AECO,572.819,True
3/19/2025 8:00:00 PM,3/19/2025 4:00:00 PM,RFC,MIDATL,AE,AECO,687.982,True
3/19/2025 9:00:00 PM,3/19/2025 5:00:00 PM,RFC,MIDATL,AE,AECO,803.673,True
3/19/2025 10:00:00 PM,3/19/2025 6:00:00 PM,RFC,MIDATL,AE,AECO,921.616,True
3/19/2025 11:00:00 PM,3/19/2025 7:00:00 PM,RFC,MIDATL,AE,AECO,1004.589,True
3/20/2025 12:00:00 AM,3/19/2025 8:00:00 PM,RFC,MIDATL,AE,AECO,1016.169,True
3/20/2025 1:00:00 AM,3/19/2025 9:00:00 PM,RFC,MIDATL,AE,AECO,955.952,True
3/20/2025 2:00:00 AM,3/19/2025 10:00:00 PM,RFC,MIDATL,AE,AECO,889.980,True
3/20/2025 3:00:00 AM,3/19/2025 11:00:00 PM,RFC,MIDATL,AE,AECO,857.619,True
3/20/2025 4:00:00 AM,3/20/2025 12:00:00 AM,RFC,MIDATL,AE,AECO,807.940,True
3/20/2025 5:00:00 AM,3/20/2025 1:00:00 AM,RFC,MIDATL,AE,AECO,788.720,True
3/20/2025 6:00:00 AM,3/20/2025 2:00:00 AM,RFC,MIDATL,AE,AECO,776.915,True
3/20/2025 7:00:00 AM,3/20/2025 3:00:00 AM,RFC,MIDATL,AE,AECO,776.498,True
3/20/2025 8:00:00 AM,3/20/2025 4:00:00 AM,RFC,MIDATL,AE,AECO,793.074,True
3/20/2025 9:00:00 AM,3/20/2025 5:00:00 AM,RFC,MIDATL,AE,AECO,838.505,True
3/20/2025 10:00:00 AM,3/20/2025 6:00:00 AM,RFC,MIDATL,AE,AECO,921.320,True
3/20/2025 11:00:00 AM,3/20/2025 7:00:00 AM,RFC,MIDATL,AE,AECO,954.469,True
3/20/2025 12:00:00 PM,3/20/2025 8:00:00 AM,RFC,MIDATL,AE,AECO,917.524,True
3/20/2025 1:00:00 PM,3/20/2025 9:00:00 AM,RFC,MIDATL,AE,AECO,808.879,True
3/20/2025 2:00:00 PM,3/20/2025 10:00:00 AM,RFC,MIDATL,AE,AECO,743.578,True
3/20/2025 3:00:00 PM,3/20/2025 11:00:00 AM,RFC,MIDATL,AE,AECO,680.591,True
3/20/2025 4:00:00 PM,3/20/2025 12:00:00 PM,RFC,MIDATL,AE,AECO,671.816,True
3/20/2025 5:00:00 PM,3/20/2025 1:00:00 PM,RFC,MIDATL,AE,AECO,683.147,True
3/20/2025 6:00:00 PM,3/20/2025 2:00:00 PM,RFC,MIDATL,AE,AECO,668.712,True
3/20/2025 7:00:00 PM,3/20/2025 3:00:00 PM,RFC,MIDATL,AE,AECO,671.076,True
3/20/2025 8:00:00 PM,3/20/2025 4:00:00 PM,RFC,MIDATL,AE,AECO,742.656,True
3/20/2025 9:00:00 PM,3/20/2025 5:00:00 PM,RFC,MIDATL,AE,AECO,845.590,True
3/20/2025 10:00:00 PM,3/20/2025 6:00:00 PM,RFC,MIDATL,AE,AECO,950.269,True
3/20/2025 11:00:00 PM,3/20/2025 7:00:00 PM,RFC,MIDATL,AE,AECO,1018.058,True
3/21/2025 12:00:00 AM,3/20/2025 8:00:00 PM,RFC,MIDATL,AE,AECO,1008.511,True
3/21/2025 1:00:00 AM,3/20/2025 9:00:00 PM,RFC,MIDATL,AE,AECO,966.126,True
3/21/2025 2:00:00 AM,3/20/2025 10:00:00 PM,RFC,MIDATL,AE,AECO,902.569,True
3/21/2025 3:00:00 AM,3/20/2025 11:00:00 PM,RFC,MIDATL,AE,AECO,841.775,True
3/21/2025 4:00:00 AM,3/21/2025 12:00:00 AM,RFC,MIDATL,AE,AECO,801.494,True
3/21/2025 5:00:00 AM,3/21/2025 1:00:00 AM,RFC,MIDATL,AE,AECO,777.057,True
3/21/2025 6:00:00 AM,3/21/2025 2:00:00 AM,RFC,MIDATL,AE,AECO,764.826,True
3/21/2025 7:00:00 AM,3/21/2025 3:00:00 AM,RFC,MIDATL,AE,AECO,764.372,True
3/21/2025 8:00:00 AM,3/21/2025 4:00:00 AM,RFC,MIDATL,AE,AECO,785.916,True
3/21/2025 9:00:00 AM,3/21/2025 5:00:00 AM,RFC,MIDATL,AE,AECO,840.272,True
3/21/2025 10:00:00 AM,3/21/2025 6:00:00 AM,RFC,MIDATL,AE,AECO,927.909,True
3/21/2025 11:00:00 AM,3/21/2025 7:00:00 AM,RFC,MIDATL,AE,AECO,970.233,True
3/21/2025 12:00:00 PM,3/21/2025 8:00:00 AM,RFC,MIDATL,AE,AECO,884.355,True
3/21/2025 1:00:00 PM,3/21/2025 9:00:00 AM,RFC,MIDATL,AE,AECO,766.118,True
3/21/2025 2:00:00 PM,3/21/2025 10:00:00 AM,RFC,MIDATL,AE,AECO,635.912,True
3/21/2025 3:00:00 PM,3/21/2025 11:00:00 AM,RFC,MIDATL,AE,AECO,555.258,True
3/21/2025 4:00:00 PM,3/21/2025 12:00:00 PM,RFC,MIDATL,AE,AECO,514.872,True
3/21/2025 5:00:00 PM,3/21/2025 1:00:00 PM,RFC,MIDATL,AE,AECO,492.456,True
3/21/2025 6:00:00 PM,3/21/2025 2:00:00 PM,RFC,MIDATL,AE,AECO,500.576,True
3/21/2025 7:00:00 PM,3/21/2025 3:00:00 PM,RFC,MIDATL,AE,AECO,544.925,True
3/21/2025 8:00:00 PM,3/21/2025 4:00:00 PM,RFC,MIDATL,AE,AECO,639.706,True
3/21/2025 9:00:00 PM,3/21/2025 5:00:00 PM,RFC,MIDATL,AE,AECO,777.245,True
3/21/2025 10:00:00 PM,3/21/2025 6:00:00 PM,RFC,MIDATL,AE,AECO,909.193,True
3/21/2025 11:00:00 PM,3/21/2025 7:00:00 PM,RFC,MIDATL,AE,AECO,1001.601,True
3/22/2025 12:00:00 AM,3/21/2025 8:00:00 PM,RFC,MIDATL,AE,AECO,1017.312,True
3/22/2025 1:00:00 AM,3/21/2025 9:00:00 PM,RFC,MIDATL,AE,AECO,991.509,True
3/22/2025 2:00:00 AM,3/21/2025 10:00:00 PM,RFC,MIDATL,AE,AECO,951.451,True
3/22/2025 3:00:00 AM,3/21/2025 11:00:00 PM,RFC,MIDATL,AE,AECO,904.465,True
3/22/2025 4:00:00 AM,3/22/2025 12:00:00 AM,RFC,MIDATL,AE,AECO,867.437,True
3/22/2025 5:00:00 AM,3/22/2025 1:00:00 AM,RFC,MIDATL,AE,AECO,838.991,True
3/22/2025 6:00:00 AM,3/22/2025 2:00:00 AM,RFC,MIDATL,AE,AECO,823.708,True
3/22/2025 7:00:00 AM,3/22/2025 3:00:00 AM,RFC,MIDATL,AE,AECO,812.967,True
3/22/2025 8:00:00 AM,3/22/2025 4:00:00 AM,RFC,MIDATL,AE,AECO,815.982,True
3/22/2025 9:00:00 AM,3/22/2025 5:00:00 AM,RFC,MIDATL,AE,AECO,838.169,True
3/22/2025 10:00:00 AM,3/22/2025 6:00:00 AM,RFC,MIDATL,AE,AECO,889.638,True
3/22/2025 11:00:00 AM,3/22/2025 7:00:00 AM,RFC,MIDATL,AE,AECO,882.757,True
3/22/2025 12:00:00 PM,3/22/2025 8:00:00 AM,RFC,MIDATL,AE,AECO,817.656,True
3/22/2025 1:00:00 PM,3/22/2025 9:00:00 AM,RFC,MIDATL,AE,AECO,699.131,True
3/22/2025 2:00:00 PM,3/22/2025 10:00:00 AM,RFC,MIDATL,AE,AECO,627.433,True
3/22/2025 3:00:00 PM,3/22/2025 11:00:00 AM,RFC,MIDATL,AE,AECO,585.024,True
3/22/2025 4:00:00 PM,3/22/2025 12:00:00 PM,RFC,MIDATL,AE,AECO,490.070,True
3/22/2025 5:00:00 PM,3/22/2025 1:00:00 PM,RFC,MIDATL,AE,AECO,521.559,True
3/22/2025 6:00:00 PM,3/22/2025 2:00:00 PM,RFC,MIDATL,AE,AECO,523.516,True
3/22/2025 7:00:00 PM,3/22/2025 3:00:00 PM,RFC,MIDATL,AE,AECO,568.495,True
3/22/2025 8:00:00 PM,3/22/2025 4:00:00 PM,RFC,MIDATL,AE,AECO,702.846,True
3/22/2025 9:00:00 PM,3/22/2025 5:00:00 PM,RFC,MIDATL,AE,AECO,789.423,True
3/22/2025 10:00:00 PM,3/22/2025 6:00:00 PM,RFC,MIDATL,AE,AECO,858.250,True
3/22/2025 11:00:00 PM,3/22/2025 7:00:00 PM,RFC,MIDATL,AE,AECO,927.830,True
3/23/2025 12:00:00 AM,3/22/2025 8:00:00 PM,RFC,MIDATL,AE,AECO,943.649,True
3/23/2025 1:00:00 AM,3/22/2025 9:00:00 PM,RFC,MIDATL,AE,AECO,927.806,True
3/23/2025 2:00:00 AM,3/22/2025 10:00:00 PM,RFC,MIDATL,AE,AECO,893.998,True
3/23/2025 3:00:00 AM,3/22/2025 11:00:00 PM,RFC,MIDATL,AE,AECO,843.843,True
3/23/2025 4:00:00 AM,3/23/2025 12:00:00 AM,RFC,MIDATL,AE,AECO,817.594,True
3/23/2025 5:00:00 AM,3/23/2025 1:00:00 AM,RFC,MIDATL,AE,AECO,798.714,True
3/23/2025 6:00:00 AM,3/23/2025 2:00:00 AM,RFC,MIDATL,AE,AECO,786.073,True
3/23/2025 7:00:00 AM,3/23/2025 3:00:00 AM,RFC,MIDATL,AE,AECO,792.249,True
3/23/2025 8:00:00 AM,3/23/2025 4:00:00 AM,RFC,MIDATL,AE,AECO,801.166,True
3/23/2025 9:00:00 AM,3/23/2025 5:00:00 AM,RFC,MIDATL,AE,AECO,839.960,True
3/23/2025 10:00:00 AM,3/23/2025 6:00:00 AM,RFC,MIDATL,AE,AECO,863.024,True
3/23/2025 11:00:00 AM,3/23/2025 7:00:00 AM,RFC,MIDATL,AE,AECO,873.894,True
3/23/2025 12:00:00 PM,3/23/2025 8:00:00 AM,RFC,MIDATL,AE,AECO,812.615,True
3/23/2025 1:00:00 PM,3/23/2025 9:00:00 AM,RFC,MIDATL,AE,AECO,685.979,True
3/23/2025 2:00:00 PM,3/23/2025 10:00:00 AM,RFC,MIDATL,AE,AECO,584.246,True
3/23/2025 3:00:00 PM,3/23/2025 11:00:00 AM,RFC,MIDATL,AE,AECO,529.296,True
3/23/2025 4:00:00 PM,3/23/2025 12:00:00 PM,RFC,MIDATL,AE,AECO,488.808,True
3/23/2025 5:00:00 PM,3/23/2025 1:00:00 PM,RFC,MIDATL,AE,AECO,465.110,True
3/23/2025 6:00:00 PM,3/23/2025 2:00:00 PM,RFC,MIDATL,AE,AECO,460.990,True
3/23/2025 7:00:00 PM,3/23/2025 3:00:00 PM,RFC,MIDATL,AE,AECO,518.349,True
3/23/2025 8:00:00 PM,3/23/2025 4:00:00 PM,RFC,MIDATL,AE,AECO,652.579,True
3/23/2025 9:00:00 PM,3/23/2025 5:00:00 PM,RFC,MIDATL,AE,AECO,775.820,True
3/23/2025 10:00:00 PM,3/23/2025 6:00:00 PM,RFC,MIDATL,AE,AECO,906.362,True
3/23/2025 11:00:00 PM,3/23/2025 7:00:00 PM,RFC,MIDATL,AE,AECO,1005.243,True
3/24/2025 12:00:00 AM,3/23/2025 8:00:00 PM,RFC,MIDATL,AE,AECO,1010.658,True
3/24/2025 1:00:00 AM,3/23/2025 9:00:00 PM,RFC,MIDATL,AE,AECO,975.524,True
3/24/2025 2:00:00 AM,3/23/2025 10:00:00 PM,RFC,MIDATL,AE,AECO,915.197,True
3/24/2025 3:00:00 AM,3/23/2025 11:00:00 PM,RFC,MIDATL,AE,AECO,874.241,True
3/24/2025 4:00:00 AM,3/24/2025 12:00:00 AM,RFC,MIDATL,AE,AECO,826.571,True
3/24/2025 5:00:00 AM,3/24/2025 1:00:00 AM,RFC,MIDATL,AE,AECO,809.419,True
3/24/2025 6:00:00 AM,3/24/2025 2:00:00 AM,RFC,MIDATL,AE,AECO,796.513,True
3/24/2025 7:00:00 AM,3/24/2025 3:00:00 AM,RFC,MIDATL,AE,AECO,796.535,True
3/24/2025 8:00:00 AM,3/24/2025 4:00:00 AM,RFC,MIDATL,AE,AECO,812.619,True
3/24/2025 9:00:00 AM,3/24/2025 5:00:00 AM,RFC,MIDATL,AE,AECO,872.677,True
3/24/2025 10:00:00 AM,3/24/2025 6:00:00 AM,RFC,MIDATL,AE,AECO,948.917,True
3/24/2025 11:00:00 AM,3/24/2025 7:00:00 AM,RFC,MIDATL,AE,AECO,998.974,True
3/24/2025 12:00:00 PM,3/24/2025 8:00:00 AM,RFC,MIDATL,AE,AECO,1000.343,True
3/24/2025 1:00:00 PM,3/24/2025 9:00:00 AM,RFC,MIDATL,AE,AECO,988.112,True
3/24/2025 2:00:00 PM,3/24/2025 10:00:00 AM,RFC,MIDATL,AE,AECO,986.614,True
3/24/2025 3:00:00 PM,3/24/2025 11:00:00 AM,RFC,MIDATL,AE,AECO,988.488,True
3/24/2025 4:00:00 PM,3/24/2025 12:00:00 PM,RFC,MIDATL,AE,AECO,986.085,True
3/24/2025 5:00:00 PM,3/24/2025 1:00:00 PM,RFC,MIDATL,AE,AECO,995.125,True
3/24/2025 6:00:00 PM,3/24/2025 2:00:00 PM,RFC,MIDATL,AE,AECO,993.033,True
3/24/2025 7:00:00 PM,3/24/2025 3:00:00 PM,RFC,MIDATL,AE,AECO,986.183,True
3/24/2025 8:00:00 PM,3/24/2025 4:00:00 PM,RFC,MIDATL,AE,AECO,1000.997,True
3/24/2025 9:00:00 PM,3/24/2025 5:00:00 PM,RFC,MIDATL,AE,AECO,981.882,True
3/24/2025 10:00:00 PM,3/24/2025 6:00:00 PM,RFC,MIDATL,AE,AECO,977.022,True
3/24/2025 11:00:00 PM,3/24/2025 7:00:00 PM,RFC,MIDATL,AE,AECO,1033.185,True
3/25/2025 12:00:00 AM,3/24/2025 8:00:00 PM,RFC,MIDATL,AE,AECO,1050.629,True
3/25/2025 1:00:00 AM,3/24/2025 9:00:00 PM,RFC,MIDATL,AE,AECO,992.757,True
3/25/2025 2:00:00 AM,3/24/2025 10:00:00 PM,RFC,MIDATL,AE,AECO,915.892,True
3/25/2025 3:00:00 AM,3/24/2025 11:00:00 PM,RFC,MIDATL,AE,AECO,872.168,True
3/25/2025 4:00:00 AM,3/25/2025 12:00:00 AM,RFC,MIDATL,AE,AECO,831.133,True
3/25/2025 5:00:00 AM,3/25/2025 1:00:00 AM,RFC,MIDATL,AE,AECO,802.032,True
3/25/2025 6:00:00 AM,3/25/2025 2:00:00 AM,RFC,MIDATL,AE,AECO,790.493,True
3/25/2025 7:00:00 AM,3/25/2025 3:00:00 AM,RFC,MIDATL,AE,AECO,788.962,True
3/25/2025 8:00:00 AM,3/25/2025 4:00:00 AM,RFC,MIDATL,AE,AECO,799.670,True
3/25/2025 9:00:00 AM,3/25/2025 5:00:00 AM,RFC,MIDATL,AE,AECO,850.382,True
3/25/2025 10:00:00 AM,3/25/2025 6:00:00 AM,RFC,MIDATL,AE,AECO,945.951,True
3/25/2025 11:00:00 AM,3/25/2025 7:00:00 AM,RFC,MIDATL,AE,AECO,951.759,True
3/25/2025 12:00:00 PM,3/25/2025 8:00:00 AM,RFC,MIDATL,AE,AECO,847.032,True
3/25/2025 1:00:00 PM,3/25/2025 9:00:00 AM,RFC,MIDATL,AE,AECO,723.311,True
3/25/2025 2:00:00 PM,3/25/2025 10:00:00 AM,RFC,MIDATL,AE,AECO,582.468,True
3/25/2025 3:00:00 PM,3/25/2025 11:00:00 AM,RFC,MIDATL,AE,AECO,510.274,True
3/25/2025 4:00:00 PM,3/25/2025 12:00:00 PM,RFC,MIDATL,AE,AECO,466.670,True
3/25/2025 5:00:00 PM,3/25/2025 1:00:00 PM,RFC,MIDATL,AE,AECO,450.548,True
3/25/2025 6:00:00 PM,3/25/2025 2:00:00 PM,RFC,MIDATL,AE,AECO,473.059,True
3/25/2025 7:00:00 PM,3/25/2025 3:00:00 PM,RFC,MIDATL,AE,AECO,569.128,True
3/25/2025 8:00:00 PM,3/25/2025 4:00:00 PM,RFC,MIDATL,AE,AECO,641.380,True
3/25/2025 9:00:00 PM,3/25/2025 5:00:00 PM,RFC,MIDATL,AE,AECO,767.105,True
3/25/2025 10:00:00 PM,3/25/2025 6:00:00 PM,RFC,MIDATL,AE,AECO,900.073,True
3/25/2025 11:00:00 PM,3/25/2025 7:00:00 PM,RFC,MIDATL,AE,AECO,983.102,True
3/26/2025 12:00:00 AM,3/25/2025 8:00:00 PM,RFC,MIDATL,AE,AECO,1003.147,True
3/26/2025 1:00:00 AM,3/25/2025 9:00:00 PM,RFC,MIDATL,AE,AECO,965.811,True
3/26/2025 2:00:00 AM,3/25/2025 10:00:00 PM,RFC,MIDATL,AE,AECO,905.661,True
3/26/2025 3:00:00 AM,3/25/2025 11:00:00 PM,RFC,MIDATL,AE,AECO,838.871,True
3/26/2025 4:00:00 AM,3/26/2025 12:00:00 AM,RFC,MIDATL,AE,AECO,786.095,True
3/26/2025 5:00:00 AM,3/26/2025 1:00:00 AM,RFC,MIDATL,AE,AECO,774.320,True
3/26/2025 6:00:00 AM,3/26/2025 2:00:00 AM,RFC,MIDATL,AE,AECO,761.426,True
3/26/2025 7:00:00 AM,3/26/2025 3:00:00 AM,RFC,MIDATL,AE,AECO,770.481,True
3/26/2025 8:00:00 AM,3/26/2025 4:00:00 AM,RFC,MIDATL,AE,AECO,787.084,True
3/26/2025 9:00:00 AM,3/26/2025 5:00:00 AM,RFC,MIDATL,AE,AECO,842.538,True
3/26/2025 10:00:00 AM,3/26/2025 6:00:00 AM,RFC,MIDATL,AE,AECO,944.917,True
3/26/2025 11:00:00 AM,3/26/2025 7:00:00 AM,RFC,MIDATL,AE,AECO,963.201,True
3/26/2025 12:00:00 PM,3/26/2025 8:00:00 AM,RFC,MIDATL,AE,AECO,887.158,True
3/26/2025 1:00:00 PM,3/26/2025 9:00:00 AM,RFC,MIDATL,AE,AECO,759.977,True
3/26/2025 2:00:00 PM,3/26/2025 10:00:00 AM,RFC,MIDATL,AE,AECO,774.412,True
3/26/2025 3:00:00 PM,3/26/2025 11:00:00 AM,RFC,MIDATL,AE,AECO,769.922,True
3/26/2025 4:00:00 PM,3/26/2025 12:00:00 PM,RFC,MIDATL,AE,AECO,728.848,True
3/26/2025 5:00:00 PM,3/26/2025 1:00:00 PM,RFC,MIDATL,AE,AECO,707.103,True
3/26/2025 6:00:00 PM,3/26/2025 2:00:00 PM,RFC,MIDATL,AE,AECO,717.916,True
3/26/2025 7:00:00 PM,3/26/2025 3:00:00 PM,RFC,MIDATL,AE,AECO,730.113,True
3/26/2025 8:00:00 PM,3/26/2025 4:00:00 PM,RFC,MIDATL,AE,AECO,767.868,True
3/26/2025 9:00:00 PM,3/26/2025 5:00:00 PM,RFC,MIDATL,AE,AECO,838.244,True
3/26/2025 10:00:00 PM,3/26/2025 6:00:00 PM,RFC,MIDATL,AE,AECO,956.861,True
3/26/2025 11:00:00 PM,3/26/2025 7:00:00 PM,RFC,MIDATL,AE,AECO,1055.908,True
3/27/2025 12:00:00 AM,3/26/2025 8:00:00 PM,RFC,MIDATL,AE,AECO,1075.650,True
3/27/2025 1:00:00 AM,3/26/2025 9:00:00 PM,RFC,MIDATL,AE,AECO,1036.730,True
3/27/2025 2:00:00 AM,3/26/2025 10:00:00 PM,RFC,MIDATL,AE,AECO,970.427,True
3/27/2025 3:00:00 AM,3/26/2025 11:00:00 PM,RFC,MIDATL,AE,AECO,918.574,True
3/27/2025 4:00:00 AM,3/27/2025 12:00:00 AM,RFC,MIDATL,AE,AECO,881.431,True
3/27/2025 5:00:00 AM,3/27/2025 1:00:00 AM,RFC,MIDATL,AE,AECO,860.072,True
3/27/2025 6:00:00 AM,3/27/2025 2:00:00 AM,RFC,MIDATL,AE,AECO,853.451,True
3/27/2025 7:00:00 AM,3/27/2025 3:00:00 AM,RFC,MIDATL,AE,AECO,855.597,True
3/27/2025 8:00:00 AM,3/27/2025 4:00:00 AM,RFC,MIDATL,AE,AECO,876.037,True
3/27/2025 9:00:00 AM,3/27/2025 5:00:00 AM,RFC,MIDATL,AE,AECO,934.144,True
3/27/2025 10:00:00 AM,3/27/2025 6:00:00 AM,RFC,MIDATL,AE,AECO,1040.229,True
3/27/2025 11:00:00 AM,3/27/2025 7:00:00 AM,RFC,MIDATL,AE,AECO,1045.427,True
3/27/2025 12:00:00 PM,3/27/2025 8:00:00 AM,RFC,MIDATL,AE,AECO,911.144,True
3/27/2025 1:00:00 PM,3/27/2025 9:00:00 AM,RFC,MIDATL,AE,AECO,767.351,True
3/27/2025 2:00:00 PM,3/27/2025 10:00:00 AM,RFC,MIDATL,AE,AECO,646.131,True
3/27/2025 3:00:00 PM,3/27/2025 11:00:00 AM,RFC,MIDATL,AE,AECO,560.420,True
3/27/2025 4:00:00 PM,3/27/2025 12:00:00 PM,RFC,MIDATL,AE,AECO,511.742,True
3/27/2025 5:00:00 PM,3/27/2025 1:00:00 PM,RFC,MIDATL,AE,AECO,488.011,True
3/27/2025 6:00:00 PM,3/27/2025 2:00:00 PM,RFC,MIDATL,AE,AECO,494.871,True
3/27/2025 7:00:00 PM,3/27/2025 3:00:00 PM,RFC,MIDATL,AE,AECO,539.722,True
3/27/2025 8:00:00 PM,3/27/2025 4:00:00 PM,RFC,MIDATL,AE,AECO,642.211,True
3/27/2025 9:00:00 PM,3/27/2025 5:00:00 PM,RFC,MIDATL,AE,AECO,778.391,True
3/27/2025 10:00:00 PM,3/27/2025 6:00:00 PM,RFC,MIDATL,AE,AECO,909.508,True
3/27/2025 11:00:00 PM,3/27/2025 7:00:00 PM,RFC,MIDATL,AE,AECO,1029.339,True
3/28/2025 12:00:00 AM,3/27/2025 8:00:00 PM,RFC,MIDATL,AE,AECO,1053.673,True
3/28/2025 1:00:00 AM,3/27/2025 9:00:00 PM,RFC,MIDATL,AE,AECO,1021.704,True
3/28/2025 2:00:00 AM,3/27/2025 10:00:00 PM,RFC,MIDATL,AE,AECO,956.761,True
3/28/2025 3:00:00 AM,3/27/2025 11:00:00 PM,RFC,MIDATL,AE,AECO,911.292,True
3/28/2025 4:00:00 AM,3/28/2025 12:00:00 AM,RFC,MIDATL,AE,AECO,869.233,True
3/28/2025 5:00:00 AM,3/28/2025 1:00:00 AM,RFC,MIDATL,AE,AECO,840.830,True
3/28/2025 6:00:00 AM,3/28/2025 2:00:00 AM,RFC,MIDATL,AE,AECO,827.444,True
3/28/2025 7:00:00 AM,3/28/2025 3:00:00 AM,RFC,MIDATL,AE,AECO,820.707,True
3/28/2025 8:00:00 AM,3/28/2025 4:00:00 AM,RFC,MIDATL,AE,AECO,835.205,True
3/28/2025 9:00:00 AM,3/28/2025 5:00:00 AM,RFC,MIDATL,AE,AECO,878.544,True
3/28/2025 10:00:00 AM,3/28/2025 6:00:00 AM,RFC,MIDATL,AE,AECO,956.182,True
3/28/2025 11:00:00 AM,3/28/2025 7:00:00 AM,RFC,MIDATL,AE,AECO,962.658,True
3/28/2025 12:00:00 PM,3/28/2025 8:00:00 AM,RFC,MIDATL,AE,AECO,860.097,True
3/28/2025 1:00:00 PM,3/28/2025 9:00:00 AM,RFC,MIDATL,AE,AECO,760.939,True
3/28/2025 2:00:00 PM,3/28/2025 10:00:00 AM,RFC,MIDATL,AE,AECO,723.559,True
3/28/2025 3:00:00 PM,3/28/2025 11:00:00 AM,RFC,MIDATL,AE,AECO,693.663,True
3/28/2025 4:00:00 PM,3/28/2025 12:00:00 PM,RFC,MIDATL,AE,AECO,625.206,True
3/28/2025 5:00:00 PM,3/28/2025 1:00:00 PM,RFC,MIDATL,AE,AECO,698.593,True
3/28/2025 6:00:00 PM,3/28/2025 2:00:00 PM,RFC,MIDATL,AE,AECO,601.462,True
3/28/2025 7:00:00 PM,3/28/2025 3:00:00 PM,RFC,MIDATL,AE,AECO,689.145,True
3/28/2025 8:00:00 PM,3/28/2025 4:00:00 PM,RFC,MIDATL,AE,AECO,856.076,True
3/28/2025 9:00:00 PM,3/28/2025 5:00:00 PM,RFC,MIDATL,AE,AECO,890.790,True
3/28/2025 10:00:00 PM,3/28/2025 6:00:00 PM,RFC,MIDATL,AE,AECO,929.332,True
3/28/2025 11:00:00 PM,3/28/2025 7:00:00 PM,RFC,MIDATL,AE,AECO,970.251,True
3/29/2025 12:00:00 AM,3/28/2025 8:00:00 PM,RFC,MIDATL,AE,AECO,976.012,True
3/29/2025 1:00:00 AM,3/28/2025 9:00:00 PM,RFC,MIDATL,AE,AECO,941.286,True
3/29/2025 2:00:00 AM,3/28/2025 10:00:00 PM,RFC,MIDATL,AE,AECO,887.532,True
3/29/2025 3:00:00 AM,3/28/2025 11:00:00 PM,RFC,MIDATL,AE,AECO,840.348,True
3/29/2025 4:00:00 AM,3/29/2025 12:00:00 AM,RFC,MIDATL,AE,AECO,802.932,True
3/29/2025 5:00:00 AM,3/29/2025 1:00:00 AM,RFC,MIDATL,AE,AECO,764.548,True
3/29/2025 6:00:00 AM,3/29/2025 2:00:00 AM,RFC,MIDATL,AE,AECO,742.116,True
3/29/2025 7:00:00 AM,3/29/2025 3:00:00 AM,RFC,MIDATL,AE,AECO,732.324,True
3/29/2025 8:00:00 AM,3/29/2025 4:00:00 AM,RFC,MIDATL,AE,AECO,733.975,True
3/29/2025 9:00:00 AM,3/29/2025 5:00:00 AM,RFC,MIDATL,AE,AECO,751.201,True
3/29/2025 10:00:00 AM,3/29/2025 6:00:00 AM,RFC,MIDATL,AE,AECO,783.240,True
3/29/2025 11:00:00 AM,3/29/2025 7:00:00 AM,RFC,MIDATL,AE,AECO,796.958,True
3/29/2025 12:00:00 PM,3/29/2025 8:00:00 AM,RFC,MIDATL,AE,AECO,779.591,True
3/29/2025 1:00:00 PM,3/29/2025 9:00:00 AM,RFC,MIDATL,AE,AECO,708.760,True
3/29/2025 2:00:00 PM,3/29/2025 10:00:00 AM,RFC,MIDATL,AE,AECO,704.343,True
3/29/2025 3:00:00 PM,3/29/2025 11:00:00 AM,RFC,MIDATL,AE,AECO,656.515,True
3/29/2025 4:00:00 PM,3/29/2025 12:00:00 PM,RFC,MIDATL,AE,AECO,695.054,True
3/29/2025 5:00:00 PM,3/29/2025 1:00:00 PM,RFC,MIDATL,AE,AECO,739.229,True
3/29/2025 6:00:00 PM,3/29/2025 2:00:00 PM,RFC,MIDATL,AE,AECO,702.102,True
3/29/2025 7:00:00 PM,3/29/2025 3:00:00 PM,RFC,MIDATL,AE,AECO,734.416,True
3/29/2025 8:00:00 PM,3/29/2025 4:00:00 PM,RFC,MIDATL,AE,AECO,734.486,True
3/29/2025 9:00:00 PM,3/29/2025 5:00:00 PM,RFC,MIDATL,AE,AECO,820.662,True
3/29/2025 10:00:00 PM,3/29/2025 6:00:00 PM,RFC,MIDATL,AE,AECO,884.049,True
3/29/2025 11:00:00 PM,3/29/2025 7:00:00 PM,RFC,MIDATL,AE,AECO,940.090,True
3/30/2025 12:00:00 AM,3/29/2025 8:00:00 PM,RFC,MIDATL,AE,AECO,948.759,True
3/30/2025 1:00:00 AM,3/29/2025 9:00:00 PM,RFC,MIDATL,AE,AECO,920.247,True
3/30/2025 2:00:00 AM,3/29/2025 10:00:00 PM,RFC,MIDATL,AE,AECO,868.944,True
3/30/2025 3:00:00 AM,3/29/2025 11:00:00 PM,RFC,MIDATL,AE,AECO,803.622,True
3/30/2025 4:00:00 AM,3/30/2025 12:00:00 AM,RFC,MIDATL,AE,AECO,762.317,True
3/30/2025 5:00:00 AM,3/30/2025 1:00:00 AM,RFC,MIDATL,AE,AECO,734.055,True
3/30/2025 6:00:00 AM,3/30/2025 2:00:00 AM,RFC,MIDATL,AE,AECO,717.811,True
3/30/2025 7:00:00 AM,3/30/2025 3:00:00 AM,RFC,MIDATL,AE,AECO,711.714,True
3/30/2025 8:00:00 AM,3/30/2025 4:00:00 AM,RFC,MIDATL,AE,AECO,714.949,True
3/30/2025 9:00:00 AM,3/30/2025 5:00:00 AM,RFC,MIDATL,AE,AECO,731.338,True
3/30/2025 10:00:00 AM,3/30/2025 6:00:00 AM,RFC,MIDATL,AE,AECO,760.237,True
3/30/2025 11:00:00 AM,3/30/2025 7:00:00 AM,RFC,MIDATL,AE,AECO,780.078,True
3/30/2025 12:00:00 PM,3/30/2025 8:00:00 AM,RFC,MIDATL,AE,AECO,804.663,True
3/30/2025 1:00:00 PM,3/30/2025 9:00:00 AM,RFC,MIDATL,AE,AECO,770.590,True
3/30/2025 2:00:00 PM,3/30/2025 10:00:00 AM,RFC,MIDATL,AE,AECO,711.861,True
3/30/2025 3:00:00 PM,3/30/2025 11:00:00 AM,RFC,MIDATL,AE,AECO,645.954,True
3/30/2025 4:00:00 PM,3/30/2025 12:00:00 PM,RFC,MIDATL,AE,AECO,653.184,True
3/30/2025 5:00:00 PM,3/30/2025 1:00:00 PM,RFC,MIDATL,AE,AECO,549.262,True
3/30/2025 6:00:00 PM,3/30/2025 2:00:00 PM,RFC,MIDATL,AE,AECO,510.702,True
3/30/2025 7:00:00 PM,3/30/2025 3:00:00 PM,RFC,MIDATL,AE,AECO,601.178,True
3/30/2025 8:00:00 PM,3/30/2025 4:00:00 PM,RFC,MIDATL,AE,AECO,682.428,True
3/30/2025 9:00:00 PM,3/30/2025 5:00:00 PM,RFC,MIDATL,AE,AECO,788.779,True
3/30/2025 10:00:00 PM,3/30/2025 6:00:00 PM,RFC,MIDATL,AE,AECO,882.253,True
3/30/2025 11:00:00 PM,3/30/2025 7:00:00 PM,RFC,MIDATL,AE,AECO,951.067,True
3/31/2025 12:00:00 AM,3/30/2025 8:00:00 PM,RFC,MIDATL,AE,AECO,962.390,True
3/31/2025 1:00:00 AM,3/30/2025 9:00:00 PM,RFC,MIDATL,AE,AECO,916.168,True
3/31/2025 2:00:00 AM,3/30/2025 10:00:00 PM,RFC,MIDATL,AE,AECO,864.387,True
3/31/2025 3:00:00 AM,3/30/2025 11:00:00 PM,RFC,MIDATL,AE,AECO,805.378,True
3/31/2025 4:00:00 AM,3/31/2025 12:00:00 AM,RFC,MIDATL,AE,AECO,762.070,True
3/31/2025 5:00:00 AM,3/31/2025 1:00:00 AM,RFC,MIDATL,AE,AECO,732.175,True
3/31/2025 6:00:00 AM,3/31/2025 2:00:00 AM,RFC,MIDATL,AE,AECO,717.551,True
3/31/2025 7:00:00 AM,3/31/2025 3:00:00 AM,RFC,MIDATL,AE,AECO,716.633,True
3/31/2025 8:00:00 AM,3/31/2025 4:00:00 AM,RFC,MIDATL,AE,AECO,728.653,True
3/31/2025 9:00:00 AM,3/31/2025 5:00:00 AM,RFC,MIDATL,AE,AECO,775.288,True
3/31/2025 10:00:00 AM,3/31/2025 6:00:00 AM,RFC,MIDATL,AE,AECO,862.375,True
3/31/2025 11:00:00 AM,3/31/2025 7:00:00 AM,RFC,MIDATL,AE,AECO,889.283,True
3/31/2025 12:00:00 PM,3/31/2025 8:00:00 AM,RFC,MIDATL,AE,AECO,868.878,True
3/31/2025 1:00:00 PM,3/31/2025 9:00:00 AM,RFC,MIDATL,AE,AECO,840.426,True
3/31/2025 2:00:00 PM,3/31/2025 10:00:00 AM,RFC,MIDATL,AE,AECO,758.246,True
3/31/2025 3:00:00 PM,3/31/2025 11:00:00 AM,RFC,MIDATL,AE,AECO,680.353,True
3/31/2025 4:00:00 PM,3/31/2025 12:00:00 PM,RFC,MIDATL,AE,AECO,616.328,True
3/31/2025 5:00:00 PM,3/31/2025 1:00:00 PM,RFC,MIDATL,AE,AECO,577.789,True
3/31/2025 6:00:00 PM,3/31/2025 2:00:00 PM,RFC,MIDATL,AE,AECO,646.742,True
3/31/2025 7:00:00 PM,3/31/2025 3:00:00 PM,RFC,MIDATL,AE,AECO,721.838,True
3/31/2025 8:00:00 PM,3/31/2025 4:00:00 PM,RFC,MIDATL,AE,AECO,799.005,True
3/31/2025 9:00:00 PM,3/31/2025 5:00:00 PM,RFC,MIDATL,AE,AECO,891.291,True
3/31/2025 10:00:00 PM,3/31/2025 6:00:00 PM,RFC,MIDATL,AE,AECO,983.663,True
3/31/2025 11:00:00 PM,3/31/2025 7:00:00 PM,RFC,MIDATL,AE,AECO,1042.383,True
4/1/2025 12:00:00 AM,3/31/2025 8:00:00 PM,RFC,MIDATL,AE,AECO,1051.057,True
4/1/2025 1:00:00 AM,3/31/2025 9:00:00 PM,RFC,MIDATL,AE,AECO,996.272,True
4/1/2025 2:00:00 AM,3/31/2025 10:00:00 PM,RFC,MIDATL,AE,AECO,916.702,True
4/1/2025 3:00:00 AM,3/31/2025 11:00:00 PM,RFC,MIDATL,AE,AECO,830.603,True
4/1/2025 4:00:00 AM,4/1/2025 12:00:00 AM,RFC,MIDATL,AE,AECO,790.030,False
4/1/2025 5:00:00 AM,4/1/2025 1:00:00 AM,RFC,MIDATL,AE,AECO,758.033,False
4/1/2025 6:00:00 AM,4/1/2025 2:00:00 AM,RFC,MIDATL,AE,AECO,736.981,False
4/1/2025 7:00:00 AM,4/1/2025 3:00:00 AM,RFC,MIDATL,AE,AECO,727.130,False
4/1/2025 8:00:00 AM,4/1/2025 4:00:00 AM,RFC,MIDATL,AE,AECO,729.211,False
4/1/2025 9:00:00 AM,4/1/2025 5:00:00 AM,RFC,MIDATL,AE,AECO,767.230,False
4/1/2025 10:00:00 AM,4/1/2025 6:00:00 AM,RFC,MIDATL,AE,AECO,854.297,False
4/1/2025 11:00:00 AM,4/1/2025 7:00:00 AM,RFC,MIDATL,AE,AECO,866.670,False
4/1/2025 12:00:00 PM,4/1/2025 8:00:00 AM,RFC,MIDATL,AE,AECO,776.906,False
4/1/2025 1:00:00 PM,4/1/2025 9:00:00 AM,RFC,MIDATL,AE,AECO,655.028,False
4/1/2025 2:00:00 PM,4/1/2025 10:00:00 AM,RFC,MIDATL,AE,AECO,552.711,False
4/1/2025 3:00:00 PM,4/1/2025 11:00:00 AM,RFC,MIDATL,AE,AECO,484.359,False
4/1/2025 4:00:00 PM,4/1/2025 12:00:00 PM,RFC,MIDATL,AE,AECO,442.746,False
4/1/2025 5:00:00 PM,4/1/2025 1:00:00 PM,RFC,MIDATL,AE,AECO,436.529,False
4/1/2025 6:00:00 PM,4/1/2025 2:00:00 PM,RFC,MIDATL,AE,AECO,450.677,False
4/1/2025 7:00:00 PM,4/1/2025 3:00:00 PM,RFC,MIDATL,AE,AECO,505.106,False
4/1/2025 8:00:00 PM,4/1/2025 4:00:00 PM,RFC,MIDATL,AE,AECO,605.302,False
4/1/2025 9:00:00 PM,4/1/2025 5:00:00 PM,RFC,MIDATL,AE,AECO,750.027,False
4/1/2025 10:00:00 PM,4/1/2025 6:00:00 PM,RFC,MIDATL,AE,AECO,875.690,False
4/1/2025 11:00:00 PM,4/1/2025 7:00:00 PM,RFC,MIDATL,AE,AECO,974.948,False
4/2/2025 12:00:00 AM,4/1/2025 8:00:00 PM,RFC,MIDATL,AE,AECO,1011.784,False
4/2/2025 1:00:00 AM,4/1/2025 9:00:00 PM,RFC,MIDATL,AE,AECO,970.516,False
4/2/2025 2:00:00 AM,4/1/2025 10:00:00 PM,RFC,MIDATL,AE,AECO,903.902,False
4/2/2025 3:00:00 AM,4/1/2025 11:00:00 PM,RFC,MIDATL,AE,AECO,840.127,False
4/2/2025 4:00:00 AM,4/2/2025 12:00:00 AM,RFC,MIDATL,AE,AECO,821.184,False
4/2/2025 5:00:00 AM,4/2/2025 1:00:00 AM,RFC,MIDATL,AE,AECO,795.152,False
4/2/2025 6:00:00 AM,4/2/2025 2:00:00 AM,RFC,MIDATL,AE,AECO,787.875,False
4/2/2025 7:00:00 AM,4/2/2025 3:00:00 AM,RFC,MIDATL,AE,AECO,793.770,False
4/2/2025 8:00:00 AM,4/2/2025 4:00:00 AM,RFC,MIDATL,AE,AECO,816.461,False
4/2/2025 9:00:00 AM,4/2/2025 5:00:00 AM,RFC,MIDATL,AE,AECO,870.781,False
4/2/2025 10:00:00 AM,4/2/2025 6:00:00 AM,RFC,MIDATL,AE,AECO,950.516,False
4/2/2025 11:00:00 AM,4/2/2025 7:00:00 AM,RFC,MIDATL,AE,AECO,963.348,False
4/2/2025 12:00:00 PM,4/2/2025 8:00:00 AM,RFC,MIDATL,AE,AECO,850.515,False
4/2/2025 1:00:00 PM,4/2/2025 9:00:00 AM,RFC,MIDATL,AE,AECO,722.287,False
4/2/2025 2:00:00 PM,4/2/2025 10:00:00 AM,RFC,MIDATL,AE,AECO,607.690,False
4/2/2025 3:00:00 PM,4/2/2025 11:00:00 AM,RFC,MIDATL,AE,AECO,526.650,False
4/2/2025 4:00:00 PM,4/2/2025 12:00:00 PM,RFC,MIDATL,AE,AECO,500.275,False
4/2/2025 5:00:00 PM,4/2/2025 1:00:00 PM,RFC,MIDATL,AE,AECO,502.104,False
4/2/2025 6:00:00 PM,4/2/2025 2:00:00 PM,RFC,MIDATL,AE,AECO,549.929,False
4/2/2025 7:00:00 PM,4/2/2025 3:00:00 PM,RFC,MIDATL,AE,AECO,662.672,False
4/2/2025 8:00:00 PM,4/2/2025 4:00:00 PM,RFC,MIDATL,AE,AECO,760.050,False
4/2/2025 9:00:00 PM,4/2/2025 5:00:00 PM,RFC,MIDATL,AE,AECO,868.771,False
4/2/2025 10:00:00 PM,4/2/2025 6:00:00 PM,RFC,MIDATL,AE,AECO,972.239,False
4/2/2025 11:00:00 PM,4/2/2025 7:00:00 PM,RFC,MIDATL,AE,AECO,1033.617,False
4/3/2025 12:00:00 AM,4/2/2025 8:00:00 PM,RFC,MIDATL,AE,AECO,1036.332,False
4/3/2025 1:00:00 AM,4/2/2025 9:00:00 PM,RFC,MIDATL,AE,AECO,993.652,False
4/3/2025 2:00:00 AM,4/2/2025 10:00:00 PM,RFC,MIDATL,AE,AECO,926.610,False
4/3/2025 3:00:00 AM,4/2/2025 11:00:00 PM,RFC,MIDATL,AE,AECO,862.443,False
4/3/2025 4:00:00 AM,4/3/2025 12:00:00 AM,RFC,MIDATL,AE,AECO,819.467,False
4/3/2025 5:00:00 AM,4/3/2025 1:00:00 AM,RFC,MIDATL,AE,AECO,790.957,False
4/3/2025 6:00:00 AM,4/3/2025 2:00:00 AM,RFC,MIDATL,AE,AECO,773.736,False
4/3/2025 7:00:00 AM,4/3/2025 3:00:00 AM,RFC,MIDATL,AE,AECO,764.141,False
4/3/2025 8:00:00 AM,4/3/2025 4:00:00 AM,RFC,MIDATL,AE,AECO,775.991,False
4/3/2025 9:00:00 AM,4/3/2025 5:00:00 AM,RFC,MIDATL,AE,AECO,822.803,False
4/3/2025 10:00:00 AM,4/3/2025 6:00:00 AM,RFC,MIDATL,AE,AECO,896.683,False
4/3/2025 11:00:00 AM,4/3/2025 7:00:00 AM,RFC,MIDATL,AE,AECO,922.012,False
4/3/2025 12:00:00 PM,4/3/2025 8:00:00 AM,RFC,MIDATL,AE,AECO,931.268,False
4/3/2025 1:00:00 PM,4/3/2025 9:00:00 AM,RFC,MIDATL,AE,AECO,913.252,False
4/3/2025 2:00:00 PM,4/3/2025 10:00:00 AM,RFC,MIDATL,AE,AECO,926.700,False
4/3/2025 3:00:00 PM,4/3/2025 11:00:00 AM,RFC,MIDATL,AE,AECO,854.804,False
4/3/2025 4:00:00 PM,4/3/2025 12:00:00 PM,RFC,MIDATL,AE,AECO,822.358,False
4/3/2025 5:00:00 PM,4/3/2025 1:00:00 PM,RFC,MIDATL,AE,AECO,766.611,False
4/3/2025 6:00:00 PM,4/3/2025 2:00:00 PM,RFC,MIDATL,AE,AECO,754.015,False
4/3/2025 7:00:00 PM,4/3/2025 3:00:00 PM,RFC,MIDATL,AE,AECO,791.753,False
4/3/2025 8:00:00 PM,4/3/2025 4:00:00 PM,RFC,MIDATL,AE,AECO,820.040,False
4/3/2025 9:00:00 PM,4/3/2025 5:00:00 PM,RFC,MIDATL,AE,AECO,915.370,False
4/3/2025 10:00:00 PM,4/3/2025 6:00:00 PM,RFC,MIDATL,AE,AECO,974.930,False
4/3/2025 11:00:00 PM,4/3/2025 7:00:00 PM,RFC,MIDATL,AE,AECO,1026.068,False
4/4/2025 12:00:00 AM,4/3/2025 8:00:00 PM,RFC,MIDATL,AE,AECO,1048.284,False
4/4/2025 1:00:00 AM,4/3/2025 9:00:00 PM,RFC,MIDATL,AE,AECO,996.248,False
4/4/2025 2:00:00 AM,4/3/2025 10:00:00 PM,RFC,MIDATL,AE,AECO,917.655,False
4/4/2025 3:00:00 AM,4/3/2025 11:00:00 PM,RFC,MIDATL,AE,AECO,858.296,False
4/4/2025 4:00:00 AM,4/4/2025 12:00:00 AM,RFC,MIDATL,AE,AECO,803.300,False
4/4/2025 5:00:00 AM,4/4/2025 1:00:00 AM,RFC,MIDATL,AE,AECO,774.796,False
4/4/2025 6:00:00 AM,4/4/2025 2:00:00 AM,RFC,MIDATL,AE,AECO,754.206,False
4/4/2025 7:00:00 AM,4/4/2025 3:00:00 AM,RFC,MIDATL,AE,AECO,738.029,False
4/4/2025 8:00:00 AM,4/4/2025 4:00:00 AM,RFC,MIDATL,AE,AECO,745.225,False
4/4/2025 9:00:00 AM,4/4/2025 5:00:00 AM,RFC,MIDATL,AE,AECO,780.229,False
4/4/2025 10:00:00 AM,4/4/2025 6:00:00 AM,RFC,MIDATL,AE,AECO,856.613,False
4/4/2025 11:00:00 AM,4/4/2025 7:00:00 AM,RFC,MIDATL,AE,AECO,903.545,False
4/4/2025 12:00:00 PM,4/4/2025 8:00:00 AM,RFC,MIDATL,AE,AECO,905.794,False
4/4/2025 1:00:00 PM,4/4/2025 9:00:00 AM,RFC,MIDATL,AE,AECO,860.410,False
4/4/2025 2:00:00 PM,4/4/2025 10:00:00 AM,RFC,MIDATL,AE,AECO,828.127,False
4/4/2025 3:00:00 PM,4/4/2025 11:00:00 AM,RFC,MIDATL,AE,AECO,807.907,False
4/4/2025 4:00:00 PM,4/4/2025 12:00:00 PM,RFC,MIDATL,AE,AECO,813.593,False
4/4/2025 5:00:00 PM,4/4/2025 1:00:00 PM,RFC,MIDATL,AE,AECO,734.917,False
4/4/2025 6:00:00 PM,4/4/2025 2:00:00 PM,RFC,MIDATL,AE,AECO,755.164,False
4/4/2025 7:00:00 PM,4/4/2025 3:00:00 PM,RFC,MIDATL,AE,AECO,824.451,False
4/4/2025 8:00:00 PM,4/4/2025 4:00:00 PM,RFC,MIDATL,AE,AECO,843.323,False
4/4/2025 9:00:00 PM,4/4/2025 5:00:00 PM,RFC,MIDATL,AE,AECO,885.636,False
4/4/2025 10:00:00 PM,4/4/2025 6:00:00 PM,RFC,MIDATL,AE,AECO,931.785,False
4/4/2025 11:00:00 PM,4/4/2025 7:00:00 PM,RFC,MIDATL,AE,AECO,969.495,False
4/5/2025 12:00:00 AM,4/4/2025 8:00:00 PM,RFC,MIDATL,AE,AECO,976.265,False
4/5/2025 1:00:00 AM,4/4/2025 9:00:00 PM,RFC,MIDATL,AE,AECO,939.801,False
4/5/2025 2:00:00 AM,4/4/2025 10:00:00 PM,RFC,MIDATL,AE,AECO,896.706,False
4/5/2025 3:00:00 AM,4/4/2025 11:00:00 PM,RFC,MIDATL,AE,AECO,821.863,False
4/5/2025 4:00:00 AM,4/5/2025 12:00:00 AM,RFC,MIDATL,AE,AECO,782.202,False
4/5/2025 5:00:00 AM,4/5/2025 1:00:00 AM,RFC,MIDATL,AE,AECO,733.208,False
4/5/2025 6:00:00 AM,4/5/2025 2:00:00 AM,RFC,MIDATL,AE,AECO,717.806,False
4/5/2025 7:00:00 AM,4/5/2025 3:00:00 AM,RFC,MIDATL,AE,AECO,706.689,False
4/5/2025 8:00:00 AM,4/5/2025 4:00:00 AM,RFC,MIDATL,AE,AECO,703.358,False
4/5/2025 9:00:00 AM,4/5/2025 5:00:00 AM,RFC,MIDATL,AE,AECO,720.219,False
4/5/2025 10:00:00 AM,4/5/2025 6:00:00 AM,RFC,MIDATL,AE,AECO,751.154,False
4/5/2025 11:00:00 AM,4/5/2025 7:00:00 AM,RFC,MIDATL,AE,AECO,782.123,False
4/5/2025 12:00:00 PM,4/5/2025 8:00:00 AM,RFC,MIDATL,AE,AECO,799.453,False
4/5/2025 1:00:00 PM,4/5/2025 9:00:00 AM,RFC,MIDATL,AE,AECO,814.274,False
4/5/2025 2:00:00 PM,4/5/2025 10:00:00 AM,RFC,MIDATL,AE,AECO,846.157,False
4/5/2025 3:00:00 PM,4/5/2025 11:00:00 AM,RFC,MIDATL,AE,AECO,859.779,False
4/5/2025 4:00:00 PM,4/5/2025 12:00:00 PM,RFC,MIDATL,AE,AECO,846.227,False
4/5/2025 5:00:00 PM,4/5/2025 1:00:00 PM,RFC,MIDATL,AE,AECO,847.724,False
4/5/2025 6:00:00 PM,4/5/2025 2:00:00 PM,RFC,MIDATL,AE,AECO,836.397,False
4/5/2025 7:00:00 PM,4/5/2025 3:00:00 PM,RFC,MIDATL,AE,AECO,821.625,False
4/5/2025 8:00:00 PM,4/5/2025 4:00:00 PM,RFC,MIDATL,AE,AECO,834.603,False
4/5/2025 9:00:00 PM,4/5/2025 5:00:00 PM,RFC,MIDATL,AE,AECO,872.408,False
4/5/2025 10:00:00 PM,4/5/2025 6:00:00 PM,RFC,MIDATL,AE,AECO,902.871,False
4/5/2025 11:00:00 PM,4/5/2025 7:00:00 PM,RFC,MIDATL,AE,AECO,942.294,False
4/6/2025 12:00:00 AM,4/5/2025 8:00:00 PM,RFC,MIDATL,AE,AECO,944.309,False
4/6/2025 1:00:00 AM,4/5/2025 9:00:00 PM,RFC,MIDATL,AE,AECO,923.987,False
4/6/2025 2:00:00 AM,4/5/2025 10:00:00 PM,RFC,MIDATL,AE,AECO,888.486,False
4/6/2025 3:00:00 AM,4/5/2025 11:00:00 PM,RFC,MIDATL,AE,AECO,840.036,False
4/6/2025 4:00:00 AM,4/6/2025 12:00:00 AM,RFC,MIDATL,AE,AECO,795.391,False
4/6/2025 5:00:00 AM,4/6/2025 1:00:00 AM,RFC,MIDATL,AE,AECO,764.080,False
4/6/2025 6:00:00 AM,4/6/2025 2:00:00 AM,RFC,MIDATL,AE,AECO,740.159,False
4/6/2025 7:00:00 AM,4/6/2025 3:00:00 AM,RFC,MIDATL,AE,AECO,732.189,False
4/6/2025 8:00:00 AM,4/6/2025 4:00:00 AM,RFC,MIDATL,AE,AECO,732.398,False
4/6/2025 9:00:00 AM,4/6/2025 5:00:00 AM,RFC,MIDATL,AE,AECO,746.567,False
4/6/2025 10:00:00 AM,4/6/2025 6:00:00 AM,RFC,MIDATL,AE,AECO,768.934,False
4/6/2025 11:00:00 AM,4/6/2025 7:00:00 AM,RFC,MIDATL,AE,AECO,785.891,False
4/6/2025 12:00:00 PM,4/6/2025 8:00:00 AM,RFC,MIDATL,AE,AECO,785.901,False
4/6/2025 1:00:00 PM,4/6/2025 9:00:00 AM,RFC,MIDATL,AE,AECO,774.222,False
4/6/2025 2:00:00 PM,4/6/2025 10:00:00 AM,RFC,MIDATL,AE,AECO,781.643,False
4/6/2025 3:00:00 PM,4/6/2025 11:00:00 AM,RFC,MIDATL,AE,AECO,780.383,False
4/6/2025 4:00:00 PM,4/6/2025 12:00:00 PM,RFC,MIDATL,AE,AECO,825.423,False
4/6/2025 5:00:00 PM,4/6/2025 1:00:00 PM,RFC,MIDATL,AE,AECO,878.703,False
4/6/2025 6:00:00 PM,4/6/2025 2:00:00 PM,RFC,MIDATL,AE,AECO,870.617,False
4/6/2025 7:00:00 PM,4/6/2025 3:00:00 PM,RFC,MIDATL,AE,AECO,838.434,False
4/6/2025 8:00:00 PM,4/6/2025 4:00:00 PM,RFC,MIDATL,AE,AECO,818.074,False
4/6/2025 9:00:00 PM,4/6/2025 5:00:00 PM,RFC,MIDATL,AE,AECO,886.363,False
4/6/2025 10:00:00 PM,4/6/2025 6:00:00 PM,RFC,MIDATL,AE,AECO,926.242,False
4/6/2025 11:00:00 PM,4/6/2025 7:00:00 PM,RFC,MIDATL,AE,AECO,954.908,False
4/7/2025 12:00:00 AM,4/6/2025 8:00:00 PM,RFC,MIDATL,AE,AECO,963.822,False
4/7/2025 1:00:00 AM,4/6/2025 9:00:00 PM,RFC,MIDATL,AE,AECO,927.320,False
4/7/2025 2:00:00 AM,4/6/2025 10:00:00 PM,RFC,MIDATL,AE,AECO,861.154,False
4/7/2025 3:00:00 AM,4/6/2025 11:00:00 PM,RFC,MIDATL,AE,AECO,810.506,False
4/7/2025 4:00:00 AM,4/7/2025 12:00:00 AM,RFC,MIDATL,AE,AECO,766.106,False
4/7/2025 5:00:00 AM,4/7/2025 1:00:00 AM,RFC,MIDATL,AE,AECO,741.729,False
4/7/2025 6:00:00 AM,4/7/2025 2:00:00 AM,RFC,MIDATL,AE,AECO,730.573,False
4/7/2025 7:00:00 AM,4/7/2025 3:00:00 AM,RFC,MIDATL,AE,AECO,728.106,False
4/7/2025 8:00:00 AM,4/7/2025 4:00:00 AM,RFC,MIDATL,AE,AECO,752.685,False
4/7/2025 9:00:00 AM,4/7/2025 5:00:00 AM,RFC,MIDATL,AE,AECO,810.649,False
4/7/2025 10:00:00 AM,4/7/2025 6:00:00 AM,RFC,MIDATL,AE,AECO,891.333,False
4/7/2025 11:00:00 AM,4/7/2025 7:00:00 AM,RFC,MIDATL,AE,AECO,945.718,False
4/7/2025 12:00:00 PM,4/7/2025 8:00:00 AM,RFC,MIDATL,AE,AECO,979.275,False
4/7/2025 1:00:00 PM,4/7/2025 9:00:00 AM,RFC,MIDATL,AE,AECO,999.142,False
4/7/2025 2:00:00 PM,4/7/2025 10:00:00 AM,RFC,MIDATL,AE,AECO,1026.584,False
4/7/2025 3:00:00 PM,4/7/2025 11:00:00 AM,RFC,MIDATL,AE,AECO,1008.295,False
4/7/2025 4:00:00 PM,4/7/2025 12:00:00 PM,RFC,MIDATL,AE,AECO,994.148,False
4/7/2025 5:00:00 PM,4/7/2025 1:00:00 PM,RFC,MIDATL,AE,AECO,982.995,False
4/7/2025 6:00:00 PM,4/7/2025 2:00:00 PM,RFC,MIDATL,AE,AECO,980.367,False
4/7/2025 7:00:00 PM,4/7/2025 3:00:00 PM,RFC,MIDATL,AE,AECO,1006.075,False
4/7/2025 8:00:00 PM,4/7/2025 4:00:00 PM,RFC,MIDATL,AE,AECO,1028.196,False
4/7/2025 9:00:00 PM,4/7/2025 5:00:00 PM,RFC,MIDATL,AE,AECO,1054.387,False
4/7/2025 10:00:00 PM,4/7/2025 6:00:00 PM,RFC,MIDATL,AE,AECO,1067.754,False
4/7/2025 11:00:00 PM,4/7/2025 7:00:00 PM,RFC,MIDATL,AE,AECO,1082.245,False
4/8/2025 12:00:00 AM,4/7/2025 8:00:00 PM,RFC,MIDATL,AE,AECO,1073.749,False
4/8/2025 1:00:00 AM,4/7/2025 9:00:00 PM,RFC,MIDATL,AE,AECO,1020.492,False
4/8/2025 2:00:00 AM,4/7/2025 10:00:00 PM,RFC,MIDATL,AE,AECO,951.800,False
4/8/2025 3:00:00 AM,4/7/2025 11:00:00 PM,RFC,MIDATL,AE,AECO,893.932,False
4/8/2025 4:00:00 AM,4/8/2025 12:00:00 AM,RFC,MIDATL,AE,AECO,848.010,False
4/8/2025 5:00:00 AM,4/8/2025 1:00:00 AM,RFC,MIDATL,AE,AECO,817.841,False
4/8/2025 6:00:00 AM,4/8/2025 2:00:00 AM,RFC,MIDATL,AE,AECO,792.536,False
4/8/2025 7:00:00 AM,4/8/2025 3:00:00 AM,RFC,MIDATL,AE,AECO,798.615,False
4/8/2025 8:00:00 AM,4/8/2025 4:00:00 AM,RFC,MIDATL,AE,AECO,816.959,False
4/8/2025 9:00:00 AM,4/8/2025 5:00:00 AM,RFC,MIDATL,AE,AECO,864.927,False
4/8/2025 10:00:00 AM,4/8/2025 6:00:00 AM,RFC,MIDATL,AE,AECO,953.204,False
4/8/2025 11:00:00 AM,4/8/2025 7:00:00 AM,RFC,MIDATL,AE,AECO,966.953,False
4/8/2025 12:00:00 PM,4/8/2025 8:00:00 AM,RFC,MIDATL,AE,AECO,857.311,False
4/8/2025 1:00:00 PM,4/8/2025 9:00:00 AM,RFC,MIDATL,AE,AECO,709.471,False
4/8/2025 2:00:00 PM,4/8/2025 10:00:00 AM,RFC,MIDATL,AE,AECO,605.712,False
4/8/2025 3:00:00 PM,4/8/2025 11:00:00 AM,RFC,MIDATL,AE,AECO,537.220,False
4/8/2025 4:00:00 PM,4/8/2025 12:00:00 PM,RFC,MIDATL,AE,AECO,512.229,False
4/8/2025 5:00:00 PM,4/8/2025 1:00:00 PM,RFC,MIDATL,AE,AECO,507.642,False
4/8/2025 6:00:00 PM,4/8/2025 2:00:00 PM,RFC,MIDATL,AE,AECO,530.298,False
4/8/2025 7:00:00 PM,4/8/2025 3:00:00 PM,RFC,MIDATL,AE,AECO,566.464,False
4/8/2025 8:00:00 PM,4/8/2025 4:00:00 PM,RFC,MIDATL,AE,AECO,665.237,False
4/8/2025 9:00:00 PM,4/8/2025 5:00:00 PM,RFC,MIDATL,AE,AECO,795.048,False
4/8/2025 10:00:00 PM,4/8/2025 6:00:00 PM,RFC,MIDATL,AE,AECO,930.384,False
4/8/2025 11:00:00 PM,4/8/2025 7:00:00 PM,RFC,MIDATL,AE,AECO,1039.004,False
4/9/2025 12:00:00 AM,4/8/2025 8:00:00 PM,RFC,MIDATL,AE,AECO,1095.449,False
4/9/2025 1:00:00 AM,4/8/2025 9:00:00 PM,RFC,MIDATL,AE,AECO,1061.543,False
4/9/2025 2:00:00 AM,4/8/2025 10:00:00 PM,RFC,MIDATL,AE,AECO,995.190,False
4/9/2025 3:00:00 AM,4/8/2025 11:00:00 PM,RFC,MIDATL,AE,AECO,929.808,False
4/9/2025 4:00:00 AM,4/9/2025 12:00:00 AM,RFC,MIDATL,AE,AECO,895.189,False
4/9/2025 5:00:00 AM,4/9/2025 1:00:00 AM,RFC,MIDATL,AE,AECO,875.750,False
4/9/2025 6:00:00 AM,4/9/2025 2:00:00 AM,RFC,MIDATL,AE,AECO,875.241,False
4/9/2025 7:00:00 AM,4/9/2025 3:00:00 AM,RFC,MIDATL,AE,AECO,872.474,False
4/9/2025 8:00:00 AM,4/9/2025 4:00:00 AM,RFC,MIDATL,AE,AECO,894.007,False
4/9/2025 9:00:00 AM,4/9/2025 5:00:00 AM,RFC,MIDATL,AE,AECO,950.802,False
4/9/2025 10:00:00 AM,4/9/2025 6:00:00 AM,RFC,MIDATL,AE,AECO,1048.496,False
4/9/2025 11:00:00 AM,4/9/2025 7:00:00 AM,RFC,MIDATL,AE,AECO,1014.868,False
4/9/2025 12:00:00 PM,4/9/2025 8:00:00 AM,RFC,MIDATL,AE,AECO,898.588,False
4/9/2025 1:00:00 PM,4/9/2025 9:00:00 AM,RFC,MIDATL,AE,AECO,749.440,False
4/9/2025 2:00:00 PM,4/9/2025 10:00:00 AM,RFC,MIDATL,AE,AECO,658.800,False
4/9/2025 3:00:00 PM,4/9/2025 11:00:00 AM,RFC,MIDATL,AE,AECO,629.000,False
4/9/2025 4:00:00 PM,4/9/2025 12:00:00 PM,RFC,MIDATL,AE,AECO,514.745,False
4/9/2025 5:00:00 PM,4/9/2025 1:00:00 PM,RFC,MIDATL,AE,AECO,404.801,False
4/9/2025 6:00:00 PM,4/9/2025 2:00:00 PM,RFC,MIDATL,AE,AECO,456.760,False
4/9/2025 7:00:00 PM,4/9/2025 3:00:00 PM,RFC,MIDATL,AE,AECO,549.721,False
4/9/2025 8:00:00 PM,4/9/2025 4:00:00 PM,RFC,MIDATL,AE,AECO,643.039,False
4/9/2025 9:00:00 PM,4/9/2025 5:00:00 PM,RFC,MIDATL,AE,AECO,770.978,False
4/9/2025 10:00:00 PM,4/9/2025 6:00:00 PM,RFC,MIDATL,AE,AECO,902.042,False
4/9/2025 11:00:00 PM,4/9/2025 7:00:00 PM,RFC,MIDATL,AE,AECO,1016.298,False
4/10/2025 12:00:00 AM,4/9/2025 8:00:00 PM,RFC,MIDATL,AE,AECO,1070.648,False
4/10/2025 1:00:00 AM,4/9/2025 9:00:00 PM,RFC,MIDATL,AE,AECO,1028.988,False
4/10/2025 2:00:00 AM,4/9/2025 10:00:00 PM,RFC,MIDATL,AE,AECO,974.675,False
4/10/2025 3:00:00 AM,4/9/2025 11:00:00 PM,RFC,MIDATL,AE,AECO,903.952,False
4/10/2025 4:00:00 AM,4/10/2025 12:00:00 AM,RFC,MIDATL,AE,AECO,868.653,False
4/10/2025 5:00:00 AM,4/10/2025 1:00:00 AM,RFC,MIDATL,AE,AECO,848.422,False
4/10/2025 6:00:00 AM,4/10/2025 2:00:00 AM,RFC,MIDATL,AE,AECO,832.696,False
4/10/2025 7:00:00 AM,4/10/2025 3:00:00 AM,RFC,MIDATL,AE,AECO,827.595,False
4/10/2025 8:00:00 AM,4/10/2025 4:00:00 AM,RFC,MIDATL,AE,AECO,839.870,False
4/10/2025 9:00:00 AM,4/10/2025 5:00:00 AM,RFC,MIDATL,AE,AECO,888.645,False
4/10/2025 10:00:00 AM,4/10/2025 6:00:00 AM,RFC,MIDATL,AE,AECO,942.900,False
4/10/2025 11:00:00 AM,4/10/2025 7:00:00 AM,RFC,MIDATL,AE,AECO,970.241,False
4/10/2025 12:00:00 PM,4/10/2025 8:00:00 AM,RFC,MIDATL,AE,AECO,921.526,False
4/10/2025 1:00:00 PM,4/10/2025 9:00:00 AM,RFC,MIDATL,AE,AECO,761.050,False
4/10/2025 2:00:00 PM,4/10/2025 10:00:00 AM,RFC,MIDATL,AE,AECO,651.287,False
4/10/2025 3:00:00 PM,4/10/2025 11:00:00 AM,RFC,MIDATL,AE,AECO,630.680,False
4/10/2025 4:00:00 PM,4/10/2025 12:00:00 PM,RFC,MIDATL,AE,AECO,711.211,False
4/10/2025 5:00:00 PM,4/10/2025 1:00:00 PM,RFC,MIDATL,AE,AECO,706.977,False
4/10/2025 6:00:00 PM,4/10/2025 2:00:00 PM,RFC,MIDATL,AE,AECO,730.626,False
4/10/2025 7:00:00 PM,4/10/2025 3:00:00 PM,RFC,MIDATL,AE,AECO,783.970,False
4/10/2025 8:00:00 PM,4/10/2025 4:00:00 PM,RFC,MIDATL,AE,AECO,887.786,False
4/10/2025 9:00:00 PM,4/10/2025 5:00:00 PM,RFC,MIDATL,AE,AECO,947.089,False
4/10/2025 10:00:00 PM,4/10/2025 6:00:00 PM,RFC,MIDATL,AE,AECO,1004.015,False
4/10/2025 11:00:00 PM,4/10/2025 7:00:00 PM,RFC,MIDATL,AE,AECO,1061.327,False
4/11/2025 12:00:00 AM,4/10/2025 8:00:00 PM,RFC,MIDATL,AE,AECO,1074.104,False
4/11/2025 1:00:00 AM,4/10/2025 9:00:00 PM,RFC,MIDATL,AE,AECO,1034.092,False
4/11/2025 2:00:00 AM,4/10/2025 10:00:00 PM,RFC,MIDATL,AE,AECO,966.914,False
4/11/2025 3:00:00 AM,4/10/2025 11:00:00 PM,RFC,MIDATL,AE,AECO,896.230,False
4/11/2025 4:00:00 AM,4/11/2025 12:00:00 AM,RFC,MIDATL,AE,AECO,855.099,False
4/11/2025 5:00:00 AM,4/11/2025 1:00:00 AM,RFC,MIDATL,AE,AECO,827.233,False
4/11/2025 6:00:00 AM,4/11/2025 2:00:00 AM,RFC,MIDATL,AE,AECO,813.260,False
4/11/2025 7:00:00 AM,4/11/2025 3:00:00 AM,RFC,MIDATL,AE,AECO,811.852,False
4/11/2025 8:00:00 AM,4/11/2025 4:00:00 AM,RFC,MIDATL,AE,AECO,822.586,False
4/11/2025 9:00:00 AM,4/11/2025 5:00:00 AM,RFC,MIDATL,AE,AECO,858.775,False
4/11/2025 10:00:00 AM,4/11/2025 6:00:00 AM,RFC,MIDATL,AE,AECO,940.530,False
4/11/2025 11:00:00 AM,4/11/2025 7:00:00 AM,RFC,MIDATL,AE,AECO,987.713,False
4/11/2025 12:00:00 PM,4/11/2025 8:00:00 AM,RFC,MIDATL,AE,AECO,999.997,False
4/11/2025 1:00:00 PM,4/11/2025 9:00:00 AM,RFC,MIDATL,AE,AECO,997.204,False
4/11/2025 2:00:00 PM,4/11/2025 10:00:00 AM,RFC,MIDATL,AE,AECO,1008.993,False
4/11/2025 3:00:00 PM,4/11/2025 11:00:00 AM,RFC,MIDATL,AE,AECO,1013.059,False
4/11/2025 4:00:00 PM,4/11/2025 12:00:00 PM,RFC,MIDATL,AE,AECO,990.790,False
4/11/2025 5:00:00 PM,4/11/2025 1:00:00 PM,RFC,MIDATL,AE,AECO,1001.524,False
4/11/2025 6:00:00 PM,4/11/2025 2:00:00 PM,RFC,MIDATL,AE,AECO,998.769,False
4/11/2025 7:00:00 PM,4/11/2025 3:00:00 PM,RFC,MIDATL,AE,AECO,1015.177,False
4/11/2025 8:00:00 PM,4/11/2025 4:00:00 PM,RFC,MIDATL,AE,AECO,1026.149,False
4/11/2025 9:00:00 PM,4/11/2025 5:00:00 PM,RFC,MIDATL,AE,AECO,1053.470,False
4/11/2025 10:00:00 PM,4/11/2025 6:00:00 PM,RFC,MIDATL,AE,AECO,1069.110,False
4/11/2025 11:00:00 PM,4/11/2025 7:00:00 PM,RFC,MIDATL,AE,AECO,1089.064,False
4/12/2025 12:00:00 AM,4/11/2025 8:00:00 PM,RFC,MIDATL,AE,AECO,1089.453,False
4/12/2025 1:00:00 AM,4/11/2025 9:00:00 PM,RFC,MIDATL,AE,AECO,1057.027,False
4/12/2025 2:00:00 AM,4/11/2025 10:00:00 PM,RFC,MIDATL,AE,AECO,1003.913,False
4/12/2025 3:00:00 AM,4/11/2025 11:00:00 PM,RFC,MIDATL,AE,AECO,951.365,False
4/12/2025 4:00:00 AM,4/12/2025 12:00:00 AM,RFC,MIDATL,AE,AECO,905.514,False
4/12/2025 5:00:00 AM,4/12/2025 1:00:00 AM,RFC,MIDATL,AE,AECO,874.635,False
4/12/2025 6:00:00 AM,4/12/2025 2:00:00 AM,RFC,MIDATL,AE,AECO,864.517,False
4/12/2025 7:00:00 AM,4/12/2025 3:00:00 AM,RFC,MIDATL,AE,AECO,854.161,False
4/12/2025 8:00:00 AM,4/12/2025 4:00:00 AM,RFC,MIDATL,AE,AECO,858.804,False
4/12/2025 9:00:00 AM,4/12/2025 5:00:00 AM,RFC,MIDATL,AE,AECO,887.700,False
4/12/2025 10:00:00 AM,4/12/2025 6:00:00 AM,RFC,MIDATL,AE,AECO,912.059,False
4/12/2025 11:00:00 AM,4/12/2025 7:00:00 AM,RFC,MIDATL,AE,AECO,944.763,False
4/12/2025 12:00:00 PM,4/12/2025 8:00:00 AM,RFC,MIDATL,AE,AECO,973.077,False
4/12/2025 1:00:00 PM,4/12/2025 9:00:00 AM,RFC,MIDATL,AE,AECO,1008.796,False
4/12/2025 2:00:00 PM,4/12/2025 10:00:00 AM,RFC,MIDATL,AE,AECO,1014.976,False
4/12/2025 3:00:00 PM,4/12/2025 11:00:00 AM,RFC,MIDATL,AE,AECO,1000.244,False
4/12/2025 4:00:00 PM,4/12/2025 12:00:00 PM,RFC,MIDATL,AE,AECO,960.711,False
4/12/2025 5:00:00 PM,4/12/2025 1:00:00 PM,RFC,MIDATL,AE,AECO,928.804,False
4/12/2025 6:00:00 PM,4/12/2025 2:00:00 PM,RFC,MIDATL,AE,AECO,915.892,False
4/12/2025 7:00:00 PM,4/12/2025 3:00:00 PM,RFC,MIDATL,AE,AECO,934.533,False
4/12/2025 8:00:00 PM,4/12/2025 4:00:00 PM,RFC,MIDATL,AE,AECO,969.119,False
4/12/2025 9:00:00 PM,4/12/2025 5:00:00 PM,RFC,MIDATL,AE,AECO,1013.041,False
4/12/2025 10:00:00 PM,4/12/2025 6:00:00 PM,RFC,MIDATL,AE,AECO,1035.533,False
4/12/2025 11:00:00 PM,4/12/2025 7:00:00 PM,RFC,MIDATL,AE,AECO,1065.676,False
4/13/2025 12:00:00 AM,4/12/2025 8:00:00 PM,RFC,MIDATL,AE,AECO,1080.146,False
4/13/2025 1:00:00 AM,4/12/2025 9:00:00 PM,RFC,MIDATL,AE,AECO,1048.069,False
4/13/2025 2:00:00 AM,4/12/2025 10:00:00 PM,RFC,MIDATL,AE,AECO,1002.290,False
4/13/2025 3:00:00 AM,4/12/2025 11:00:00 PM,RFC,MIDATL,AE,AECO,943.531,False
4/13/2025 4:00:00 AM,4/13/2025 12:00:00 AM,RFC,MIDATL,AE,AECO,897.583,False
4/13/2025 5:00:00 AM,4/13/2025 1:00:00 AM,RFC,MIDATL,AE,AECO,864.973,False
4/13/2025 6:00:00 AM,4/13/2025 2:00:00 AM,RFC,MIDATL,AE,AECO,848.735,False
4/13/2025 7:00:00 AM,4/13/2025 3:00:00 AM,RFC,MIDATL,AE,AECO,836.634,False
4/13/2025 8:00:00 AM,4/13/2025 4:00:00 AM,RFC,MIDATL,AE,AECO,836.867,False
4/13/2025 9:00:00 AM,4/13/2025 5:00:00 AM,RFC,MIDATL,AE,AECO,853.453,False
4/13/2025 10:00:00 AM,4/13/2025 6:00:00 AM,RFC,MIDATL,AE,AECO,882.253,False
4/13/2025 11:00:00 AM,4/13/2025 7:00:00 AM,RFC,MIDATL,AE,AECO,881.773,False
4/13/2025 12:00:00 PM,4/13/2025 8:00:00 AM,RFC,MIDATL,AE,AECO,902.082,False
4/13/2025 1:00:00 PM,4/13/2025 9:00:00 AM,RFC,MIDATL,AE,AECO,885.476,False
4/13/2025 2:00:00 PM,4/13/2025 10:00:00 AM,RFC,MIDATL,AE,AECO,871.299,False
4/13/2025 3:00:00 PM,4/13/2025 11:00:00 AM,RFC,MIDATL,AE,AECO,870.793,False
4/13/2025 4:00:00 PM,4/13/2025 12:00:00 PM,RFC,MIDATL,AE,AECO,838.403,False
4/13/2025 5:00:00 PM,4/13/2025 1:00:00 PM,RFC,MIDATL,AE,AECO,784.854,False
4/13/2025 6:00:00 PM,4/13/2025 2:00:00 PM,RFC,MIDATL,AE,AECO,708.306,False
4/13/2025 7:00:00 PM,4/13/2025 3:00:00 PM,RFC,MIDATL,AE,AECO,679.755,False
4/13/2025 8:00:00 PM,4/13/2025 4:00:00 PM,RFC,MIDATL,AE,AECO,701.846,False
4/13/2025 9:00:00 PM,4/13/2025 5:00:00 PM,RFC,MIDATL,AE,AECO,793.028,False
4/13/2025 10:00:00 PM,4/13/2025 6:00:00 PM,RFC,MIDATL,AE,AECO,894.484,False
4/13/2025 11:00:00 PM,4/13/2025 7:00:00 PM,RFC,MIDATL,AE,AECO,959.223,False
4/14/2025 12:00:00 AM,4/13/2025 8:00:00 PM,RFC,MIDATL,AE,AECO,1000.459,False
4/14/2025 1:00:00 AM,4/13/2025 9:00:00 PM,RFC,MIDATL,AE,AECO,967.231,False
4/14/2025 2:00:00 AM,4/13/2025 10:00:00 PM,RFC,MIDATL,AE,AECO,909.145,False
4/14/2025 3:00:00 AM,4/13/2025 11:00:00 PM,RFC,MIDATL,AE,AECO,851.059,False
4/14/2025 4:00:00 AM,4/14/2025 12:00:00 AM,RFC,MIDATL,AE,AECO,807.782,False
4/14/2025 5:00:00 AM,4/14/2025 1:00:00 AM,RFC,MIDATL,AE,AECO,791.604,False
4/14/2025 6:00:00 AM,4/14/2025 2:00:00 AM,RFC,MIDATL,AE,AECO,783.821,False
4/14/2025 7:00:00 AM,4/14/2025 3:00:00 AM,RFC,MIDATL,AE,AECO,786.706,False
4/14/2025 8:00:00 AM,4/14/2025 4:00:00 AM,RFC,MIDATL,AE,AECO,810.633,False
4/14/2025 9:00:00 AM,4/14/2025 5:00:00 AM,RFC,MIDATL,AE,AECO,867.226,False
4/14/2025 10:00:00 AM,4/14/2025 6:00:00 AM,RFC,MIDATL,AE,AECO,936.408,False
4/14/2025 11:00:00 AM,4/14/2025 7:00:00 AM,RFC,MIDATL,AE,AECO,953.117,False
4/14/2025 12:00:00 PM,4/14/2025 8:00:00 AM,RFC,MIDATL,AE,AECO,950.071,False
4/14/2025 1:00:00 PM,4/14/2025 9:00:00 AM,RFC,MIDATL,AE,AECO,913.698,False
4/14/2025 2:00:00 PM,4/14/2025 10:00:00 AM,RFC,MIDATL,AE,AECO,774.608,False
4/14/2025 3:00:00 PM,4/14/2025 11:00:00 AM,RFC,MIDATL,AE,AECO,703.316,False
4/14/2025 4:00:00 PM,4/14/2025 12:00:00 PM,RFC,MIDATL,AE,AECO,619.167,False
4/14/2025 5:00:00 PM,4/14/2025 1:00:00 PM,RFC,MIDATL,AE,AECO,614.094,False
4/14/2025 6:00:00 PM,4/14/2025 2:00:00 PM,RFC,MIDATL,AE,AECO,608.383,False
4/14/2025 7:00:00 PM,4/14/2025 3:00:00 PM,RFC,MIDATL,AE,AECO,586.169,False
4/14/2025 8:00:00 PM,4/14/2025 4:00:00 PM,RFC,MIDATL,AE,AECO,677.246,False
4/14/2025 9:00:00 PM,4/14/2025 5:00:00 PM,RFC,MIDATL,AE,AECO,793.205,False
4/14/2025 10:00:00 PM,4/14/2025 6:00:00 PM,RFC,MIDATL,AE,AECO,892.832,False
4/14/2025 11:00:00 PM,4/14/2025 7:00:00 PM,RFC,MIDATL,AE,AECO,962.838,False
4/15/2025 12:00:00 AM,4/14/2025 8:00:00 PM,RFC,MIDATL,AE,AECO,1011.793,False
4/15/2025 1:00:00 AM,4/14/2025 9:00:00 PM,RFC,MIDATL,AE,AECO,966.274,False
4/15/2025 2:00:00 AM,4/14/2025 10:00:00 PM,RFC,MIDATL,AE,AECO,898.376,False
4/15/2025 3:00:00 AM,4/14/2025 11:00:00 PM,RFC,MIDATL,AE,AECO,843.029,False
4/15/2025 4:00:00 AM,4/15/2025 12:00:00 AM,RFC,MIDATL,AE,AECO,781.598,False
4/15/2025 5:00:00 AM,4/15/2025 1:00:00 AM,RFC,MIDATL,AE,AECO,758.113,False
4/15/2025 6:00:00 AM,4/15/2025 2:00:00 AM,RFC,MIDATL,AE,AECO,744.425,False
4/15/2025 7:00:00 AM,4/15/2025 3:00:00 AM,RFC,MIDATL,AE,AECO,736.966,False
4/15/2025 8:00:00 AM,4/15/2025 4:00:00 AM,RFC,MIDATL,AE,AECO,746.380,False
4/15/2025 9:00:00 AM,4/15/2025 5:00:00 AM,RFC,MIDATL,AE,AECO,790.827,False
4/15/2025 10:00:00 AM,4/15/2025 6:00:00 AM,RFC,MIDATL,AE,AECO,870.189,False
4/15/2025 11:00:00 AM,4/15/2025 7:00:00 AM,RFC,MIDATL,AE,AECO,899.630,False
4/15/2025 12:00:00 PM,4/15/2025 8:00:00 AM,RFC,MIDATL,AE,AECO,900.702,False
4/15/2025 1:00:00 PM,4/15/2025 9:00:00 AM,RFC,MIDATL,AE,AECO,888.043,False
4/15/2025 2:00:00 PM,4/15/2025 10:00:00 AM,RFC,MIDATL,AE,AECO,845.278,False
4/15/2025 3:00:00 PM,4/15/2025 11:00:00 AM,RFC,MIDATL,AE,AECO,845.202,False
4/15/2025 4:00:00 PM,4/15/2025 12:00:00 PM,RFC,MIDATL,AE,AECO,884.999,False
4/15/2025 5:00:00 PM,4/15/2025 1:00:00 PM,RFC,MIDATL,AE,AECO,794.424,False
4/15/2025 6:00:00 PM,4/15/2025 2:00:00 PM,RFC,MIDATL,AE,AECO,744.741,False
4/15/2025 7:00:00 PM,4/15/2025 3:00:00 PM,RFC,MIDATL,AE,AECO,710.227,False
4/15/2025 8:00:00 PM,4/15/2025 4:00:00 PM,RFC,MIDATL,AE,AECO,710.487,False
4/15/2025 9:00:00 PM,4/15/2025 5:00:00 PM,RFC,MIDATL,AE,AECO,784.155,False
4/15/2025 10:00:00 PM,4/15/2025 6:00:00 PM,RFC,MIDATL,AE,AECO,871.613,False
4/15/2025 11:00:00 PM,4/15/2025 7:00:00 PM,RFC,MIDATL,AE,AECO,965.350,False
4/16/2025 12:00:00 AM,4/15/2025 8:00:00 PM,RFC,MIDATL,AE,AECO,1008.544,False
4/16/2025 1:00:00 AM,4/15/2025 9:00:00 PM,RFC,MIDATL,AE,AECO,970.525,False
4/16/2025 2:00:00 AM,4/15/2025 10:00:00 PM,RFC,MIDATL,AE,AECO,913.981,False
4/16/2025 3:00:00 AM,4/15/2025 11:00:00 PM,RFC,MIDATL,AE,AECO,853.178,False
4/16/2025 4:00:00 AM,4/16/2025 12:00:00 AM,RFC,MIDATL,AE,AECO,805.946,False
4/16/2025 5:00:00 AM,4/16/2025 1:00:00 AM,RFC,MIDATL,AE,AECO,785.923,False
4/16/2025 6:00:00 AM,4/16/2025 2:00:00 AM,RFC,MIDATL,AE,AECO,772.747,False
4/16/2025 7:00:00 AM,4/16/2025 3:00:00 AM,RFC,MIDATL,AE,AECO,771.654,False
4/16/2025 8:00:00 AM,4/16/2025 4:00:00 AM,RFC,MIDATL,AE,AECO,790.348,False
4/16/2025 9:00:00 AM,4/16/2025 5:00:00 AM,RFC,MIDATL,AE,AECO,838.381,False
4/16/2025 10:00:00 AM,4/16/2025 6:00:00 AM,RFC,MIDATL,AE,AECO,904.204,False
4/16/2025 11:00:00 AM,4/16/2025 7:00:00 AM,RFC,MIDATL,AE,AECO,923.137,False
4/16/2025 12:00:00 PM,4/16/2025 8:00:00 AM,RFC,MIDATL,AE,AECO,856.430,False
4/16/2025 1:00:00 PM,4/16/2025 9:00:00 AM,RFC,MIDATL,AE,AECO,836.386,False
4/16/2025 2:00:00 PM,4/16/2025 10:00:00 AM,RFC,MIDATL,AE,AECO,753.319,False
4/16/2025 3:00:00 PM,4/16/2025 11:00:00 AM,RFC,MIDATL,AE,AECO,678.953,False
4/16/2025 4:00:00 PM,4/16/2025 12:00:00 PM,RFC,MIDATL,AE,AECO,629.996,False
4/16/2025 5:00:00 PM,4/16/2025 1:00:00 PM,RFC,MIDATL,AE,AECO,612.942,False
4/16/2025 6:00:00 PM,4/16/2025 2:00:00 PM,RFC,MIDATL,AE,AECO,651.333,False
4/16/2025 7:00:00 PM,4/16/2025 3:00:00 PM,RFC,MIDATL,AE,AECO,713.232,False
4/16/2025 8:00:00 PM,4/16/2025 4:00:00 PM,RFC,MIDATL,AE,AECO,747.842,False
4/16/2025 9:00:00 PM,4/16/2025 5:00:00 PM,RFC,MIDATL,AE,AECO,810.054,False
4/16/2025 10:00:00 PM,4/16/2025 6:00:00 PM,RFC,MIDATL,AE,AECO,892.077,False
4/16/2025 11:00:00 PM,4/16/2025 7:00:00 PM,RFC,MIDATL,AE,AECO,982.953,False
4/17/2025 12:00:00 AM,4/16/2025 8:00:00 PM,RFC,MIDATL,AE,AECO,1042.048,False
4/17/2025 1:00:00 AM,4/16/2025 9:00:00 PM,RFC,MIDATL,AE,AECO,1012.563,False
4/17/2025 2:00:00 AM,4/16/2025 10:00:00 PM,RFC,MIDATL,AE,AECO,950.397,False
4/17/2025 3:00:00 AM,4/16/2025 11:00:00 PM,RFC,MIDATL,AE,AECO,887.061,False
4/17/2025 4:00:00 AM,4/17/2025 12:00:00 AM,RFC,MIDATL,AE,AECO,843.937,False
4/17/2025 5:00:00 AM,4/17/2025 1:00:00 AM,RFC,MIDATL,AE,AECO,819.512,False
4/17/2025 6:00:00 AM,4/17/2025 2:00:00 AM,RFC,MIDATL,AE,AECO,810.894,False
4/17/2025 7:00:00 AM,4/17/2025 3:00:00 AM,RFC,MIDATL,AE,AECO,813.901,False
4/17/2025 8:00:00 AM,4/17/2025 4:00:00 AM,RFC,MIDATL,AE,AECO,829.311,False
4/17/2025 9:00:00 AM,4/17/2025 5:00:00 AM,RFC,MIDATL,AE,AECO,880.573,False
4/17/2025 10:00:00 AM,4/17/2025 6:00:00 AM,RFC,MIDATL,AE,AECO,947.831,False
4/17/2025 11:00:00 AM,4/17/2025 7:00:00 AM,RFC,MIDATL,AE,AECO,925.414,False
4/17/2025 12:00:00 PM,4/17/2025 8:00:00 AM,RFC,MIDATL,AE,AECO,811.228,False
4/17/2025 1:00:00 PM,4/17/2025 9:00:00 AM,RFC,MIDATL,AE,AECO,675.399,False
4/17/2025 2:00:00 PM,4/17/2025 10:00:00 AM,RFC,MIDATL,AE,AECO,569.731,False
4/17/2025 3:00:00 PM,4/17/2025 11:00:00 AM,RFC,MIDATL,AE,AECO,504.260,False
4/17/2025 4:00:00 PM,4/17/2025 12:00:00 PM,RFC,MIDATL,AE,AECO,466.383,False
4/17/2025 5:00:00 PM,4/17/2025 1:00:00 PM,RFC,MIDATL,AE,AECO,455.009,False
4/17/2025 6:00:00 PM,4/17/2025 2:00:00 PM,RFC,MIDATL,AE,AECO,474.535,False
4/17/2025 7:00:00 PM,4/17/2025 3:00:00 PM,RFC,MIDATL,AE,AECO,521.937,False
4/17/2025 8:00:00 PM,4/17/2025 4:00:00 PM,RFC,MIDATL,AE,AECO,616.643,False
4/17/2025 9:00:00 PM,4/17/2025 5:00:00 PM,RFC,MIDATL,AE,AECO,734.829,False
4/17/2025 10:00:00 PM,4/17/2025 6:00:00 PM,RFC,MIDATL,AE,AECO,841.822,False
4/17/2025 11:00:00 PM,4/17/2025 7:00:00 PM,RFC,MIDATL,AE,AECO,938.173,False
4/18/2025 12:00:00 AM,4/17/2025 8:00:00 PM,RFC,MIDATL,AE,AECO,990.866,False
4/18/2025 1:00:00 AM,4/17/2025 9:00:00 PM,RFC,MIDATL,AE,AECO,967.235,False
4/18/2025 2:00:00 AM,4/17/2025 10:00:00 PM,RFC,MIDATL,AE,AECO,916.203,False
4/18/2025 3:00:00 AM,4/17/2025 11:00:00 PM,RFC,MIDATL,AE,AECO,855.300,False
4/18/2025 4:00:00 AM,4/18/2025 12:00:00 AM,RFC,MIDATL,AE,AECO,821.025,False
4/18/2025 5:00:00 AM,4/18/2025 1:00:00 AM,RFC,MIDATL,AE,AECO,798.821,False
4/18/2025 6:00:00 AM,4/18/2025 2:00:00 AM,RFC,MIDATL,AE,AECO,785.290,False
4/18/2025 7:00:00 AM,4/18/2025 3:00:00 AM,RFC,MIDATL,AE,AECO,785.011,False
4/18/2025 8:00:00 AM,4/18/2025 4:00:00 AM,RFC,MIDATL,AE,AECO,802.649,False
4/18/2025 9:00:00 AM,4/18/2025 5:00:00 AM,RFC,MIDATL,AE,AECO,841.928,False
4/18/2025 10:00:00 AM,4/18/2025 6:00:00 AM,RFC,MIDATL,AE,AECO,889.670,False
4/18/2025 11:00:00 AM,4/18/2025 7:00:00 AM,RFC,MIDATL,AE,AECO,849.986,False
4/18/2025 12:00:00 PM,4/18/2025 8:00:00 AM,RFC,MIDATL,AE,AECO,743.090,False
4/18/2025 1:00:00 PM,4/18/2025 9:00:00 AM,RFC,MIDATL,AE,AECO,662.860,False
4/18/2025 2:00:00 PM,4/18/2025 10:00:00 AM,RFC,MIDATL,AE,AECO,545.690,False
4/18/2025 3:00:00 PM,4/18/2025 11:00:00 AM,RFC,MIDATL,AE,AECO,507.644,False
4/18/2025 4:00:00 PM,4/18/2025 12:00:00 PM,RFC,MIDATL,AE,AECO,492.827,False
4/18/2025 5:00:00 PM,4/18/2025 1:00:00 PM,RFC,MIDATL,AE,AECO,489.657,False
4/18/2025 6:00:00 PM,4/18/2025 2:00:00 PM,RFC,MIDATL,AE,AECO,562.016,False
4/18/2025 7:00:00 PM,4/18/2025 3:00:00 PM,RFC,MIDATL,AE,AECO,640.457,False
4/18/2025 8:00:00 PM,4/18/2025 4:00:00 PM,RFC,MIDATL,AE,AECO,719.597,False
4/18/2025 9:00:00 PM,4/18/2025 5:00:00 PM,RFC,MIDATL,AE,AECO,806.946,False
4/18/2025 10:00:00 PM,4/18/2025 6:00:00 PM,RFC,MIDATL,AE,AECO,870.487,False
4/18/2025 11:00:00 PM,4/18/2025 7:00:00 PM,RFC,MIDATL,AE,AECO,932.529,False
4/19/2025 12:00:00 AM,4/18/2025 8:00:00 PM,RFC,MIDATL,AE,AECO,971.539,False
4/19/2025 1:00:00 AM,4/18/2025 9:00:00 PM,RFC,MIDATL,AE,AECO,941.296,False
4/19/2025 2:00:00 AM,4/18/2025 10:00:00 PM,RFC,MIDATL,AE,AECO,888.210,False
4/19/2025 3:00:00 AM,4/18/2025 11:00:00 PM,RFC,MIDATL,AE,AECO,836.866,False
4/19/2025 4:00:00 AM,4/19/2025 12:00:00 AM,RFC,MIDATL,AE,AECO,791.668,False
4/19/2025 5:00:00 AM,4/19/2025 1:00:00 AM,RFC,MIDATL,AE,AECO,746.739,False
4/19/2025 6:00:00 AM,4/19/2025 2:00:00 AM,RFC,MIDATL,AE,AECO,731.403,False
4/19/2025 7:00:00 AM,4/19/2025 3:00:00 AM,RFC,MIDATL,AE,AECO,714.353,False
4/19/2025 8:00:00 AM,4/19/2025 4:00:00 AM,RFC,MIDATL,AE,AECO,718.219,False
4/19/2025 9:00:00 AM,4/19/2025 5:00:00 AM,RFC,MIDATL,AE,AECO,726.936,False
4/19/2025 10:00:00 AM,4/19/2025 6:00:00 AM,RFC,MIDATL,AE,AECO,751.688,False
4/19/2025 11:00:00 AM,4/19/2025 7:00:00 AM,RFC,MIDATL,AE,AECO,741.389,False
4/19/2025 12:00:00 PM,4/19/2025 8:00:00 AM,RFC,MIDATL,AE,AECO,750.429,False
4/19/2025 1:00:00 PM,4/19/2025 9:00:00 AM,RFC,MIDATL,AE,AECO,733.116,False
4/19/2025 2:00:00 PM,4/19/2025 10:00:00 AM,RFC,MIDATL,AE,AECO,705.826,False
4/19/2025 3:00:00 PM,4/19/2025 11:00:00 AM,RFC,MIDATL,AE,AECO,712.049,False
4/19/2025 4:00:00 PM,4/19/2025 12:00:00 PM,RFC,MIDATL,AE,AECO,713.071,False
4/19/2025 5:00:00 PM,4/19/2025 1:00:00 PM,RFC,MIDATL,AE,AECO,592.735,False
4/19/2025 6:00:00 PM,4/19/2025 2:00:00 PM,RFC,MIDATL,AE,AECO,569.772,False
4/19/2025 7:00:00 PM,4/19/2025 3:00:00 PM,RFC,MIDATL,AE,AECO,649.344,False
4/19/2025 8:00:00 PM,4/19/2025 4:00:00 PM,RFC,MIDATL,AE,AECO,807.168,False
4/19/2025 9:00:00 PM,4/19/2025 5:00:00 PM,RFC,MIDATL,AE,AECO,936.055,False
4/19/2025 10:00:00 PM,4/19/2025 6:00:00 PM,RFC,MIDATL,AE,AECO,986.358,False
4/19/2025 11:00:00 PM,4/19/2025 7:00:00 PM,RFC,MIDATL,AE,AECO,1025.440,False
4/20/2025 12:00:00 AM,4/19/2025 8:00:00 PM,RFC,MIDATL,AE,AECO,1051.195,False
4/20/2025 1:00:00 AM,4/19/2025 9:00:00 PM,RFC,MIDATL,AE,AECO,1020.058,False
4/20/2025 2:00:00 AM,4/19/2025 10:00:00 PM,RFC,MIDATL,AE,AECO,973.847,False
4/20/2025 3:00:00 AM,4/19/2025 11:00:00 PM,RFC,MIDATL,AE,AECO,918.744,False
4/20/2025 4:00:00 AM,4/20/2025 12:00:00 AM,RFC,MIDATL,AE,AECO,857.805,False
4/20/2025 5:00:00 AM,4/20/2025 1:00:00 AM,RFC,MIDATL,AE,AECO,813.508,False
4/20/2025 6:00:00 AM,4/20/2025 2:00:00 AM,RFC,MIDATL,AE,AECO,777.008,False
4/20/2025 7:00:00 AM,4/20/2025 3:00:00 AM,RFC,MIDATL,AE,AECO,753.385,False
4/20/2025 8:00:00 AM,4/20/2025 4:00:00 AM,RFC,MIDATL,AE,AECO,742.697,False
4/20/2025 9:00:00 AM,4/20/2025 5:00:00 AM,RFC,MIDATL,AE,AECO,745.230,False
4/20/2025 10:00:00 AM,4/20/2025 6:00:00 AM,RFC,MIDATL,AE,AECO,748.781,False
4/20/2025 11:00:00 AM,4/20/2025 7:00:00 AM,RFC,MIDATL,AE,AECO,741.764,False
4/20/2025 12:00:00 PM,4/20/2025 8:00:00 AM,RFC,MIDATL,AE,AECO,707.754,False
4/20/2025 1:00:00 PM,4/20/2025 9:00:00 AM,RFC,MIDATL,AE,AECO,671.136,False
4/20/2025 2:00:00 PM,4/20/2025 10:00:00 AM,RFC,MIDATL,AE,AECO,653.274,False
4/20/2025 3:00:00 PM,4/20/2025 11:00:00 AM,RFC,MIDATL,AE,AECO,628.431,False
4/20/2025 4:00:00 PM,4/20/2025 12:00:00 PM,RFC,MIDATL,AE,AECO,588.817,False
4/20/2025 5:00:00 PM,4/20/2025 1:00:00 PM,RFC,MIDATL,AE,AECO,567.986,False
4/20/2025 6:00:00 PM,4/20/2025 2:00:00 PM,RFC,MIDATL,AE,AECO,590.950,False
4/20/2025 7:00:00 PM,4/20/2025 3:00:00 PM,RFC,MIDATL,AE,AECO,650.636,False
4/20/2025 8:00:00 PM,4/20/2025 4:00:00 PM,RFC,MIDATL,AE,AECO,698.900,False
4/20/2025 9:00:00 PM,4/20/2025 5:00:00 PM,RFC,MIDATL,AE,AECO,776.215,False
4/20/2025 10:00:00 PM,4/20/2025 6:00:00 PM,RFC,MIDATL,AE,AECO,821.452,False
4/20/2025 11:00:00 PM,4/20/2025 7:00:00 PM,RFC,MIDATL,AE,AECO,864.785,False
4/21/2025 12:00:00 AM,4/20/2025 8:00:00 PM,RFC,MIDATL,AE,AECO,913.353,False
4/21/2025 1:00:00 AM,4/20/2025 9:00:00 PM,RFC,MIDATL,AE,AECO,883.673,False
4/21/2025 2:00:00 AM,4/20/2025 10:00:00 PM,RFC,MIDATL,AE,AECO,841.148,False
4/21/2025 3:00:00 AM,4/20/2025 11:00:00 PM,RFC,MIDATL,AE,AECO,778.485,False
4/21/2025 4:00:00 AM,4/21/2025 12:00:00 AM,RFC,MIDATL,AE,AECO,735.935,False
4/21/2025 5:00:00 AM,4/21/2025 1:00:00 AM,RFC,MIDATL,AE,AECO,710.166,False
4/21/2025 6:00:00 AM,4/21/2025 2:00:00 AM,RFC,MIDATL,AE,AECO,693.277,False
4/21/2025 7:00:00 AM,4/21/2025 3:00:00 AM,RFC,MIDATL,AE,AECO,697.864,False
4/21/2025 8:00:00 AM,4/21/2025 4:00:00 AM,RFC,MIDATL,AE,AECO,709.145,False
4/21/2025 9:00:00 AM,4/21/2025 5:00:00 AM,RFC,MIDATL,AE,AECO,749.675,False
4/21/2025 10:00:00 AM,4/21/2025 6:00:00 AM,RFC,MIDATL,AE,AECO,785.517,False
4/21/2025 11:00:00 AM,4/21/2025 7:00:00 AM,RFC,MIDATL,AE,AECO,824.365,False
4/21/2025 12:00:00 PM,4/21/2025 8:00:00 AM,RFC,MIDATL,AE,AECO,832.163,False
4/21/2025 1:00:00 PM,4/21/2025 9:00:00 AM,RFC,MIDATL,AE,AECO,801.456,False
4/21/2025 2:00:00 PM,4/21/2025 10:00:00 AM,RFC,MIDATL,AE,AECO,683.297,False
4/21/2025 3:00:00 PM,4/21/2025 11:00:00 AM,RFC,MIDATL,AE,AECO,571.468,False
4/21/2025 4:00:00 PM,4/21/2025 12:00:00 PM,RFC,MIDATL,AE,AECO,708.326,False
4/21/2025 5:00:00 PM,4/21/2025 1:00:00 PM,RFC,MIDATL,AE,AECO,799.999,False
4/21/2025 6:00:00 PM,4/21/2025 2:00:00 PM,RFC,MIDATL,AE,AECO,829.846,False
4/21/2025 7:00:00 PM,4/21/2025 3:00:00 PM,RFC,MIDATL,AE,AECO,825.637,False
4/21/2025 8:00:00 PM,4/21/2025 4:00:00 PM,RFC,MIDATL,AE,AECO,842.361,False
4/21/2025 9:00:00 PM,4/21/2025 5:00:00 PM,RFC,MIDATL,AE,AECO,900.797,False
4/21/2025 10:00:00 PM,4/21/2025 6:00:00 PM,RFC,MIDATL,AE,AECO,936.226,False
4/21/2025 11:00:00 PM,4/21/2025 7:00:00 PM,RFC,MIDATL,AE,AECO,960.852,False
4/22/2025 12:00:00 AM,4/21/2025 8:00:00 PM,RFC,MIDATL,AE,AECO,975.181,False
4/22/2025 1:00:00 AM,4/21/2025 9:00:00 PM,RFC,MIDATL,AE,AECO,938.069,False
4/22/2025 2:00:00 AM,4/21/2025 10:00:00 PM,RFC,MIDATL,AE,AECO,870.678,False
4/22/2025 3:00:00 AM,4/21/2025 11:00:00 PM,RFC,MIDATL,AE,AECO,825.517,False
4/22/2025 4:00:00 AM,4/22/2025 12:00:00 AM,RFC,MIDATL,AE,AECO,792.154,False
4/22/2025 5:00:00 AM,4/22/2025 1:00:00 AM,RFC,MIDATL,AE,AECO,754.362,False
4/22/2025 6:00:00 AM,4/22/2025 2:00:00 AM,RFC,MIDATL,AE,AECO,749.140,False
4/22/2025 7:00:00 AM,4/22/2025 3:00:00 AM,RFC,MIDATL,AE,AECO,738.593,False
4/22/2025 8:00:00 AM,4/22/2025 4:00:00 AM,RFC,MIDATL,AE,AECO,746.858,False
4/22/2025 9:00:00 AM,4/22/2025 5:00:00 AM,RFC,MIDATL,AE,AECO,788.433,False
4/22/2025 10:00:00 AM,4/22/2025 6:00:00 AM,RFC,MIDATL,AE,AECO,825.527,False
4/22/2025 11:00:00 AM,4/22/2025 7:00:00 AM,RFC,MIDATL,AE,AECO,801.189,False
4/22/2025 12:00:00 PM,4/22/2025 8:00:00 AM,RFC,MIDATL,AE,AECO,757.766,False
4/22/2025 1:00:00 PM,4/22/2025 9:00:00 AM,RFC,MIDATL,AE,AECO,666.879,False
4/22/2025 2:00:00 PM,4/22/2025 10:00:00 AM,RFC,MIDATL,AE,AECO,602.765,False
4/22/2025 3:00:00 PM,4/22/2025 11:00:00 AM,RFC,MIDATL,AE,AECO,577.109,False
4/22/2025 4:00:00 PM,4/22/2025 12:00:00 PM,RFC,MIDATL,AE,AECO,560.762,False
4/22/2025 5:00:00 PM,4/22/2025 1:00:00 PM,RFC,MIDATL,AE,AECO,600.246,False
4/22/2025 6:00:00 PM,4/22/2025 2:00:00 PM,RFC,MIDATL,AE,AECO,641.208,False
4/22/2025 7:00:00 PM,4/22/2025 3:00:00 PM,RFC,MIDATL,AE,AECO,732.386,False
4/22/2025 8:00:00 PM,4/22/2025 4:00:00 PM,RFC,MIDATL,AE,AECO,822.186,False
4/22/2025 9:00:00 PM,4/22/2025 5:00:00 PM,RFC,MIDATL,AE,AECO,938.478,False
4/22/2025 10:00:00 PM,4/22/2025 6:00:00 PM,RFC,MIDATL,AE,AECO,1025.362,False
4/22/2025 11:00:00 PM,4/22/2025 7:00:00 PM,RFC,MIDATL,AE,AECO,1067.638,False
4/23/2025 12:00:00 AM,4/22/2025 8:00:00 PM,RFC,MIDATL,AE,AECO,1077.180,False
4/23/2025 1:00:00 AM,4/22/2025 9:00:00 PM,RFC,MIDATL,AE,AECO,1015.065,False
4/23/2025 2:00:00 AM,4/22/2025 10:00:00 PM,RFC,MIDATL,AE,AECO,931.337,False
4/23/2025 3:00:00 AM,4/22/2025 11:00:00 PM,RFC,MIDATL,AE,AECO,856.524,False
4/23/2025 4:00:00 AM,4/23/2025 12:00:00 AM,RFC,MIDATL,AE,AECO,792.002,False
4/23/2025 5:00:00 AM,4/23/2025 1:00:00 AM,RFC,MIDATL,AE,AECO,747.096,False
4/23/2025 6:00:00 AM,4/23/2025 2:00:00 AM,RFC,MIDATL,AE,AECO,722.167,False
4/23/2025 7:00:00 AM,4/23/2025 3:00:00 AM,RFC,MIDATL,AE,AECO,709.786,False
4/23/2025 8:00:00 AM,4/23/2025 4:00:00 AM,RFC,MIDATL,AE,AECO,708.434,False
4/23/2025 9:00:00 AM,4/23/2025 5:00:00 AM,RFC,MIDATL,AE,AECO,755.827,False
4/23/2025 10:00:00 AM,4/23/2025 6:00:00 AM,RFC,MIDATL,AE,AECO,787.099,False
4/23/2025 11:00:00 AM,4/23/2025 7:00:00 AM,RFC,MIDATL,AE,AECO,782.571,False
4/23/2025 12:00:00 PM,4/23/2025 8:00:00 AM,RFC,MIDATL,AE,AECO,723.036,False
4/23/2025 1:00:00 PM,4/23/2025 9:00:00 AM,RFC,MIDATL,AE,AECO,642.658,False
4/23/2025 2:00:00 PM,4/23/2025 10:00:00 AM,RFC,MIDATL,AE,AECO,570.215,False
4/23/2025 3:00:00 PM,4/23/2025 11:00:00 AM,RFC,MIDATL,AE,AECO,519.708,False
4/23/2025 4:00:00 PM,4/23/2025 12:00:00 PM,RFC,MIDATL,AE,AECO,506.700,False
4/23/2025 5:00:00 PM,4/23/2025 1:00:00 PM,RFC,MIDATL,AE,AECO,518.836,False
4/23/2025 6:00:00 PM,4/23/2025 2:00:00 PM,RFC,MIDATL,AE,AECO,551.616,False
4/23/2025 7:00:00 PM,4/23/2025 3:00:00 PM,RFC,MIDATL,AE,AECO,636.144,False
4/23/2025 8:00:00 PM,4/23/2025 4:00:00 PM,RFC,MIDATL,AE,AECO,740.095,False
4/23/2025 9:00:00 PM,4/23/2025 5:00:00 PM,RFC,MIDATL,AE,AECO,841.118,False
4/23/2025 10:00:00 PM,4/23/2025 6:00:00 PM,RFC,MIDATL,AE,AECO,948.734,False
4/23/2025 11:00:00 PM,4/23/2025 7:00:00 PM,RFC,MIDATL,AE,AECO,988.143,False
4/24/2025 12:00:00 AM,4/23/2025 8:00:00 PM,RFC,MIDATL,AE,AECO,1004.116,False
4/24/2025 1:00:00 AM,4/23/2025 9:00:00 PM,RFC,MIDATL,AE,AECO,951.550,False
4/24/2025 2:00:00 AM,4/23/2025 10:00:00 PM,RFC,MIDATL,AE,AECO,889.627,False
4/24/2025 3:00:00 AM,4/23/2025 11:00:00 PM,RFC,MIDATL,AE,AECO,810.135,False
4/24/2025 4:00:00 AM,4/24/2025 12:00:00 AM,RFC,MIDATL,AE,AECO,752.277,False
4/24/2025 5:00:00 AM,4/24/2025 1:00:00 AM,RFC,MIDATL,AE,AECO,731.175,False
4/24/2025 6:00:00 AM,4/24/2025 2:00:00 AM,RFC,MIDATL,AE,AECO,713.529,False
4/24/2025 7:00:00 AM,4/24/2025 3:00:00 AM,RFC,MIDATL,AE,AECO,712.772,False
4/24/2025 8:00:00 AM,4/24/2025 4:00:00 AM,RFC,MIDATL,AE,AECO,720.896,False
4/24/2025 9:00:00 AM,4/24/2025 5:00:00 AM,RFC,MIDATL,AE,AECO,770.665,False
4/24/2025 10:00:00 AM,4/24/2025 6:00:00 AM,RFC,MIDATL,AE,AECO,785.631,False
4/24/2025 11:00:00 AM,4/24/2025 7:00:00 AM,RFC,MIDATL,AE,AECO,795.096,False
4/24/2025 12:00:00 PM,4/24/2025 8:00:00 AM,RFC,MIDATL,AE,AECO,718.507,False
4/24/2025 1:00:00 PM,4/24/2025 9:00:00 AM,RFC,MIDATL,AE,AECO,639.771,False
4/24/2025 2:00:00 PM,4/24/2025 10:00:00 AM,RFC,MIDATL,AE,AECO,588.033,False
4/24/2025 3:00:00 PM,4/24/2025 11:00:00 AM,RFC,MIDATL,AE,AECO,564.535,False
4/24/2025 4:00:00 PM,4/24/2025 12:00:00 PM,RFC,MIDATL,AE,AECO,564.509,False
4/24/2025 5:00:00 PM,4/24/2025 1:00:00 PM,RFC,MIDATL,AE,AECO,592.560,False
4/24/2025 6:00:00 PM,4/24/2025 2:00:00 PM,RFC,MIDATL,AE,AECO,646.142,False
4/24/2025 7:00:00 PM,4/24/2025 3:00:00 PM,RFC,MIDATL,AE,AECO,707.422,False
4/24/2025 8:00:00 PM,4/24/2025 4:00:00 PM,RFC,MIDATL,AE,AECO,793.920,False
4/24/2025 9:00:00 PM,4/24/2025 5:00:00 PM,RFC,MIDATL,AE,AECO,865.612,False
4/24/2025 10:00:00 PM,4/24/2025 6:00:00 PM,RFC,MIDATL,AE,AECO,942.093,False
4/24/2025 11:00:00 PM,4/24/2025 7:00:00 PM,RFC,MIDATL,AE,AECO,982.778,False
4/25/2025 12:00:00 AM,4/24/2025 8:00:00 PM,RFC,MIDATL,AE,AECO,1007.471,False
4/25/2025 1:00:00 AM,4/24/2025 9:00:00 PM,RFC,MIDATL,AE,AECO,960.032,False
4/25/2025 2:00:00 AM,4/24/2025 10:00:00 PM,RFC,MIDATL,AE,AECO,886.656,False
4/25/2025 3:00:00 AM,4/24/2025 11:00:00 PM,RFC,MIDATL,AE,AECO,817.370,False
4/25/2025 4:00:00 AM,4/25/2025 12:00:00 AM,RFC,MIDATL,AE,AECO,773.787,False
4/25/2025 5:00:00 AM,4/25/2025 1:00:00 AM,RFC,MIDATL,AE,AECO,734.850,False
4/25/2025 6:00:00 AM,4/25/2025 2:00:00 AM,RFC,MIDATL,AE,AECO,710.836,False
4/25/2025 7:00:00 AM,4/25/2025 3:00:00 AM,RFC,MIDATL,AE,AECO,701.495,False
4/25/2025 8:00:00 AM,4/25/2025 4:00:00 AM,RFC,MIDATL,AE,AECO,711.701,False
4/25/2025 9:00:00 AM,4/25/2025 5:00:00 AM,RFC,MIDATL,AE,AECO,750.052,False
4/25/2025 10:00:00 AM,4/25/2025 6:00:00 AM,RFC,MIDATL,AE,AECO,785.224,False
4/25/2025 11:00:00 AM,4/25/2025 7:00:00 AM,RFC,MIDATL,AE,AECO,778.494,False
4/25/2025 12:00:00 PM,4/25/2025 8:00:00 AM,RFC,MIDATL,AE,AECO,740.490,False
4/25/2025 1:00:00 PM,4/25/2025 9:00:00 AM,RFC,MIDATL,AE,AECO,658.308,False
4/25/2025 2:00:00 PM,4/25/2025 10:00:00 AM,RFC,MIDATL,AE,AECO,578.332,False
4/25/2025 3:00:00 PM,4/25/2025 11:00:00 AM,RFC,MIDATL,AE,AECO,571.667,False
4/25/2025 4:00:00 PM,4/25/2025 12:00:00 PM,RFC,MIDATL,AE,AECO,585.650,False
4/25/2025 5:00:00 PM,4/25/2025 1:00:00 PM,RFC,MIDATL,AE,AECO,644.338,False
4/25/2025 6:00:00 PM,4/25/2025 2:00:00 PM,RFC,MIDATL,AE,AECO,620.108,False
4/25/2025 7:00:00 PM,4/25/2025 3:00:00 PM,RFC,MIDATL,AE,AECO,685.776,False
4/25/2025 8:00:00 PM,4/25/2025 4:00:00 PM,RFC,MIDATL,AE,AECO,793.330,False
4/25/2025 9:00:00 PM,4/25/2025 5:00:00 PM,RFC,MIDATL,AE,AECO,890.637,False
4/25/2025 10:00:00 PM,4/25/2025 6:00:00 PM,RFC,MIDATL,AE,AECO,971.126,False
4/25/2025 11:00:00 PM,4/25/2025 7:00:00 PM,RFC,MIDATL,AE,AECO,1002.829,False
4/26/2025 12:00:00 AM,4/25/2025 8:00:00 PM,RFC,MIDATL,AE,AECO,1019.262,False
4/26/2025 1:00:00 AM,4/25/2025 9:00:00 PM,RFC,MIDATL,AE,AECO,986.574,False
4/26/2025 2:00:00 AM,4/25/2025 10:00:00 PM,RFC,MIDATL,AE,AECO,926.237,False
4/26/2025 3:00:00 AM,4/25/2025 11:00:00 PM,RFC,MIDATL,AE,AECO,866.170,False
4/26/2025 4:00:00 AM,4/26/2025 12:00:00 AM,RFC,MIDATL,AE,AECO,810.420,False
4/26/2025 5:00:00 AM,4/26/2025 1:00:00 AM,RFC,MIDATL,AE,AECO,772.354,False
4/26/2025 6:00:00 AM,4/26/2025 2:00:00 AM,RFC,MIDATL,AE,AECO,747.051,False
4/26/2025 7:00:00 AM,4/26/2025 3:00:00 AM,RFC,MIDATL,AE,AECO,732.288,False
4/26/2025 8:00:00 AM,4/26/2025 4:00:00 AM,RFC,MIDATL,AE,AECO,731.877,False
4/26/2025 9:00:00 AM,4/26/2025 5:00:00 AM,RFC,MIDATL,AE,AECO,739.794,False
4/26/2025 10:00:00 AM,4/26/2025 6:00:00 AM,RFC,MIDATL,AE,AECO,754.317,False
4/26/2025 11:00:00 AM,4/26/2025 7:00:00 AM,RFC,MIDATL,AE,AECO,772.968,False
4/26/2025 12:00:00 PM,4/26/2025 8:00:00 AM,RFC,MIDATL,AE,AECO,778.967,False
4/26/2025 1:00:00 PM,4/26/2025 9:00:00 AM,RFC,MIDATL,AE,AECO,790.428,False
4/26/2025 2:00:00 PM,4/26/2025 10:00:00 AM,RFC,MIDATL,AE,AECO,759.126,False
4/26/2025 3:00:00 PM,4/26/2025 11:00:00 AM,RFC,MIDATL,AE,AECO,756.955,False
4/26/2025 4:00:00 PM,4/26/2025 12:00:00 PM,RFC,MIDATL,AE,AECO,798.045,False
4/26/2025 5:00:00 PM,4/26/2025 1:00:00 PM,RFC,MIDATL,AE,AECO,860.529,False
4/26/2025 6:00:00 PM,4/26/2025 2:00:00 PM,RFC,MIDATL,AE,AECO,859.896,False
4/26/2025 7:00:00 PM,4/26/2025 3:00:00 PM,RFC,MIDATL,AE,AECO,829.621,False
4/26/2025 8:00:00 PM,4/26/2025 4:00:00 PM,RFC,MIDATL,AE,AECO,837.634,False
4/26/2025 9:00:00 PM,4/26/2025 5:00:00 PM,RFC,MIDATL,AE,AECO,956.145,False
4/26/2025 10:00:00 PM,4/26/2025 6:00:00 PM,RFC,MIDATL,AE,AECO,948.085,False
4/26/2025 11:00:00 PM,4/26/2025 7:00:00 PM,RFC,MIDATL,AE,AECO,971.321,False
4/27/2025 12:00:00 AM,4/26/2025 8:00:00 PM,RFC,MIDATL,AE,AECO,991.321,False
4/27/2025 1:00:00 AM,4/26/2025 9:00:00 PM,RFC,MIDATL,AE,AECO,958.783,False
4/27/2025 2:00:00 AM,4/26/2025 10:00:00 PM,RFC,MIDATL,AE,AECO,882.316,False
4/27/2025 3:00:00 AM,4/26/2025 11:00:00 PM,RFC,MIDATL,AE,AECO,810.736,False
4/27/2025 4:00:00 AM,4/27/2025 12:00:00 AM,RFC,MIDATL,AE,AECO,759.623,False
4/27/2025 5:00:00 AM,4/27/2025 1:00:00 AM,RFC,MIDATL,AE,AECO,727.645,False
4/27/2025 6:00:00 AM,4/27/2025 2:00:00 AM,RFC,MIDATL,AE,AECO,703.683,False
4/27/2025 7:00:00 AM,4/27/2025 3:00:00 AM,RFC,MIDATL,AE,AECO,692.749,False
4/27/2025 8:00:00 AM,4/27/2025 4:00:00 AM,RFC,MIDATL,AE,AECO,689.394,False
4/27/2025 9:00:00 AM,4/27/2025 5:00:00 AM,RFC,MIDATL,AE,AECO,704.002,False
4/27/2025 10:00:00 AM,4/27/2025 6:00:00 AM,RFC,MIDATL,AE,AECO,707.832,False
4/27/2025 11:00:00 AM,4/27/2025 7:00:00 AM,RFC,MIDATL,AE,AECO,694.610,False
4/27/2025 12:00:00 PM,4/27/2025 8:00:00 AM,RFC,MIDATL,AE,AECO,625.539,False
4/27/2025 1:00:00 PM,4/27/2025 9:00:00 AM,RFC,MIDATL,AE,AECO,538.219,False
4/27/2025 2:00:00 PM,4/27/2025 10:00:00 AM,RFC,MIDATL,AE,AECO,490.753,False
4/27/2025 3:00:00 PM,4/27/2025 11:00:00 AM,RFC,MIDATL,AE,AECO,454.720,False
4/27/2025 4:00:00 PM,4/27/2025 12:00:00 PM,RFC,MIDATL,AE,AECO,467.699,False
4/27/2025 5:00:00 PM,4/27/2025 1:00:00 PM,RFC,MIDATL,AE,AECO,439.777,False
4/27/2025 6:00:00 PM,4/27/2025 2:00:00 PM,RFC,MIDATL,AE,AECO,418.018,False
4/27/2025 7:00:00 PM,4/27/2025 3:00:00 PM,RFC,MIDATL,AE,AECO,461.777,False
4/27/2025 8:00:00 PM,4/27/2025 4:00:00 PM,RFC,MIDATL,AE,AECO,573.084,False
4/27/2025 9:00:00 PM,4/27/2025 5:00:00 PM,RFC,MIDATL,AE,AECO,698.923,False
4/27/2025 10:00:00 PM,4/27/2025 6:00:00 PM,RFC,MIDATL,AE,AECO,822.804,False
4/27/2025 11:00:00 PM,4/27/2025 7:00:00 PM,RFC,MIDATL,AE,AECO,896.600,False
4/28/2025 12:00:00 AM,4/27/2025 8:00:00 PM,RFC,MIDATL,AE,AECO,941.572,False
4/28/2025 1:00:00 AM,4/27/2025 9:00:00 PM,RFC,MIDATL,AE,AECO,904.690,False
4/28/2025 2:00:00 AM,4/27/2025 10:00:00 PM,RFC,MIDATL,AE,AECO,842.292,False
4/28/2025 3:00:00 AM,4/27/2025 11:00:00 PM,RFC,MIDATL,AE,AECO,777.995,False
4/28/2025 4:00:00 AM,4/28/2025 12:00:00 AM,RFC,MIDATL,AE,AECO,739.698,False
4/28/2025 5:00:00 AM,4/28/2025 1:00:00 AM,RFC,MIDATL,AE,AECO,711.949,False
4/28/2025 6:00:00 AM,4/28/2025 2:00:00 AM,RFC,MIDATL,AE,AECO,700.796,False
4/28/2025 7:00:00 AM,4/28/2025 3:00:00 AM,RFC,MIDATL,AE,AECO,699.107,False
4/28/2025 8:00:00 AM,4/28/2025 4:00:00 AM,RFC,MIDATL,AE,AECO,716.482,False
4/28/2025 9:00:00 AM,4/28/2025 5:00:00 AM,RFC,MIDATL,AE,AECO,763.270,False
4/28/2025 10:00:00 AM,4/28/2025 6:00:00 AM,RFC,MIDATL,AE,AECO,821.710,False
4/28/2025 11:00:00 AM,4/28/2025 7:00:00 AM,RFC,MIDATL,AE,AECO,807.624,False
4/28/2025 12:00:00 PM,4/28/2025 8:00:00 AM,RFC,MIDATL,AE,AECO,722.025,False
4/28/2025 1:00:00 PM,4/28/2025 9:00:00 AM,RFC,MIDATL,AE,AECO,613.800,False
4/28/2025 2:00:00 PM,4/28/2025 10:00:00 AM,RFC,MIDATL,AE,AECO,527.248,False
4/28/2025 3:00:00 PM,4/28/2025 11:00:00 AM,RFC,MIDATL,AE,AECO,494.403,False
4/28/2025 4:00:00 PM,4/28/2025 12:00:00 PM,RFC,MIDATL,AE,AECO,471.449,False
4/28/2025 5:00:00 PM,4/28/2025 1:00:00 PM,RFC,MIDATL,AE,AECO,487.190,False
4/28/2025 6:00:00 PM,4/28/2025 2:00:00 PM,RFC,MIDATL,AE,AECO,512.275,False
4/28/2025 7:00:00 PM,4/28/2025 3:00:00 PM,RFC,MIDATL,AE,AECO,577.666,False
4/28/2025 8:00:00 PM,4/28/2025 4:00:00 PM,RFC,MIDATL,AE,AECO,693.216,False
4/28/2025 9:00:00 PM,4/28/2025 5:00:00 PM,RFC,MIDATL,AE,AECO,826.779,False
4/28/2025 10:00:00 PM,4/28/2025 6:00:00 PM,RFC,MIDATL,AE,AECO,931.499,False
4/28/2025 11:00:00 PM,4/28/2025 7:00:00 PM,RFC,MIDATL,AE,AECO,985.748,False
4/29/2025 12:00:00 AM,4/28/2025 8:00:00 PM,RFC,MIDATL,AE,AECO,1015.271,False
4/29/2025 1:00:00 AM,4/28/2025 9:00:00 PM,RFC,MIDATL,AE,AECO,966.078,False
4/29/2025 2:00:00 AM,4/28/2025 10:00:00 PM,RFC,MIDATL,AE,AECO,884.439,False
4/29/2025 3:00:00 AM,4/28/2025 11:00:00 PM,RFC,MIDATL,AE,AECO,810.267,False
4/29/2025 4:00:00 AM,4/29/2025 12:00:00 AM,RFC,MIDATL,AE,AECO,764.389,False
4/29/2025 5:00:00 AM,4/29/2025 1:00:00 AM,RFC,MIDATL,AE,AECO,737.304,False
4/29/2025 6:00:00 AM,4/29/2025 2:00:00 AM,RFC,MIDATL,AE,AECO,718.987,False
4/29/2025 7:00:00 AM,4/29/2025 3:00:00 AM,RFC,MIDATL,AE,AECO,712.653,False
4/29/2025 8:00:00 AM,4/29/2025 4:00:00 AM,RFC,MIDATL,AE,AECO,725.272,False
4/29/2025 9:00:00 AM,4/29/2025 5:00:00 AM,RFC,MIDATL,AE,AECO,765.423,False
4/29/2025 10:00:00 AM,4/29/2025 6:00:00 AM,RFC,MIDATL,AE,AECO,814.382,False
4/29/2025 11:00:00 AM,4/29/2025 7:00:00 AM,RFC,MIDATL,AE,AECO,804.007,False
4/29/2025 12:00:00 PM,4/29/2025 8:00:00 AM,RFC,MIDATL,AE,AECO,725.137,False
4/29/2025 1:00:00 PM,4/29/2025 9:00:00 AM,RFC,MIDATL,AE,AECO,617.147,False
4/29/2025 2:00:00 PM,4/29/2025 10:00:00 AM,RFC,MIDATL,AE,AECO,535.669,False
4/29/2025 3:00:00 PM,4/29/2025 11:00:00 AM,RFC,MIDATL,AE,AECO,502.011,False
4/29/2025 4:00:00 PM,4/29/2025 12:00:00 PM,RFC,MIDATL,AE,AECO,492.021,False
4/29/2025 5:00:00 PM,4/29/2025 1:00:00 PM,RFC,MIDATL,AE,AECO,522.270,False
4/29/2025 6:00:00 PM,4/29/2025 2:00:00 PM,RFC,MIDATL,AE,AECO,571.059,False
4/29/2025 7:00:00 PM,4/29/2025 3:00:00 PM,RFC,MIDATL,AE,AECO,651.354,False
4/29/2025 8:00:00 PM,4/29/2025 4:00:00 PM,RFC,MIDATL,AE,AECO,770.859,False
4/29/2025 9:00:00 PM,4/29/2025 5:00:00 PM,RFC,MIDATL,AE,AECO,915.103,False
4/29/2025 10:00:00 PM,4/29/2025 6:00:00 PM,RFC,MIDATL,AE,AECO,1015.926,False
4/29/2025 11:00:00 PM,4/29/2025 7:00:00 PM,RFC,MIDATL,AE,AECO,1058.424,False
4/30/2025 12:00:00 AM,4/29/2025 8:00:00 PM,RFC,MIDATL,AE,AECO,1089.860,False
4/30/2025 1:00:00 AM,4/29/2025 9:00:00 PM,RFC,MIDATL,AE,AECO,1042.268,False
4/30/2025 2:00:00 AM,4/29/2025 10:00:00 PM,RFC,MIDATL,AE,AECO,953.589,False
4/30/2025 3:00:00 AM,4/29/2025 11:00:00 PM,RFC,MIDATL,AE,AECO,881.502,False
4/30/2025 4:00:00 AM,4/30/2025 12:00:00 AM,RFC,MIDATL,AE,AECO,818.683,False
4/30/2025 5:00:00 AM,4/30/2025 1:00:00 AM,RFC,MIDATL,AE,AECO,782.755,False
4/30/2025 6:00:00 AM,4/30/2025 2:00:00 AM,RFC,MIDATL,AE,AECO,762.936,False
4/30/2025 7:00:00 AM,4/30/2025 3:00:00 AM,RFC,MIDATL,AE,AECO,754.823,False
4/30/2025 8:00:00 AM,4/30/2025 4:00:00 AM,RFC,MIDATL,AE,AECO,764.361,False
4/30/2025 9:00:00 AM,4/30/2025 5:00:00 AM,RFC,MIDATL,AE,AECO,806.724,False
4/30/2025 10:00:00 AM,4/30/2025 6:00:00 AM,RFC,MIDATL,AE,AECO,853.671,False
4/30/2025 11:00:00 AM,4/30/2025 7:00:00 AM,RFC,MIDATL,AE,AECO,883.996,False
4/30/2025 12:00:00 PM,4/30/2025 8:00:00 AM,RFC,MIDATL,AE,AECO,819.423,False
4/30/2025 1:00:00 PM,4/30/2025 9:00:00 AM,RFC,MIDATL,AE,AECO,757.735,False
4/30/2025 2:00:00 PM,4/30/2025 10:00:00 AM,RFC,MIDATL,AE,AECO,754.605,False
4/30/2025 3:00:00 PM,4/30/2025 11:00:00 AM,RFC,MIDATL,AE,AECO,720.165,False
4/30/2025 4:00:00 PM,4/30/2025 12:00:00 PM,RFC,MIDATL,AE,AECO,674.966,False
4/30/2025 5:00:00 PM,4/30/2025 1:00:00 PM,RFC,MIDATL,AE,AECO,694.464,False
4/30/2025 6:00:00 PM,4/30/2025 2:00:00 PM,RFC,MIDATL,AE,AECO,727.919,False
4/30/2025 7:00:00 PM,4/30/2025 3:00:00 PM,RFC,MIDATL,AE,AECO,817.498,False
4/30/2025 8:00:00 PM,4/30/2025 4:00:00 PM,RFC,MIDATL,AE,AECO,926.284,False
4/30/2025 9:00:00 PM,4/30/2025 5:00:00 PM,RFC,MIDATL,AE,AECO,1041.725,False
4/30/2025 10:00:00 PM,4/30/2025 6:00:00 PM,RFC,MIDATL,AE,AECO,1110.960,False
4/30/2025 11:00:00 PM,4/30/2025 7:00:00 PM,RFC,MIDATL,AE,AECO,1119.987,False
5/1/2025 12:00:00 AM,4/30/2025 8:00:00 PM,RFC,MIDATL,AE,AECO,1117.627,False
5/1/2025 1:00:00 AM,4/30/2025 9:00:00 PM,RFC,MIDATL,AE,AECO,1040.637,False
5/1/2025 2:00:00 AM,4/30/2025 10:00:00 PM,RFC,MIDATL,AE,AECO,959.120,False
5/1/2025 3:00:00 AM,4/30/2025 11:00:00 PM,RFC,MIDATL,AE,AECO,864.076,False
5/1/2025 4:00:00 AM,5/1/2025 12:00:00 AM,RFC,MIDATL,AE,AECO,808.358,False
5/1/2025 5:00:00 AM,5/1/2025 1:00:00 AM,RFC,MIDATL,AE,AECO,763.599,False
5/1/2025 6:00:00 AM,5/1/2025 2:00:00 AM,RFC,MIDATL,AE,AECO,738.619,False
5/1/2025 7:00:00 AM,5/1/2025 3:00:00 AM,RFC,MIDATL,AE,AECO,727.590,False
5/1/2025 8:00:00 AM,5/1/2025 4:00:00 AM,RFC,MIDATL,AE,AECO,735.973,False
5/1/2025 9:00:00 AM,5/1/2025 5:00:00 AM,RFC,MIDATL,AE,AECO,772.210,False
5/1/2025 10:00:00 AM,5/1/2025 6:00:00 AM,RFC,MIDATL,AE,AECO,815.692,False
5/1/2025 11:00:00 AM,5/1/2025 7:00:00 AM,RFC,MIDATL,AE,AECO,819.191,False
5/1/2025 12:00:00 PM,5/1/2025 8:00:00 AM,RFC,MIDATL,AE,AECO,773.631,False
5/1/2025 1:00:00 PM,5/1/2025 9:00:00 AM,RFC,MIDATL,AE,AECO,707.097,False
5/1/2025 2:00:00 PM,5/1/2025 10:00:00 AM,RFC,MIDATL,AE,AECO,653.675,False
5/1/2025 3:00:00 PM,5/1/2025 11:00:00 AM,RFC,MIDATL,AE,AECO,584.217,False
5/1/2025 4:00:00 PM,5/1/2025 12:00:00 PM,RFC,MIDATL,AE,AECO,556.720,False
5/1/2025 5:00:00 PM,5/1/2025 1:00:00 PM,RFC,MIDATL,AE,AECO,564.844,False
5/1/2025 6:00:00 PM,5/1/2025 2:00:00 PM,RFC,MIDATL,AE,AECO,657.892,False
5/1/2025 7:00:00 PM,5/1/2025 3:00:00 PM,RFC,MIDATL,AE,AECO,741.177,False
5/1/2025 8:00:00 PM,5/1/2025 4:00:00 PM,RFC,MIDATL,AE,AECO,822.308,False
5/1/2025 9:00:00 PM,5/1/2025 5:00:00 PM,RFC,MIDATL,AE,AECO,907.452,False
5/1/2025 10:00:00 PM,5/1/2025 6:00:00 PM,RFC,MIDATL,AE,AECO,960.337,False
5/1/2025 11:00:00 PM,5/1/2025 7:00:00 PM,RFC,MIDATL,AE,AECO,999.486,False
5/2/2025 12:00:00 AM,5/1/2025 8:00:00 PM,RFC,MIDATL,AE,AECO,1015.313,False
5/2/2025 1:00:00 AM,5/1/2025 9:00:00 PM,RFC,MIDATL,AE,AECO,974.614,False
5/2/2025 2:00:00 AM,5/1/2025 10:00:00 PM,RFC,MIDATL,AE,AECO,910.214,False
5/2/2025 3:00:00 AM,5/1/2025 11:00:00 PM,RFC,MIDATL,AE,AECO,867.804,False
5/2/2025 4:00:00 AM,5/2/2025 12:00:00 AM,RFC,MIDATL,AE,AECO,802.882,False
5/2/2025 5:00:00 AM,5/2/2025 1:00:00 AM,RFC,MIDATL,AE,AECO,765.425,False
5/2/2025 6:00:00 AM,5/2/2025 2:00:00 AM,RFC,MIDATL,AE,AECO,745.601,False
5/2/2025 7:00:00 AM,5/2/2025 3:00:00 AM,RFC,MIDATL,AE,AECO,738.539,False
5/2/2025 8:00:00 AM,5/2/2025 4:00:00 AM,RFC,MIDATL,AE,AECO,748.147,False
5/2/2025 9:00:00 AM,5/2/2025 5:00:00 AM,RFC,MIDATL,AE,AECO,783.564,False
5/2/2025 10:00:00 AM,5/2/2025 6:00:00 AM,RFC,MIDATL,AE,AECO,828.860,False
5/2/2025 11:00:00 AM,5/2/2025 7:00:00 AM,RFC,MIDATL,AE,AECO,840.482,False
5/2/2025 12:00:00 PM,5/2/2025 8:00:00 AM,RFC,MIDATL,AE,AECO,824.262,False
5/2/2025 1:00:00 PM,5/2/2025 9:00:00 AM,RFC,MIDATL,AE,AECO,801.183,False
5/2/2025 2:00:00 PM,5/2/2025 10:00:00 AM,RFC,MIDATL,AE,AECO,767.617,False
5/2/2025 3:00:00 PM,5/2/2025 11:00:00 AM,RFC,MIDATL,AE,AECO,732.221,False
5/2/2025 4:00:00 PM,5/2/2025 12:00:00 PM,RFC,MIDATL,AE,AECO,761.878,False
5/2/2025 5:00:00 PM,5/2/2025 1:00:00 PM,RFC,MIDATL,AE,AECO,829.979,False
5/2/2025 6:00:00 PM,5/2/2025 2:00:00 PM,RFC,MIDATL,AE,AECO,910.025,False
5/2/2025 7:00:00 PM,5/2/2025 3:00:00 PM,RFC,MIDATL,AE,AECO,995.252,False
5/2/2025 8:00:00 PM,5/2/2025 4:00:00 PM,RFC,MIDATL,AE,AECO,1082.549,False
5/2/2025 9:00:00 PM,5/2/2025 5:00:00 PM,RFC,MIDATL,AE,AECO,1164.769,False
5/2/2025 10:00:00 PM,5/2/2025 6:00:00 PM,RFC,MIDATL,AE,AECO,1238.427,False
5/2/2025 11:00:00 PM,5/2/2025 7:00:00 PM,RFC,MIDATL,AE,AECO,1239.722,False
5/3/2025 12:00:00 AM,5/2/2025 8:00:00 PM,RFC,MIDATL,AE,AECO,1226.957,False
5/3/2025 1:00:00 AM,5/2/2025 9:00:00 PM,RFC,MIDATL,AE,AECO,1172.561,False
5/3/2025 2:00:00 AM,5/2/2025 10:00:00 PM,RFC,MIDATL,AE,AECO,1088.275,False
5/3/2025 3:00:00 AM,5/2/2025 11:00:00 PM,RFC,MIDATL,AE,AECO,998.493,False
5/3/2025 4:00:00 AM,5/3/2025 12:00:00 AM,RFC,MIDATL,AE,AECO,919.631,False
5/3/2025 5:00:00 AM,5/3/2025 1:00:00 AM,RFC,MIDATL,AE,AECO,858.760,False
5/3/2025 6:00:00 AM,5/3/2025 2:00:00 AM,RFC,MIDATL,AE,AECO,820.253,False
5/3/2025 7:00:00 AM,5/3/2025 3:00:00 AM,RFC,MIDATL,AE,AECO,791.480,False
5/3/2025 8:00:00 AM,5/3/2025 4:00:00 AM,RFC,MIDATL,AE,AECO,783.646,False
5/3/2025 9:00:00 AM,5/3/2025 5:00:00 AM,RFC,MIDATL,AE,AECO,789.236,False
5/3/2025 10:00:00 AM,5/3/2025 6:00:00 AM,RFC,MIDATL,AE,AECO,786.817,False
5/3/2025 11:00:00 AM,5/3/2025 7:00:00 AM,RFC,MIDATL,AE,AECO,794.074,False
5/3/2025 12:00:00 PM,5/3/2025 8:00:00 AM,RFC,MIDATL,AE,AECO,823.977,False
5/3/2025 1:00:00 PM,5/3/2025 9:00:00 AM,RFC,MIDATL,AE,AECO,830.271,False
5/3/2025 2:00:00 PM,5/3/2025 10:00:00 AM,RFC,MIDATL,AE,AECO,729.770,False
5/3/2025 3:00:00 PM,5/3/2025 11:00:00 AM,RFC,MIDATL,AE,AECO,732.629,False
5/3/2025 4:00:00 PM,5/3/2025 12:00:00 PM,RFC,MIDATL,AE,AECO,822.315,False
5/3/2025 5:00:00 PM,5/3/2025 1:00:00 PM,RFC,MIDATL,AE,AECO,880.945,False
5/3/2025 6:00:00 PM,5/3/2025 2:00:00 PM,RFC,MIDATL,AE,AECO,913.707,False
5/3/2025 7:00:00 PM,5/3/2025 3:00:00 PM,RFC,MIDATL,AE,AECO,970.025,False
5/3/2025 8:00:00 PM,5/3/2025 4:00:00 PM,RFC,MIDATL,AE,AECO,1075.636,False
5/3/2025 9:00:00 PM,5/3/2025 5:00:00 PM,RFC,MIDATL,AE,AECO,1169.242,False
5/3/2025 10:00:00 PM,5/3/2025 6:00:00 PM,RFC,MIDATL,AE,AECO,1212.041,False
5/3/2025 11:00:00 PM,5/3/2025 7:00:00 PM,RFC,MIDATL,AE,AECO,1192.160,False
5/4/2025 12:00:00 AM,5/3/2025 8:00:00 PM,RFC,MIDATL,AE,AECO,1175.441,False
5/4/2025 1:00:00 AM,5/3/2025 9:00:00 PM,RFC,MIDATL,AE,AECO,1120.954,False
5/4/2025 2:00:00 AM,5/3/2025 10:00:00 PM,RFC,MIDATL,AE,AECO,1042.245,False
5/4/2025 3:00:00 AM,5/3/2025 11:00:00 PM,RFC,MIDATL,AE,AECO,959.914,False
5/4/2025 4:00:00 AM,5/4/2025 12:00:00 AM,RFC,MIDATL,AE,AECO,888.420,False
5/4/2025 5:00:00 AM,5/4/2025 1:00:00 AM,RFC,MIDATL,AE,AECO,837.249,False
5/4/2025 6:00:00 AM,5/4/2025 2:00:00 AM,RFC,MIDATL,AE,AECO,796.725,False
5/4/2025 7:00:00 AM,5/4/2025 3:00:00 AM,RFC,MIDATL,AE,AECO,775.464,False
5/4/2025 8:00:00 AM,5/4/2025 4:00:00 AM,RFC,MIDATL,AE,AECO,768.914,False
5/4/2025 9:00:00 AM,5/4/2025 5:00:00 AM,RFC,MIDATL,AE,AECO,770.826,False
5/4/2025 10:00:00 AM,5/4/2025 6:00:00 AM,RFC,MIDATL,AE,AECO,764.214,False
5/4/2025 11:00:00 AM,5/4/2025 7:00:00 AM,RFC,MIDATL,AE,AECO,776.342,False
5/4/2025 12:00:00 PM,5/4/2025 8:00:00 AM,RFC,MIDATL,AE,AECO,797.795,False
5/4/2025 1:00:00 PM,5/4/2025 9:00:00 AM,RFC,MIDATL,AE,AECO,875.011,False
5/4/2025 2:00:00 PM,5/4/2025 10:00:00 AM,RFC,MIDATL,AE,AECO,913.373,False
5/4/2025 3:00:00 PM,5/4/2025 11:00:00 AM,RFC,MIDATL,AE,AECO,908.336,False
5/4/2025 4:00:00 PM,5/4/2025 12:00:00 PM,RFC,MIDATL,AE,AECO,890.837,False
5/4/2025 5:00:00 PM,5/4/2025 1:00:00 PM,RFC,MIDATL,AE,AECO,896.820,False
5/4/2025 6:00:00 PM,5/4/2025 2:00:00 PM,RFC,MIDATL,AE,AECO,908.480,False
5/4/2025 7:00:00 PM,5/4/2025 3:00:00 PM,RFC,MIDATL,AE,AECO,927.242,False
5/4/2025 8:00:00 PM,5/4/2025 4:00:00 PM,RFC,MIDATL,AE,AECO,930.593,False
5/4/2025 9:00:00 PM,5/4/2025 5:00:00 PM,RFC,MIDATL,AE,AECO,958.628,False
5/4/2025 10:00:00 PM,5/4/2025 6:00:00 PM,RFC,MIDATL,AE,AECO,980.674,False
5/4/2025 11:00:00 PM,5/4/2025 7:00:00 PM,RFC,MIDATL,AE,AECO,990.002,False
5/5/2025 12:00:00 AM,5/4/2025 8:00:00 PM,RFC,MIDATL,AE,AECO,1013.162,False
5/5/2025 1:00:00 AM,5/4/2025 9:00:00 PM,RFC,MIDATL,AE,AECO,976.829,False
5/5/2025 2:00:00 AM,5/4/2025 10:00:00 PM,RFC,MIDATL,AE,AECO,898.954,False
5/5/2025 3:00:00 AM,5/4/2025 11:00:00 PM,RFC,MIDATL,AE,AECO,837.719,False
5/5/2025 4:00:00 AM,5/5/2025 12:00:00 AM,RFC,MIDATL,AE,AECO,776.604,False
5/5/2025 5:00:00 AM,5/5/2025 1:00:00 AM,RFC,MIDATL,AE,AECO,752.010,False
5/5/2025 6:00:00 AM,5/5/2025 2:00:00 AM,RFC,MIDATL,AE,AECO,730.535,False
5/5/2025 7:00:00 AM,5/5/2025 3:00:00 AM,RFC,MIDATL,AE,AECO,731.379,False
5/5/2025 8:00:00 AM,5/5/2025 4:00:00 AM,RFC,MIDATL,AE,AECO,740.207,False
5/5/2025 9:00:00 AM,5/5/2025 5:00:00 AM,RFC,MIDATL,AE,AECO,785.030,False
5/5/2025 10:00:00 AM,5/5/2025 6:00:00 AM,RFC,MIDATL,AE,AECO,842.766,False
5/5/2025 11:00:00 AM,5/5/2025 7:00:00 AM,RFC,MIDATL,AE,AECO,877.781,False
5/5/2025 12:00:00 PM,5/5/2025 8:00:00 AM,RFC,MIDATL,AE,AECO,889.797,False
5/5/2025 1:00:00 PM,5/5/2025 9:00:00 AM,RFC,MIDATL,AE,AECO,893.623,False
5/5/2025 2:00:00 PM,5/5/2025 10:00:00 AM,RFC,MIDATL,AE,AECO,881.512,False
5/5/2025 3:00:00 PM,5/5/2025 11:00:00 AM,RFC,MIDATL,AE,AECO,831.110,False
5/5/2025 4:00:00 PM,5/5/2025 12:00:00 PM,RFC,MIDATL,AE,AECO,816.903,False
5/5/2025 5:00:00 PM,5/5/2025 1:00:00 PM,RFC,MIDATL,AE,AECO,789.178,False
5/5/2025 6:00:00 PM,5/5/2025 2:00:00 PM,RFC,MIDATL,AE,AECO,792.469,False
5/5/2025 7:00:00 PM,5/5/2025 3:00:00 PM,RFC,MIDATL,AE,AECO,848.379,False
5/5/2025 8:00:00 PM,5/5/2025 4:00:00 PM,RFC,MIDATL,AE,AECO,852.755,False
5/5/2025 9:00:00 PM,5/5/2025 5:00:00 PM,RFC,MIDATL,AE,AECO,932.608,False
5/5/2025 10:00:00 PM,5/5/2025 6:00:00 PM,RFC,MIDATL,AE,AECO,1009.468,False
5/5/2025 11:00:00 PM,5/5/2025 7:00:00 PM,RFC,MIDATL,AE,AECO,1048.157,False
5/6/2025 12:00:00 AM,5/5/2025 8:00:00 PM,RFC,MIDATL,AE,AECO,1062.773,False
5/6/2025 1:00:00 AM,5/5/2025 9:00:00 PM,RFC,MIDATL,AE,AECO,1008.325,False
5/6/2025 2:00:00 AM,5/5/2025 10:00:00 PM,RFC,MIDATL,AE,AECO,923.714,False
5/6/2025 3:00:00 AM,5/5/2025 11:00:00 PM,RFC,MIDATL,AE,AECO,856.858,False
5/6/2025 4:00:00 AM,5/6/2025 12:00:00 AM,RFC,MIDATL,AE,AECO,799.631,False
5/6/2025 5:00:00 AM,5/6/2025 1:00:00 AM,RFC,MIDATL,AE,AECO,765.806,False
5/6/2025 6:00:00 AM,5/6/2025 2:00:00 AM,RFC,MIDATL,AE,AECO,747.975,False
5/6/2025 7:00:00 AM,5/6/2025 3:00:00 AM,RFC,MIDATL,AE,AECO,740.478,False
5/6/2025 8:00:00 AM,5/6/2025 4:00:00 AM,RFC,MIDATL,AE,AECO,749.107,False
5/6/2025 9:00:00 AM,5/6/2025 5:00:00 AM,RFC,MIDATL,AE,AECO,789.127,False
5/6/2025 10:00:00 AM,5/6/2025 6:00:00 AM,RFC,MIDATL,AE,AECO,848.706,False
5/6/2025 11:00:00 AM,5/6/2025 7:00:00 AM,RFC,MIDATL,AE,AECO,883.015,False
5/6/2025 12:00:00 PM,5/6/2025 8:00:00 AM,RFC,MIDATL,AE,AECO,849.242,False
5/6/2025 1:00:00 PM,5/6/2025 9:00:00 AM,RFC,MIDATL,AE,AECO,845.930,False
5/6/2025 2:00:00 PM,5/6/2025 10:00:00 AM,RFC,MIDATL,AE,AECO,849.444,False
5/6/2025 3:00:00 PM,5/6/2025 11:00:00 AM,RFC,MIDATL,AE,AECO,751.461,False
5/6/2025 4:00:00 PM,5/6/2025 12:00:00 PM,RFC,MIDATL,AE,AECO,708.500,False
5/6/2025 5:00:00 PM,5/6/2025 1:00:00 PM,RFC,MIDATL,AE,AECO,720.085,False
5/6/2025 6:00:00 PM,5/6/2025 2:00:00 PM,RFC,MIDATL,AE,AECO,736.945,False
5/6/2025 7:00:00 PM,5/6/2025 3:00:00 PM,RFC,MIDATL,AE,AECO,843.800,False
5/6/2025 8:00:00 PM,5/6/2025 4:00:00 PM,RFC,MIDATL,AE,AECO,923.887,False
5/6/2025 9:00:00 PM,5/6/2025 5:00:00 PM,RFC,MIDATL,AE,AECO,976.472,False
5/6/2025 10:00:00 PM,5/6/2025 6:00:00 PM,RFC,MIDATL,AE,AECO,1045.802,False
5/6/2025 11:00:00 PM,5/6/2025 7:00:00 PM,RFC,MIDATL,AE,AECO,1057.258,False
5/7/2025 12:00:00 AM,5/6/2025 8:00:00 PM,RFC,MIDATL,AE,AECO,1068.243,False
5/7/2025 1:00:00 AM,5/6/2025 9:00:00 PM,RFC,MIDATL,AE,AECO,1019.688,False
5/7/2025 2:00:00 AM,5/6/2025 10:00:00 PM,RFC,MIDATL,AE,AECO,932.170,False
5/7/2025 3:00:00 AM,5/6/2025 11:00:00 PM,RFC,MIDATL,AE,AECO,852.035,False
5/7/2025 4:00:00 AM,5/7/2025 12:00:00 AM,RFC,MIDATL,AE,AECO,792.621,False
5/7/2025 5:00:00 AM,5/7/2025 1:00:00 AM,RFC,MIDATL,AE,AECO,757.504,False
5/7/2025 6:00:00 AM,5/7/2025 2:00:00 AM,RFC,MIDATL,AE,AECO,734.360,False
5/7/2025 7:00:00 AM,5/7/2025 3:00:00 AM,RFC,MIDATL,AE,AECO,721.963,False
5/7/2025 8:00:00 AM,5/7/2025 4:00:00 AM,RFC,MIDATL,AE,AECO,733.891,False
5/7/2025 9:00:00 AM,5/7/2025 5:00:00 AM,RFC,MIDATL,AE,AECO,771.249,False
5/7/2025 10:00:00 AM,5/7/2025 6:00:00 AM,RFC,MIDATL,AE,AECO,816.961,False
5/7/2025 11:00:00 AM,5/7/2025 7:00:00 AM,RFC,MIDATL,AE,AECO,826.621,False
5/7/2025 12:00:00 PM,5/7/2025 8:00:00 AM,RFC,MIDATL,AE,AECO,754.654,False
5/7/2025 1:00:00 PM,5/7/2025 9:00:00 AM,RFC,MIDATL,AE,AECO,657.425,False
5/7/2025 2:00:00 PM,5/7/2025 10:00:00 AM,RFC,MIDATL,AE,AECO,610.947,False
5/7/2025 3:00:00 PM,5/7/2025 11:00:00 AM,RFC,MIDATL,AE,AECO,616.340,False
5/7/2025 4:00:00 PM,5/7/2025 12:00:00 PM,RFC,MIDATL,AE,AECO,673.894,False
5/7/2025 5:00:00 PM,5/7/2025 1:00:00 PM,RFC,MIDATL,AE,AECO,718.540,False
5/7/2025 6:00:00 PM,5/7/2025 2:00:00 PM,RFC,MIDATL,AE,AECO,729.343,False
5/7/2025 7:00:00 PM,5/7/2025 3:00:00 PM,RFC,MIDATL,AE,AECO,772.950,False
5/7/2025 8:00:00 PM,5/7/2025 4:00:00 PM,RFC,MIDATL,AE,AECO,870.981,False
5/7/2025 9:00:00 PM,5/7/2025 5:00:00 PM,RFC,MIDATL,AE,AECO,980.237,False
5/7/2025 10:00:00 PM,5/7/2025 6:00:00 PM,RFC,MIDATL,AE,AECO,1043.091,False
5/7/2025 11:00:00 PM,5/7/2025 7:00:00 PM,RFC,MIDATL,AE,AECO,1071.821,False
5/8/2025 12:00:00 AM,5/7/2025 8:00:00 PM,RFC,MIDATL,AE,AECO,1087.168,False
5/8/2025 1:00:00 AM,5/7/2025 9:00:00 PM,RFC,MIDATL,AE,AECO,1047.382,False
5/8/2025 2:00:00 AM,5/7/2025 10:00:00 PM,RFC,MIDATL,AE,AECO,951.454,False
5/8/2025 3:00:00 AM,5/7/2025 11:00:00 PM,RFC,MIDATL,AE,AECO,858.360,False
5/8/2025 4:00:00 AM,5/8/2025 12:00:00 AM,RFC,MIDATL,AE,AECO,801.092,False
5/8/2025 5:00:00 AM,5/8/2025 1:00:00 AM,RFC,MIDATL,AE,AECO,759.981,False
5/8/2025 6:00:00 AM,5/8/2025 2:00:00 AM,RFC,MIDATL,AE,AECO,738.046,False
5/8/2025 7:00:00 AM,5/8/2025 3:00:00 AM,RFC,MIDATL,AE,AECO,724.684,False
5/8/2025 8:00:00 AM,5/8/2025 4:00:00 AM,RFC,MIDATL,AE,AECO,734.735,False
5/8/2025 9:00:00 AM,5/8/2025 5:00:00 AM,RFC,MIDATL,AE,AECO,769.036,False
5/8/2025 10:00:00 AM,5/8/2025 6:00:00 AM,RFC,MIDATL,AE,AECO,809.132,False
5/8/2025 11:00:00 AM,5/8/2025 7:00:00 AM,RFC,MIDATL,AE,AECO,807.554,False
5/8/2025 12:00:00 PM,5/8/2025 8:00:00 AM,RFC,MIDATL,AE,AECO,745.064,False
5/8/2025 1:00:00 PM,5/8/2025 9:00:00 AM,RFC,MIDATL,AE,AECO,678.963,False
5/8/2025 2:00:00 PM,5/8/2025 10:00:00 AM,RFC,MIDATL,AE,AECO,640.014,False
5/8/2025 3:00:00 PM,5/8/2025 11:00:00 AM,RFC,MIDATL,AE,AECO,638.784,False
5/8/2025 4:00:00 PM,5/8/2025 12:00:00 PM,RFC,MIDATL,AE,AECO,663.928,False
5/8/2025 5:00:00 PM,5/8/2025 1:00:00 PM,RFC,MIDATL,AE,AECO,734.829,False
5/8/2025 6:00:00 PM,5/8/2025 2:00:00 PM,RFC,MIDATL,AE,AECO,817.387,False
5/8/2025 7:00:00 PM,5/8/2025 3:00:00 PM,RFC,MIDATL,AE,AECO,914.364,False
5/8/2025 8:00:00 PM,5/8/2025 4:00:00 PM,RFC,MIDATL,AE,AECO,981.343,False
5/8/2025 9:00:00 PM,5/8/2025 5:00:00 PM,RFC,MIDATL,AE,AECO,1070.923,False
5/8/2025 10:00:00 PM,5/8/2025 6:00:00 PM,RFC,MIDATL,AE,AECO,1121.200,False
5/8/2025 11:00:00 PM,5/8/2025 7:00:00 PM,RFC,MIDATL,AE,AECO,1146.297,False
5/9/2025 12:00:00 AM,5/8/2025 8:00:00 PM,RFC,MIDATL,AE,AECO,1137.892,False
5/9/2025 1:00:00 AM,5/8/2025 9:00:00 PM,RFC,MIDATL,AE,AECO,1081.003,False
5/9/2025 2:00:00 AM,5/8/2025 10:00:00 PM,RFC,MIDATL,AE,AECO,989.101,False
5/9/2025 3:00:00 AM,5/8/2025 11:00:00 PM,RFC,MIDATL,AE,AECO,902.519,False
5/9/2025 4:00:00 AM,5/9/2025 12:00:00 AM,RFC,MIDATL,AE,AECO,841.170,False
5/9/2025 5:00:00 AM,5/9/2025 1:00:00 AM,RFC,MIDATL,AE,AECO,793.822,False
5/9/2025 6:00:00 AM,5/9/2025 2:00:00 AM,RFC,MIDATL,AE,AECO,767.860,False
5/9/2025 7:00:00 AM,5/9/2025 3:00:00 AM,RFC,MIDATL,AE,AECO,755.059,False
5/9/2025 8:00:00 AM,5/9/2025 4:00:00 AM,RFC,MIDATL,AE,AECO,758.983,False
5/9/2025 9:00:00 AM,5/9/2025 5:00:00 AM,RFC,MIDATL,AE,AECO,792.355,False
5/9/2025 10:00:00 AM,5/9/2025 6:00:00 AM,RFC,MIDATL,AE,AECO,845.284,False
5/9/2025 11:00:00 AM,5/9/2025 7:00:00 AM,RFC,MIDATL,AE,AECO,875.743,False
5/9/2025 12:00:00 PM,5/9/2025 8:00:00 AM,RFC,MIDATL,AE,AECO,878.537,False
5/9/2025 1:00:00 PM,5/9/2025 9:00:00 AM,RFC,MIDATL,AE,AECO,881.305,False
5/9/2025 2:00:00 PM,5/9/2025 10:00:00 AM,RFC,MIDATL,AE,AECO,894.852,False
5/9/2025 3:00:00 PM,5/9/2025 11:00:00 AM,RFC,MIDATL,AE,AECO,888.611,False
5/9/2025 4:00:00 PM,5/9/2025 12:00:00 PM,RFC,MIDATL,AE,AECO,910.374,False
5/9/2025 5:00:00 PM,5/9/2025 1:00:00 PM,RFC,MIDATL,AE,AECO,894.857,False
5/9/2025 6:00:00 PM,5/9/2025 2:00:00 PM,RFC,MIDATL,AE,AECO,883.280,False
5/9/2025 7:00:00 PM,5/9/2025 3:00:00 PM,RFC,MIDATL,AE,AECO,905.494,False
5/9/2025 8:00:00 PM,5/9/2025 4:00:00 PM,RFC,MIDATL,AE,AECO,892.805,False
5/9/2025 9:00:00 PM,5/9/2025 5:00:00 PM,RFC,MIDATL,AE,AECO,893.605,False
5/9/2025 10:00:00 PM,5/9/2025 6:00:00 PM,RFC,MIDATL,AE,AECO,922.494,False
5/9/2025 11:00:00 PM,5/9/2025 7:00:00 PM,RFC,MIDATL,AE,AECO,941.457,False
5/10/2025 12:00:00 AM,5/9/2025 8:00:00 PM,RFC,MIDATL,AE,AECO,972.151,False
5/10/2025 1:00:00 AM,5/9/2025 9:00:00 PM,RFC,MIDATL,AE,AECO,944.580,False
5/10/2025 2:00:00 AM,5/9/2025 10:00:00 PM,RFC,MIDATL,AE,AECO,892.490,False
5/10/2025 3:00:00 AM,5/9/2025 11:00:00 PM,RFC,MIDATL,AE,AECO,825.855,False
5/10/2025 4:00:00 AM,5/10/2025 12:00:00 AM,RFC,MIDATL,AE,AECO,775.662,False
5/10/2025 5:00:00 AM,5/10/2025 1:00:00 AM,RFC,MIDATL,AE,AECO,737.430,False
5/10/2025 6:00:00 AM,5/10/2025 2:00:00 AM,RFC,MIDATL,AE,AECO,720.098,False
5/10/2025 7:00:00 AM,5/10/2025 3:00:00 AM,RFC,MIDATL,AE,AECO,707.598,False
5/10/2025 8:00:00 AM,5/10/2025 4:00:00 AM,RFC,MIDATL,AE,AECO,710.094,False
5/10/2025 9:00:00 AM,5/10/2025 5:00:00 AM,RFC,MIDATL,AE,AECO,719.252,False
5/10/2025 10:00:00 AM,5/10/2025 6:00:00 AM,RFC,MIDATL,AE,AECO,729.649,False
5/10/2025 11:00:00 AM,5/10/2025 7:00:00 AM,RFC,MIDATL,AE,AECO,702.530,False
5/10/2025 12:00:00 PM,5/10/2025 8:00:00 AM,RFC,MIDATL,AE,AECO,638.861,False
5/10/2025 1:00:00 PM,5/10/2025 9:00:00 AM,RFC,MIDATL,AE,AECO,560.476,False
5/10/2025 2:00:00 PM,5/10/2025 10:00:00 AM,RFC,MIDATL,AE,AECO,478.691,False
5/10/2025 3:00:00 PM,5/10/2025 11:00:00 AM,RFC,MIDATL,AE,AECO,433.223,False
5/10/2025 4:00:00 PM,5/10/2025 12:00:00 PM,RFC,MIDATL,AE,AECO,411.504,False
5/10/2025 5:00:00 PM,5/10/2025 1:00:00 PM,RFC,MIDATL,AE,AECO,418.652,False
5/10/2025 6:00:00 PM,5/10/2025 2:00:00 PM,RFC,MIDATL,AE,AECO,451.058,False
5/10/2025 7:00:00 PM,5/10/2025 3:00:00 PM,RFC,MIDATL,AE,AECO,527.741,False
5/10/2025 8:00:00 PM,5/10/2025 4:00:00 PM,RFC,MIDATL,AE,AECO,648.097,False
5/10/2025 9:00:00 PM,5/10/2025 5:00:00 PM,RFC,MIDATL,AE,AECO,791.619,False
5/10/2025 10:00:00 PM,5/10/2025 6:00:00 PM,RFC,MIDATL,AE,AECO,902.323,False
5/10/2025 11:00:00 PM,5/10/2025 7:00:00 PM,RFC,MIDATL,AE,AECO,940.309,False
5/11/2025 12:00:00 AM,5/10/2025 8:00:00 PM,RFC,MIDATL,AE,AECO,968.658,False
5/11/2025 1:00:00 AM,5/10/2025 9:00:00 PM,RFC,MIDATL,AE,AECO,945.983,False
5/11/2025 2:00:00 AM,5/10/2025 10:00:00 PM,RFC,MIDATL,AE,AECO,891.625,False
5/11/2025 3:00:00 AM,5/10/2025 11:00:00 PM,RFC,MIDATL,AE,AECO,829.890,False
5/11/2025 4:00:00 AM,5/11/2025 12:00:00 AM,RFC,MIDATL,AE,AECO,779.899,False
5/11/2025 5:00:00 AM,5/11/2025 1:00:00 AM,RFC,MIDATL,AE,AECO,740.016,False
5/11/2025 6:00:00 AM,5/11/2025 2:00:00 AM,RFC,MIDATL,AE,AECO,717.274,False
5/11/2025 7:00:00 AM,5/11/2025 3:00:00 AM,RFC,MIDATL,AE,AECO,702.631,False
5/11/2025 8:00:00 AM,5/11/2025 4:00:00 AM,RFC,MIDATL,AE,AECO,707.253,False
5/11/2025 9:00:00 AM,5/11/2025 5:00:00 AM,RFC,MIDATL,AE,AECO,715.670,False
5/11/2025 10:00:00 AM,5/11/2025 6:00:00 AM,RFC,MIDATL,AE,AECO,706.554,False
5/11/2025 11:00:00 AM,5/11/2025 7:00:00 AM,RFC,MIDATL,AE,AECO,684.904,False
5/11/2025 12:00:00 PM,5/11/2025 8:00:00 AM,RFC,MIDATL,AE,AECO,647.532,False
5/11/2025 1:00:00 PM,5/11/2025 9:00:00 AM,RFC,MIDATL,AE,AECO,587.350,False
5/11/2025 2:00:00 PM,5/11/2025 10:00:00 AM,RFC,MIDATL,AE,AECO,549.806,False
5/11/2025 3:00:00 PM,5/11/2025 11:00:00 AM,RFC,MIDATL,AE,AECO,550.016,False
5/11/2025 4:00:00 PM,5/11/2025 12:00:00 PM,RFC,MIDATL,AE,AECO,571.378,False
5/11/2025 5:00:00 PM,5/11/2025 1:00:00 PM,RFC,MIDATL,AE,AECO,619.962,False
5/11/2025 6:00:00 PM,5/11/2025 2:00:00 PM,RFC,MIDATL,AE,AECO,687.275,False
5/11/2025 7:00:00 PM,5/11/2025 3:00:00 PM,RFC,MIDATL,AE,AECO,827.948,False
5/11/2025 8:00:00 PM,5/11/2025 4:00:00 PM,RFC,MIDATL,AE,AECO,927.392,False
5/11/2025 9:00:00 PM,5/11/2025 5:00:00 PM,RFC,MIDATL,AE,AECO,1019.033,False
5/11/2025 10:00:00 PM,5/11/2025 6:00:00 PM,RFC,MIDATL,AE,AECO,1054.956,False
5/11/2025 11:00:00 PM,5/11/2025 7:00:00 PM,RFC,MIDATL,AE,AECO,1070.681,False
5/12/2025 12:00:00 AM,5/11/2025 8:00:00 PM,RFC,MIDATL,AE,AECO,1076.283,False
5/12/2025 1:00:00 AM,5/11/2025 9:00:00 PM,RFC,MIDATL,AE,AECO,1031.557,False
5/12/2025 2:00:00 AM,5/11/2025 10:00:00 PM,RFC,MIDATL,AE,AECO,946.040,False
5/12/2025 3:00:00 AM,5/11/2025 11:00:00 PM,RFC,MIDATL,AE,AECO,864.928,False
5/12/2025 4:00:00 AM,5/12/2025 12:00:00 AM,RFC,MIDATL,AE,AECO,794.188,False
5/12/2025 5:00:00 AM,5/12/2025 1:00:00 AM,RFC,MIDATL,AE,AECO,754.171,False
5/12/2025 6:00:00 AM,5/12/2025 2:00:00 AM,RFC,MIDATL,AE,AECO,728.975,False
5/12/2025 7:00:00 AM,5/12/2025 3:00:00 AM,RFC,MIDATL,AE,AECO,718.967,False
5/12/2025 8:00:00 AM,5/12/2025 4:00:00 AM,RFC,MIDATL,AE,AECO,726.931,False
5/12/2025 9:00:00 AM,5/12/2025 5:00:00 AM,RFC,MIDATL,AE,AECO,766.885,False
5/12/2025 10:00:00 AM,5/12/2025 6:00:00 AM,RFC,MIDATL,AE,AECO,809.451,False
5/12/2025 11:00:00 AM,5/12/2025 7:00:00 AM,RFC,MIDATL,AE,AECO,804.065,False
5/12/2025 12:00:00 PM,5/12/2025 8:00:00 AM,RFC,MIDATL,AE,AECO,757.030,False
5/12/2025 1:00:00 PM,5/12/2025 9:00:00 AM,RFC,MIDATL,AE,AECO,694.266,False
5/12/2025 2:00:00 PM,5/12/2025 10:00:00 AM,RFC,MIDATL,AE,AECO,629.378,False
5/12/2025 3:00:00 PM,5/12/2025 11:00:00 AM,RFC,MIDATL,AE,AECO,608.702,False
5/12/2025 4:00:00 PM,5/12/2025 12:00:00 PM,RFC,MIDATL,AE,AECO,626.018,False
5/12/2025 5:00:00 PM,5/12/2025 1:00:00 PM,RFC,MIDATL,AE,AECO,700.892,False
5/12/2025 6:00:00 PM,5/12/2025 2:00:00 PM,RFC,MIDATL,AE,AECO,803.662,False
5/12/2025 7:00:00 PM,5/12/2025 3:00:00 PM,RFC,MIDATL,AE,AECO,887.579,False
5/12/2025 8:00:00 PM,5/12/2025 4:00:00 PM,RFC,MIDATL,AE,AECO,1010.551,False
5/12/2025 9:00:00 PM,5/12/2025 5:00:00 PM,RFC,MIDATL,AE,AECO,1097.922,False
5/12/2025 10:00:00 PM,5/12/2025 6:00:00 PM,RFC,MIDATL,AE,AECO,1137.767,False
5/12/2025 11:00:00 PM,5/12/2025 7:00:00 PM,RFC,MIDATL,AE,AECO,1150.783,False
5/13/2025 12:00:00 AM,5/12/2025 8:00:00 PM,RFC,MIDATL,AE,AECO,1158.520,False
5/13/2025 1:00:00 AM,5/12/2025 9:00:00 PM,RFC,MIDATL,AE,AECO,1104.135,False
5/13/2025 2:00:00 AM,5/12/2025 10:00:00 PM,RFC,MIDATL,AE,AECO,1013.113,False
5/13/2025 3:00:00 AM,5/12/2025 11:00:00 PM,RFC,MIDATL,AE,AECO,917.896,False
5/13/2025 4:00:00 AM,5/13/2025 12:00:00 AM,RFC,MIDATL,AE,AECO,859.324,False
5/13/2025 5:00:00 AM,5/13/2025 1:00:00 AM,RFC,MIDATL,AE,AECO,816.236,False
5/13/2025 6:00:00 AM,5/13/2025 2:00:00 AM,RFC,MIDATL,AE,AECO,790.196,False
5/13/2025 7:00:00 AM,5/13/2025 3:00:00 AM,RFC,MIDATL,AE,AECO,778.686,False
5/13/2025 8:00:00 AM,5/13/2025 4:00:00 AM,RFC,MIDATL,AE,AECO,779.231,False
5/13/2025 9:00:00 AM,5/13/2025 5:00:00 AM,RFC,MIDATL,AE,AECO,817.414,False
5/13/2025 10:00:00 AM,5/13/2025 6:00:00 AM,RFC,MIDATL,AE,AECO,868.899,False
5/13/2025 11:00:00 AM,5/13/2025 7:00:00 AM,RFC,MIDATL,AE,AECO,902.103,False
5/13/2025 12:00:00 PM,5/13/2025 8:00:00 AM,RFC,MIDATL,AE,AECO,902.358,False
5/13/2025 1:00:00 PM,5/13/2025 9:00:00 AM,RFC,MIDATL,AE,AECO,924.858,False
5/13/2025 2:00:00 PM,5/13/2025 10:00:00 AM,RFC,MIDATL,AE,AECO,922.956,False
5/13/2025 3:00:00 PM,5/13/2025 11:00:00 AM,RFC,MIDATL,AE,AECO,931.869,False
5/13/2025 4:00:00 PM,5/13/2025 12:00:00 PM,RFC,MIDATL,AE,AECO,930.869,False
5/13/2025 5:00:00 PM,5/13/2025 1:00:00 PM,RFC,MIDATL,AE,AECO,932.797,False
5/13/2025 6:00:00 PM,5/13/2025 2:00:00 PM,RFC,MIDATL,AE,AECO,955.720,False
5/13/2025 7:00:00 PM,5/13/2025 3:00:00 PM,RFC,MIDATL,AE,AECO,970.472,False
5/13/2025 8:00:00 PM,5/13/2025 4:00:00 PM,RFC,MIDATL,AE,AECO,998.000,False
5/13/2025 9:00:00 PM,5/13/2025 5:00:00 PM,RFC,MIDATL,AE,AECO,1012.207,False
5/13/2025 10:00:00 PM,5/13/2025 6:00:00 PM,RFC,MIDATL,AE,AECO,1045.101,False
5/13/2025 11:00:00 PM,5/13/2025 7:00:00 PM,RFC,MIDATL,AE,AECO,1044.346,False
5/14/2025 12:00:00 AM,5/13/2025 8:00:00 PM,RFC,MIDATL,AE,AECO,1047.306,False
5/14/2025 1:00:00 AM,5/13/2025 9:00:00 PM,RFC,MIDATL,AE,AECO,1000.698,False
5/14/2025 2:00:00 AM,5/13/2025 10:00:00 PM,RFC,MIDATL,AE,AECO,930.653,False
5/14/2025 3:00:00 AM,5/13/2025 11:00:00 PM,RFC,MIDATL,AE,AECO,852.001,False
5/14/2025 4:00:00 AM,5/14/2025 12:00:00 AM,RFC,MIDATL,AE,AECO,808.633,False
5/14/2025 5:00:00 AM,5/14/2025 1:00:00 AM,RFC,MIDATL,AE,AECO,775.242,False
5/14/2025 6:00:00 AM,5/14/2025 2:00:00 AM,RFC,MIDATL,AE,AECO,754.699,False
5/14/2025 7:00:00 AM,5/14/2025 3:00:00 AM,RFC,MIDATL,AE,AECO,749.007,False
5/14/2025 8:00:00 AM,5/14/2025 4:00:00 AM,RFC,MIDATL,AE,AECO,758.057,False
5/14/2025 9:00:00 AM,5/14/2025 5:00:00 AM,RFC,MIDATL,AE,AECO,799.273,False
5/14/2025 10:00:00 AM,5/14/2025 6:00:00 AM,RFC,MIDATL,AE,AECO,866.355,False
5/14/2025 11:00:00 AM,5/14/2025 7:00:00 AM,RFC,MIDATL,AE,AECO,897.145,False
5/14/2025 12:00:00 PM,5/14/2025 8:00:00 AM,RFC,MIDATL,AE,AECO,927.729,False
5/14/2025 1:00:00 PM,5/14/2025 9:00:00 AM,RFC,MIDATL,AE,AECO,933.088,False
5/14/2025 2:00:00 PM,5/14/2025 10:00:00 AM,RFC,MIDATL,AE,AECO,949.548,False
5/14/2025 3:00:00 PM,5/14/2025 11:00:00 AM,RFC,MIDATL,AE,AECO,940.709,False
5/14/2025 4:00:00 PM,5/14/2025 12:00:00 PM,RFC,MIDATL,AE,AECO,914.418,False
5/14/2025 5:00:00 PM,5/14/2025 1:00:00 PM,RFC,MIDATL,AE,AECO,905.571,False
5/14/2025 6:00:00 PM,5/14/2025 2:00:00 PM,RFC,MIDATL,AE,AECO,890.628,False
5/14/2025 7:00:00 PM,5/14/2025 3:00:00 PM,RFC,MIDATL,AE,AECO,903.269,False
5/14/2025 8:00:00 PM,5/14/2025 4:00:00 PM,RFC,MIDATL,AE,AECO,939.630,False
5/14/2025 9:00:00 PM,5/14/2025 5:00:00 PM,RFC,MIDATL,AE,AECO,974.465,False
5/14/2025 10:00:00 PM,5/14/2025 6:00:00 PM,RFC,MIDATL,AE,AECO,1005.539,False
5/14/2025 11:00:00 PM,5/14/2025 7:00:00 PM,RFC,MIDATL,AE,AECO,1019.644,False
5/15/2025 12:00:00 AM,5/14/2025 8:00:00 PM,RFC,MIDATL,AE,AECO,1041.428,False
5/15/2025 1:00:00 AM,5/14/2025 9:00:00 PM,RFC,MIDATL,AE,AECO,1009.355,False
5/15/2025 2:00:00 AM,5/14/2025 10:00:00 PM,RFC,MIDATL,AE,AECO,943.505,False
5/15/2025 3:00:00 AM,5/14/2025 11:00:00 PM,RFC,MIDATL,AE,AECO,871.526,False
5/15/2025 4:00:00 AM,5/15/2025 12:00:00 AM,RFC,MIDATL,AE,AECO,814.389,False
5/15/2025 5:00:00 AM,5/15/2025 1:00:00 AM,RFC,MIDATL,AE,AECO,783.846,False
5/15/2025 6:00:00 AM,5/15/2025 2:00:00 AM,RFC,MIDATL,AE,AECO,764.881,False
5/15/2025 7:00:00 AM,5/15/2025 3:00:00 AM,RFC,MIDATL,AE,AECO,752.627,False
5/15/2025 8:00:00 AM,5/15/2025 4:00:00 AM,RFC,MIDATL,AE,AECO,764.084,False
5/15/2025 9:00:00 AM,5/15/2025 5:00:00 AM,RFC,MIDATL,AE,AECO,800.343,False
5/15/2025 10:00:00 AM,5/15/2025 6:00:00 AM,RFC,MIDATL,AE,AECO,859.144,False
5/15/2025 11:00:00 AM,5/15/2025 7:00:00 AM,RFC,MIDATL,AE,AECO,895.695,False
5/15/2025 12:00:00 PM,5/15/2025 8:00:00 AM,RFC,MIDATL,AE,AECO,898.935,False
5/15/2025 1:00:00 PM,5/15/2025 9:00:00 AM,RFC,MIDATL,AE,AECO,903.683,False
5/15/2025 2:00:00 PM,5/15/2025 10:00:00 AM,RFC,MIDATL,AE,AECO,878.779,False
5/15/2025 3:00:00 PM,5/15/2025 11:00:00 AM,RFC,MIDATL,AE,AECO,850.115,False
5/15/2025 4:00:00 PM,5/15/2025 12:00:00 PM,RFC,MIDATL,AE,AECO,834.234,False
5/15/2025 5:00:00 PM,5/15/2025 1:00:00 PM,RFC,MIDATL,AE,AECO,848.909,False
5/15/2025 6:00:00 PM,5/15/2025 2:00:00 PM,RFC,MIDATL,AE,AECO,846.990,False
5/15/2025 7:00:00 PM,5/15/2025 3:00:00 PM,RFC,MIDATL,AE,AECO,917.309,False
5/15/2025 8:00:00 PM,5/15/2025 4:00:00 PM,RFC,MIDATL,AE,AECO,947.376,False
5/15/2025 9:00:00 PM,5/15/2025 5:00:00 PM,RFC,MIDATL,AE,AECO,1049.053,False
5/15/2025 10:00:00 PM,5/15/2025 6:00:00 PM,RFC,MIDATL,AE,AECO,1101.370,False
5/15/2025 11:00:00 PM,5/15/2025 7:00:00 PM,RFC,MIDATL,AE,AECO,1129.437,False
5/16/2025 12:00:00 AM,5/15/2025 8:00:00 PM,RFC,MIDATL,AE,AECO,1137.277,False
5/16/2025 1:00:00 AM,5/15/2025 9:00:00 PM,RFC,MIDATL,AE,AECO,1096.927,False
5/16/2025 2:00:00 AM,5/15/2025 10:00:00 PM,RFC,MIDATL,AE,AECO,1004.620,False
5/16/2025 3:00:00 AM,5/15/2025 11:00:00 PM,RFC,MIDATL,AE,AECO,920.171,False
5/16/2025 4:00:00 AM,5/16/2025 12:00:00 AM,RFC,MIDATL,AE,AECO,859.171,False
5/16/2025 5:00:00 AM,5/16/2025 1:00:00 AM,RFC,MIDATL,AE,AECO,806.902,False
5/16/2025 6:00:00 AM,5/16/2025 2:00:00 AM,RFC,MIDATL,AE,AECO,778.648,False
5/16/2025 7:00:00 AM,5/16/2025 3:00:00 AM,RFC,MIDATL,AE,AECO,763.091,False
5/16/2025 8:00:00 AM,5/16/2025 4:00:00 AM,RFC,MIDATL,AE,AECO,768.820,False
5/16/2025 9:00:00 AM,5/16/2025 5:00:00 AM,RFC,MIDATL,AE,AECO,797.543,False
5/16/2025 10:00:00 AM,5/16/2025 6:00:00 AM,RFC,MIDATL,AE,AECO,828.907,False
5/16/2025 11:00:00 AM,5/16/2025 7:00:00 AM,RFC,MIDATL,AE,AECO,852.736,False
5/16/2025 12:00:00 PM,5/16/2025 8:00:00 AM,RFC,MIDATL,AE,AECO,844.602,False
5/16/2025 1:00:00 PM,5/16/2025 9:00:00 AM,RFC,MIDATL,AE,AECO,839.273,False
5/16/2025 2:00:00 PM,5/16/2025 10:00:00 AM,RFC,MIDATL,AE,AECO,851.517,False
5/16/2025 3:00:00 PM,5/16/2025 11:00:00 AM,RFC,MIDATL,AE,AECO,985.217,False
5/16/2025 4:00:00 PM,5/16/2025 12:00:00 PM,RFC,MIDATL,AE,AECO,1085.482,False
5/16/2025 5:00:00 PM,5/16/2025 1:00:00 PM,RFC,MIDATL,AE,AECO,1004.628,False
5/16/2025 6:00:00 PM,5/16/2025 2:00:00 PM,RFC,MIDATL,AE,AECO,853.423,False
5/16/2025 7:00:00 PM,5/16/2025 3:00:00 PM,RFC,MIDATL,AE,AECO,834.289,False
5/16/2025 8:00:00 PM,5/16/2025 4:00:00 PM,RFC,MIDATL,AE,AECO,980.846,False
5/16/2025 9:00:00 PM,5/16/2025 5:00:00 PM,RFC,MIDATL,AE,AECO,1080.492,False
5/16/2025 10:00:00 PM,5/16/2025 6:00:00 PM,RFC,MIDATL,AE,AECO,1158.503,False
5/16/2025 11:00:00 PM,5/16/2025 7:00:00 PM,RFC,MIDATL,AE,AECO,1184.794,False
5/17/2025 12:00:00 AM,5/16/2025 8:00:00 PM,RFC,MIDATL,AE,AECO,1160.569,False
5/17/2025 1:00:00 AM,5/16/2025 9:00:00 PM,RFC,MIDATL,AE,AECO,1123.636,False
5/17/2025 2:00:00 AM,5/16/2025 10:00:00 PM,RFC,MIDATL,AE,AECO,1037.731,False
5/17/2025 3:00:00 AM,5/16/2025 11:00:00 PM,RFC,MIDATL,AE,AECO,958.509,False
5/17/2025 4:00:00 AM,5/17/2025 12:00:00 AM,RFC,MIDATL,AE,AECO,898.290,False
5/17/2025 5:00:00 AM,5/17/2025 1:00:00 AM,RFC,MIDATL,AE,AECO,842.524,False
5/17/2025 6:00:00 AM,5/17/2025 2:00:00 AM,RFC,MIDATL,AE,AECO,805.618,False
5/17/2025 7:00:00 AM,5/17/2025 3:00:00 AM,RFC,MIDATL,AE,AECO,791.236,False
5/17/2025 8:00:00 AM,5/17/2025 4:00:00 AM,RFC,MIDATL,AE,AECO,777.559,False
5/17/2025 9:00:00 AM,5/17/2025 5:00:00 AM,RFC,MIDATL,AE,AECO,781.461,False
5/17/2025 10:00:00 AM,5/17/2025 6:00:00 AM,RFC,MIDATL,AE,AECO,790.298,False
5/17/2025 11:00:00 AM,5/17/2025 7:00:00 AM,RFC,MIDATL,AE,AECO,810.195,False
5/17/2025 12:00:00 PM,5/17/2025 8:00:00 AM,RFC,MIDATL,AE,AECO,880.789,False
5/17/2025 1:00:00 PM,5/17/2025 9:00:00 AM,RFC,MIDATL,AE,AECO,922.144,False
5/17/2025 2:00:00 PM,5/17/2025 10:00:00 AM,RFC,MIDATL,AE,AECO,864.197,False
5/17/2025 3:00:00 PM,5/17/2025 11:00:00 AM,RFC,MIDATL,AE,AECO,717.938,False
5/17/2025 4:00:00 PM,5/17/2025 12:00:00 PM,RFC,MIDATL,AE,AECO,716.672,False
5/17/2025 5:00:00 PM,5/17/2025 1:00:00 PM,RFC,MIDATL,AE,AECO,761.477,False
5/17/2025 6:00:00 PM,5/17/2025 2:00:00 PM,RFC,MIDATL,AE,AECO,862.327,False
5/17/2025 7:00:00 PM,5/17/2025 3:00:00 PM,RFC,MIDATL,AE,AECO,995.924,False
5/17/2025 8:00:00 PM,5/17/2025 4:00:00 PM,RFC,MIDATL,AE,AECO,1157.008,False
5/17/2025 9:00:00 PM,5/17/2025 5:00:00 PM,RFC,MIDATL,AE,AECO,1265.876,False
5/17/2025 10:00:00 PM,5/17/2025 6:00:00 PM,RFC,MIDATL,AE,AECO,1340.947,False
5/17/2025 11:00:00 PM,5/17/2025 7:00:00 PM,RFC,MIDATL,AE,AECO,1334.188,False
5/18/2025 12:00:00 AM,5/17/2025 8:00:00 PM,RFC,MIDATL,AE,AECO,1283.109,False
5/18/2025 1:00:00 AM,5/17/2025 9:00:00 PM,RFC,MIDATL,AE,AECO,1229.454,False
5/18/2025 2:00:00 AM,5/17/2025 10:00:00 PM,RFC,MIDATL,AE,AECO,1158.069,False
5/18/2025 3:00:00 AM,5/17/2025 11:00:00 PM,RFC,MIDATL,AE,AECO,1054.405,False
5/18/2025 4:00:00 AM,5/18/2025 12:00:00 AM,RFC,MIDATL,AE,AECO,959.367,False
5/18/2025 5:00:00 AM,5/18/2025 1:00:00 AM,RFC,MIDATL,AE,AECO,889.446,False
5/18/2025 6:00:00 AM,5/18/2025 2:00:00 AM,RFC,MIDATL,AE,AECO,838.972,False
5/18/2025 7:00:00 AM,5/18/2025 3:00:00 AM,RFC,MIDATL,AE,AECO,803.907,False
5/18/2025 8:00:00 AM,5/18/2025 4:00:00 AM,RFC,MIDATL,AE,AECO,777.791,False
5/18/2025 9:00:00 AM,5/18/2025 5:00:00 AM,RFC,MIDATL,AE,AECO,780.066,False
5/18/2025 10:00:00 AM,5/18/2025 6:00:00 AM,RFC,MIDATL,AE,AECO,759.906,False
5/18/2025 11:00:00 AM,5/18/2025 7:00:00 AM,RFC,MIDATL,AE,AECO,768.497,False
5/18/2025 12:00:00 PM,5/18/2025 8:00:00 AM,RFC,MIDATL,AE,AECO,729.579,False
5/18/2025 1:00:00 PM,5/18/2025 9:00:00 AM,RFC,MIDATL,AE,AECO,687.980,False
5/18/2025 2:00:00 PM,5/18/2025 10:00:00 AM,RFC,MIDATL,AE,AECO,640.480,False
5/18/2025 3:00:00 PM,5/18/2025 11:00:00 AM,RFC,MIDATL,AE,AECO,638.521,False
5/18/2025 4:00:00 PM,5/18/2025 12:00:00 PM,RFC,MIDATL,AE,AECO,661.161,False
5/18/2025 5:00:00 PM,5/18/2025 1:00:00 PM,RFC,MIDATL,AE,AECO,710.146,False
5/18/2025 6:00:00 PM,5/18/2025 2:00:00 PM,RFC,MIDATL,AE,AECO,895.467,False
5/18/2025 7:00:00 PM,5/18/2025 3:00:00 PM,RFC,MIDATL,AE,AECO,1011.472,False
5/18/2025 8:00:00 PM,5/18/2025 4:00:00 PM,RFC,MIDATL,AE,AECO,1030.838,False
5/18/2025 9:00:00 PM,5/18/2025 5:00:00 PM,RFC,MIDATL,AE,AECO,1080.339,False
5/18/2025 10:00:00 PM,5/18/2025 6:00:00 PM,RFC,MIDATL,AE,AECO,1100.635,False
5/18/2025 11:00:00 PM,5/18/2025 7:00:00 PM,RFC,MIDATL,AE,AECO,1099.599,False
5/19/2025 12:00:00 AM,5/18/2025 8:00:00 PM,RFC,MIDATL,AE,AECO,1104.622,False
5/19/2025 1:00:00 AM,5/18/2025 9:00:00 PM,RFC,MIDATL,AE,AECO,1073.998,False
5/19/2025 2:00:00 AM,5/18/2025 10:00:00 PM,RFC,MIDATL,AE,AECO,991.109,False
5/19/2025 3:00:00 AM,5/18/2025 11:00:00 PM,RFC,MIDATL,AE,AECO,908.025,False
5/19/2025 4:00:00 AM,5/19/2025 12:00:00 AM,RFC,MIDATL,AE,AECO,836.630,False
5/19/2025 5:00:00 AM,5/19/2025 1:00:00 AM,RFC,MIDATL,AE,AECO,789.343,False
5/19/2025 6:00:00 AM,5/19/2025 2:00:00 AM,RFC,MIDATL,AE,AECO,762.993,False
5/19/2025 7:00:00 AM,5/19/2025 3:00:00 AM,RFC,MIDATL,AE,AECO,750.105,False
5/19/2025 8:00:00 AM,5/19/2025 4:00:00 AM,RFC,MIDATL,AE,AECO,756.097,False
5/19/2025 9:00:00 AM,5/19/2025 5:00:00 AM,RFC,MIDATL,AE,AECO,785.820,False
5/19/2025 10:00:00 AM,5/19/2025 6:00:00 AM,RFC,MIDATL,AE,AECO,829.207,False
5/19/2025 11:00:00 AM,5/19/2025 7:00:00 AM,RFC,MIDATL,AE,AECO,826.117,False
5/19/2025 12:00:00 PM,5/19/2025 8:00:00 AM,RFC,MIDATL,AE,AECO,775.724,False
5/19/2025 1:00:00 PM,5/19/2025 9:00:00 AM,RFC,MIDATL,AE,AECO,704.335,False
5/19/2025 2:00:00 PM,5/19/2025 10:00:00 AM,RFC,MIDATL,AE,AECO,647.689,False
5/19/2025 3:00:00 PM,5/19/2025 11:00:00 AM,RFC,MIDATL,AE,AECO,636.620,False
5/19/2025 4:00:00 PM,5/19/2025 12:00:00 PM,RFC,MIDATL,AE,AECO,644.967,False
5/19/2025 5:00:00 PM,5/19/2025 1:00:00 PM,RFC,MIDATL,AE,AECO,718.189,False
5/19/2025 6:00:00 PM,5/19/2025 2:00:00 PM,RFC,MIDATL,AE,AECO,777.508,False
5/19/2025 7:00:00 PM,5/19/2025 3:00:00 PM,RFC,MIDATL,AE,AECO,807.851,False
5/19/2025 8:00:00 PM,5/19/2025 4:00:00 PM,RFC,MIDATL,AE,AECO,892.236,False
5/19/2025 9:00:00 PM,5/19/2025 5:00:00 PM,RFC,MIDATL,AE,AECO,1013.623,False
5/19/2025 10:00:00 PM,5/19/2025 6:00:00 PM,RFC,MIDATL,AE,AECO,1090.780,False
5/19/2025 11:00:00 PM,5/19/2025 7:00:00 PM,RFC,MIDATL,AE,AECO,1113.710,False
5/20/2025 12:00:00 AM,5/19/2025 8:00:00 PM,RFC,MIDATL,AE,AECO,1109.623,False
5/20/2025 1:00:00 AM,5/19/2025 9:00:00 PM,RFC,MIDATL,AE,AECO,1067.786,False
5/20/2025 2:00:00 AM,5/19/2025 10:00:00 PM,RFC,MIDATL,AE,AECO,974.698,False
5/20/2025 3:00:00 AM,5/19/2025 11:00:00 PM,RFC,MIDATL,AE,AECO,882.267,False
5/20/2025 4:00:00 AM,5/20/2025 12:00:00 AM,RFC,MIDATL,AE,AECO,812.171,False
5/20/2025 5:00:00 AM,5/20/2025 1:00:00 AM,RFC,MIDATL,AE,AECO,769.095,False
5/20/2025 6:00:00 AM,5/20/2025 2:00:00 AM,RFC,MIDATL,AE,AECO,743.101,False
5/20/2025 7:00:00 AM,5/20/2025 3:00:00 AM,RFC,MIDATL,AE,AECO,726.129,False
5/20/2025 8:00:00 AM,5/20/2025 4:00:00 AM,RFC,MIDATL,AE,AECO,735.856,False
5/20/2025 9:00:00 AM,5/20/2025 5:00:00 AM,RFC,MIDATL,AE,AECO,762.571,False
5/20/2025 10:00:00 AM,5/20/2025 6:00:00 AM,RFC,MIDATL,AE,AECO,805.993,False
5/20/2025 11:00:00 AM,5/20/2025 7:00:00 AM,RFC,MIDATL,AE,AECO,786.181,False
5/20/2025 12:00:00 PM,5/20/2025 8:00:00 AM,RFC,MIDATL,AE,AECO,709.613,False
5/20/2025 1:00:00 PM,5/20/2025 9:00:00 AM,RFC,MIDATL,AE,AECO,616.732,False
5/20/2025 2:00:00 PM,5/20/2025 10:00:00 AM,RFC,MIDATL,AE,AECO,545.680,False
5/20/2025 3:00:00 PM,5/20/2025 11:00:00 AM,RFC,MIDATL,AE,AECO,510.242,False
5/20/2025 4:00:00 PM,5/20/2025 12:00:00 PM,RFC,MIDATL,AE,AECO,515.146,False
5/20/2025 5:00:00 PM,5/20/2025 1:00:00 PM,RFC,MIDATL,AE,AECO,562.709,False
5/20/2025 6:00:00 PM,5/20/2025 2:00:00 PM,RFC,MIDATL,AE,AECO,601.465,False
5/20/2025 7:00:00 PM,5/20/2025 3:00:00 PM,RFC,MIDATL,AE,AECO,687.909,False
5/20/2025 8:00:00 PM,5/20/2025 4:00:00 PM,RFC,MIDATL,AE,AECO,736.664,False
5/20/2025 9:00:00 PM,5/20/2025 5:00:00 PM,RFC,MIDATL,AE,AECO,856.734,False
5/20/2025 10:00:00 PM,5/20/2025 6:00:00 PM,RFC,MIDATL,AE,AECO,969.074,False
5/20/2025 11:00:00 PM,5/20/2025 7:00:00 PM,RFC,MIDATL,AE,AECO,998.890,False
5/21/2025 12:00:00 AM,5/20/2025 8:00:00 PM,RFC,MIDATL,AE,AECO,1034.209,False
5/21/2025 1:00:00 AM,5/20/2025 9:00:00 PM,RFC,MIDATL,AE,AECO,997.138,False
5/21/2025 2:00:00 AM,5/20/2025 10:00:00 PM,RFC,MIDATL,AE,AECO,923.792,False
5/21/2025 3:00:00 AM,5/20/2025 11:00:00 PM,RFC,MIDATL,AE,AECO,846.658,False
5/21/2025 4:00:00 AM,5/21/2025 12:00:00 AM,RFC,MIDATL,AE,AECO,788.636,False
5/21/2025 5:00:00 AM,5/21/2025 1:00:00 AM,RFC,MIDATL,AE,AECO,754.156,False
5/21/2025 6:00:00 AM,5/21/2025 2:00:00 AM,RFC,MIDATL,AE,AECO,735.040,False
5/21/2025 7:00:00 AM,5/21/2025 3:00:00 AM,RFC,MIDATL,AE,AECO,728.995,False
5/21/2025 8:00:00 AM,5/21/2025 4:00:00 AM,RFC,MIDATL,AE,AECO,740.789,False
5/21/2025 9:00:00 AM,5/21/2025 5:00:00 AM,RFC,MIDATL,AE,AECO,769.959,False
5/21/2025 10:00:00 AM,5/21/2025 6:00:00 AM,RFC,MIDATL,AE,AECO,830.967,False
5/21/2025 11:00:00 AM,5/21/2025 7:00:00 AM,RFC,MIDATL,AE,AECO,876.482,False
5/21/2025 12:00:00 PM,5/21/2025 8:00:00 AM,RFC,MIDATL,AE,AECO,915.688,False
5/21/2025 1:00:00 PM,5/21/2025 9:00:00 AM,RFC,MIDATL,AE,AECO,921.640,False
5/21/2025 2:00:00 PM,5/21/2025 10:00:00 AM,RFC,MIDATL,AE,AECO,920.160,False
5/21/2025 3:00:00 PM,5/21/2025 11:00:00 AM,RFC,MIDATL,AE,AECO,943.263,False
5/21/2025 4:00:00 PM,5/21/2025 12:00:00 PM,RFC,MIDATL,AE,AECO,904.362,False
5/21/2025 5:00:00 PM,5/21/2025 1:00:00 PM,RFC,MIDATL,AE,AECO,893.855,False
5/21/2025 6:00:00 PM,5/21/2025 2:00:00 PM,RFC,MIDATL,AE,AECO,884.548,False
5/21/2025 7:00:00 PM,5/21/2025 3:00:00 PM,RFC,MIDATL,AE,AECO,910.439,False
5/21/2025 8:00:00 PM,5/21/2025 4:00:00 PM,RFC,MIDATL,AE,AECO,947.260,False
5/21/2025 9:00:00 PM,5/21/2025 5:00:00 PM,RFC,MIDATL,AE,AECO,979.871,False
5/21/2025 10:00:00 PM,5/21/2025 6:00:00 PM,RFC,MIDATL,AE,AECO,993.692,False
5/21/2025 11:00:00 PM,5/21/2025 7:00:00 PM,RFC,MIDATL,AE,AECO,999.788,False
5/22/2025 12:00:00 AM,5/21/2025 8:00:00 PM,RFC,MIDATL,AE,AECO,1014.557,False
5/22/2025 1:00:00 AM,5/21/2025 9:00:00 PM,RFC,MIDATL,AE,AECO,973.620,False
5/22/2025 2:00:00 AM,5/21/2025 10:00:00 PM,RFC,MIDATL,AE,AECO,904.784,False
5/22/2025 3:00:00 AM,5/21/2025 11:00:00 PM,RFC,MIDATL,AE,AECO,844.217,False
5/22/2025 4:00:00 AM,5/22/2025 12:00:00 AM,RFC,MIDATL,AE,AECO,801.988,False
5/22/2025 5:00:00 AM,5/22/2025 1:00:00 AM,RFC,MIDATL,AE,AECO,752.096,False
5/22/2025 6:00:00 AM,5/22/2025 2:00:00 AM,RFC,MIDATL,AE,AECO,733.707,False
5/22/2025 7:00:00 AM,5/22/2025 3:00:00 AM,RFC,MIDATL,AE,AECO,737.985,False
5/22/2025 8:00:00 AM,5/22/2025 4:00:00 AM,RFC,MIDATL,AE,AECO,747.126,False
5/22/2025 9:00:00 AM,5/22/2025 5:00:00 AM,RFC,MIDATL,AE,AECO,784.630,False
5/22/2025 10:00:00 AM,5/22/2025 6:00:00 AM,RFC,MIDATL,AE,AECO,844.166,False
5/22/2025 11:00:00 AM,5/22/2025 7:00:00 AM,RFC,MIDATL,AE,AECO,883.447,False
5/22/2025 12:00:00 PM,5/22/2025 8:00:00 AM,RFC,MIDATL,AE,AECO,882.553,False
5/22/2025 1:00:00 PM,5/22/2025 9:00:00 AM,RFC,MIDATL,AE,AECO,871.096,False
5/22/2025 2:00:00 PM,5/22/2025 10:00:00 AM,RFC,MIDATL,AE,AECO,855.616,False
5/22/2025 3:00:00 PM,5/22/2025 11:00:00 AM,RFC,MIDATL,AE,AECO,847.891,False
5/22/2025 4:00:00 PM,5/22/2025 12:00:00 PM,RFC,MIDATL,AE,AECO,885.349,False
5/22/2025 5:00:00 PM,5/22/2025 1:00:00 PM,RFC,MIDATL,AE,AECO,906.867,False
5/22/2025 6:00:00 PM,5/22/2025 2:00:00 PM,RFC,MIDATL,AE,AECO,903.371,False
5/22/2025 7:00:00 PM,5/22/2025 3:00:00 PM,RFC,MIDATL,AE,AECO,911.904,False
5/22/2025 8:00:00 PM,5/22/2025 4:00:00 PM,RFC,MIDATL,AE,AECO,911.918,False
5/22/2025 9:00:00 PM,5/22/2025 5:00:00 PM,RFC,MIDATL,AE,AECO,944.827,False
5/22/2025 10:00:00 PM,5/22/2025 6:00:00 PM,RFC,MIDATL,AE,AECO,978.032,False
5/22/2025 11:00:00 PM,5/22/2025 7:00:00 PM,RFC,MIDATL,AE,AECO,1011.116,False
5/23/2025 12:00:00 AM,5/22/2025 8:00:00 PM,RFC,MIDATL,AE,AECO,1022.503,False
5/23/2025 1:00:00 AM,5/22/2025 9:00:00 PM,RFC,MIDATL,AE,AECO,993.367,False
5/23/2025 2:00:00 AM,5/22/2025 10:00:00 PM,RFC,MIDATL,AE,AECO,924.266,False
5/23/2025 3:00:00 AM,5/22/2025 11:00:00 PM,RFC,MIDATL,AE,AECO,856.560,False
5/23/2025 4:00:00 AM,5/23/2025 12:00:00 AM,RFC,MIDATL,AE,AECO,817.605,False
5/23/2025 5:00:00 AM,5/23/2025 1:00:00 AM,RFC,MIDATL,AE,AECO,766.783,False
5/23/2025 6:00:00 AM,5/23/2025 2:00:00 AM,RFC,MIDATL,AE,AECO,744.558,False
5/23/2025 7:00:00 AM,5/23/2025 3:00:00 AM,RFC,MIDATL,AE,AECO,736.621,False
5/23/2025 8:00:00 AM,5/23/2025 4:00:00 AM,RFC,MIDATL,AE,AECO,748.484,False
5/23/2025 9:00:00 AM,5/23/2025 5:00:00 AM,RFC,MIDATL,AE,AECO,787.050,False
5/23/2025 10:00:00 AM,5/23/2025 6:00:00 AM,RFC,MIDATL,AE,AECO,828.748,False
5/23/2025 11:00:00 AM,5/23/2025 7:00:00 AM,RFC,MIDATL,AE,AECO,822.748,False
5/23/2025 12:00:00 PM,5/23/2025 8:00:00 AM,RFC,MIDATL,AE,AECO,793.499,False
5/23/2025 1:00:00 PM,5/23/2025 9:00:00 AM,RFC,MIDATL,AE,AECO,783.443,False
5/23/2025 2:00:00 PM,5/23/2025 10:00:00 AM,RFC,MIDATL,AE,AECO,746.247,False
5/23/2025 3:00:00 PM,5/23/2025 11:00:00 AM,RFC,MIDATL,AE,AECO,693.584,False
5/23/2025 4:00:00 PM,5/23/2025 12:00:00 PM,RFC,MIDATL,AE,AECO,696.171,False
5/23/2025 5:00:00 PM,5/23/2025 1:00:00 PM,RFC,MIDATL,AE,AECO,701.169,False
5/23/2025 6:00:00 PM,5/23/2025 2:00:00 PM,RFC,MIDATL,AE,AECO,679.885,False
5/23/2025 7:00:00 PM,5/23/2025 3:00:00 PM,RFC,MIDATL,AE,AECO,728.060,False
5/23/2025 8:00:00 PM,5/23/2025 4:00:00 PM,RFC,MIDATL,AE,AECO,809.111,False
5/23/2025 9:00:00 PM,5/23/2025 5:00:00 PM,RFC,MIDATL,AE,AECO,908.687,False
5/23/2025 10:00:00 PM,5/23/2025 6:00:00 PM,RFC,MIDATL,AE,AECO,940.511,False
5/23/2025 11:00:00 PM,5/23/2025 7:00:00 PM,RFC,MIDATL,AE,AECO,984.403,False
5/24/2025 12:00:00 AM,5/23/2025 8:00:00 PM,RFC,MIDATL,AE,AECO,1018.862,False
5/24/2025 1:00:00 AM,5/23/2025 9:00:00 PM,RFC,MIDATL,AE,AECO,1003.641,False
5/24/2025 2:00:00 AM,5/23/2025 10:00:00 PM,RFC,MIDATL,AE,AECO,943.928,False
5/24/2025 3:00:00 AM,5/23/2025 11:00:00 PM,RFC,MIDATL,AE,AECO,874.860,False
5/24/2025 4:00:00 AM,5/24/2025 12:00:00 AM,RFC,MIDATL,AE,AECO,816.564,False
5/24/2025 5:00:00 AM,5/24/2025 1:00:00 AM,RFC,MIDATL,AE,AECO,763.992,False
5/24/2025 6:00:00 AM,5/24/2025 2:00:00 AM,RFC,MIDATL,AE,AECO,741.364,False
5/24/2025 7:00:00 AM,5/24/2025 3:00:00 AM,RFC,MIDATL,AE,AECO,730.301,False
5/24/2025 8:00:00 AM,5/24/2025 4:00:00 AM,RFC,MIDATL,AE,AECO,734.634,False
5/24/2025 9:00:00 AM,5/24/2025 5:00:00 AM,RFC,MIDATL,AE,AECO,741.035,False
5/24/2025 10:00:00 AM,5/24/2025 6:00:00 AM,RFC,MIDATL,AE,AECO,746.398,False
5/24/2025 11:00:00 AM,5/24/2025 7:00:00 AM,RFC,MIDATL,AE,AECO,738.049,False
5/24/2025 12:00:00 PM,5/24/2025 8:00:00 AM,RFC,MIDATL,AE,AECO,681.713,False
5/24/2025 1:00:00 PM,5/24/2025 9:00:00 AM,RFC,MIDATL,AE,AECO,648.046,False
5/24/2025 2:00:00 PM,5/24/2025 10:00:00 AM,RFC,MIDATL,AE,AECO,672.279,False
5/24/2025 3:00:00 PM,5/24/2025 11:00:00 AM,RFC,MIDATL,AE,AECO,638.310,False
5/24/2025 4:00:00 PM,5/24/2025 12:00:00 PM,RFC,MIDATL,AE,AECO,621.362,False
5/24/2025 5:00:00 PM,5/24/2025 1:00:00 PM,RFC,MIDATL,AE,AECO,649.911,False
5/24/2025 6:00:00 PM,5/24/2025 2:00:00 PM,RFC,MIDATL,AE,AECO,674.975,False
5/24/2025 7:00:00 PM,5/24/2025 3:00:00 PM,RFC,MIDATL,AE,AECO,700.045,False
5/24/2025 8:00:00 PM,5/24/2025 4:00:00 PM,RFC,MIDATL,AE,AECO,740.544,False
5/24/2025 9:00:00 PM,5/24/2025 5:00:00 PM,RFC,MIDATL,AE,AECO,848.056,False
5/24/2025 10:00:00 PM,5/24/2025 6:00:00 PM,RFC,MIDATL,AE,AECO,925.845,False
5/24/2025 11:00:00 PM,5/24/2025 7:00:00 PM,RFC,MIDATL,AE,AECO,960.335,False
5/25/2025 12:00:00 AM,5/24/2025 8:00:00 PM,RFC,MIDATL,AE,AECO,995.057,False
5/25/2025 1:00:00 AM,5/24/2025 9:00:00 PM,RFC,MIDATL,AE,AECO,983.699,False
5/25/2025 2:00:00 AM,5/24/2025 10:00:00 PM,RFC,MIDATL,AE,AECO,938.186,False
5/25/2025 3:00:00 AM,5/24/2025 11:00:00 PM,RFC,MIDATL,AE,AECO,872.844,False
5/25/2025 4:00:00 AM,5/25/2025 12:00:00 AM,RFC,MIDATL,AE,AECO,819.564,False
5/25/2025 5:00:00 AM,5/25/2025 1:00:00 AM,RFC,MIDATL,AE,AECO,769.470,False
5/25/2025 6:00:00 AM,5/25/2025 2:00:00 AM,RFC,MIDATL,AE,AECO,743.149,False
5/25/2025 7:00:00 AM,5/25/2025 3:00:00 AM,RFC,MIDATL,AE,AECO,730.354,False
5/25/2025 8:00:00 AM,5/25/2025 4:00:00 AM,RFC,MIDATL,AE,AECO,730.434,False
5/25/2025 9:00:00 AM,5/25/2025 5:00:00 AM,RFC,MIDATL,AE,AECO,731.112,False
5/25/2025 10:00:00 AM,5/25/2025 6:00:00 AM,RFC,MIDATL,AE,AECO,715.879,False
5/25/2025 11:00:00 AM,5/25/2025 7:00:00 AM,RFC,MIDATL,AE,AECO,690.797,False
5/25/2025 12:00:00 PM,5/25/2025 8:00:00 AM,RFC,MIDATL,AE,AECO,653.958,False
5/25/2025 1:00:00 PM,5/25/2025 9:00:00 AM,RFC,MIDATL,AE,AECO,600.672,False
5/25/2025 2:00:00 PM,5/25/2025 10:00:00 AM,RFC,MIDATL,AE,AECO,546.733,False
5/25/2025 3:00:00 PM,5/25/2025 11:00:00 AM,RFC,MIDATL,AE,AECO,534.083,False
5/25/2025 4:00:00 PM,5/25/2025 12:00:00 PM,RFC,MIDATL,AE,AECO,595.212,False
5/25/2025 5:00:00 PM,5/25/2025 1:00:00 PM,RFC,MIDATL,AE,AECO,627.097,False
5/25/2025 6:00:00 PM,5/25/2025 2:00:00 PM,RFC,MIDATL,AE,AECO,664.077,False
5/25/2025 7:00:00 PM,5/25/2025 3:00:00 PM,RFC,MIDATL,AE,AECO,695.983,False
5/25/2025 8:00:00 PM,5/25/2025 4:00:00 PM,RFC,MIDATL,AE,AECO,790.248,False
5/25/2025 9:00:00 PM,5/25/2025 5:00:00 PM,RFC,MIDATL,AE,AECO,909.131,False
5/25/2025 10:00:00 PM,5/25/2025 6:00:00 PM,RFC,MIDATL,AE,AECO,961.335,False
5/25/2025 11:00:00 PM,5/25/2025 7:00:00 PM,RFC,MIDATL,AE,AECO,979.305,False
5/26/2025 12:00:00 AM,5/25/2025 8:00:00 PM,RFC,MIDATL,AE,AECO,1006.360,False
5/26/2025 1:00:00 AM,5/25/2025 9:00:00 PM,RFC,MIDATL,AE,AECO,993.835,False
5/26/2025 2:00:00 AM,5/25/2025 10:00:00 PM,RFC,MIDATL,AE,AECO,945.186,False
5/26/2025 3:00:00 AM,5/25/2025 11:00:00 PM,RFC,MIDATL,AE,AECO,874.536,False
5/26/2025 4:00:00 AM,5/26/2025 12:00:00 AM,RFC,MIDATL,AE,AECO,816.727,False
5/26/2025 5:00:00 AM,5/26/2025 1:00:00 AM,RFC,MIDATL,AE,AECO,757.196,False
5/26/2025 6:00:00 AM,5/26/2025 2:00:00 AM,RFC,MIDATL,AE,AECO,732.436,False
5/26/2025 7:00:00 AM,5/26/2025 3:00:00 AM,RFC,MIDATL,AE,AECO,717.961,False
5/26/2025 8:00:00 AM,5/26/2025 4:00:00 AM,RFC,MIDATL,AE,AECO,723.937,False
5/26/2025 9:00:00 AM,5/26/2025 5:00:00 AM,RFC,MIDATL,AE,AECO,728.494,False
5/26/2025 10:00:00 AM,5/26/2025 6:00:00 AM,RFC,MIDATL,AE,AECO,722.834,False
5/26/2025 11:00:00 AM,5/26/2025 7:00:00 AM,RFC,MIDATL,AE,AECO,694.599,False
5/26/2025 12:00:00 PM,5/26/2025 8:00:00 AM,RFC,MIDATL,AE,AECO,659.824,False
5/26/2025 1:00:00 PM,5/26/2025 9:00:00 AM,RFC,MIDATL,AE,AECO,610.178,False
5/26/2025 2:00:00 PM,5/26/2025 10:00:00 AM,RFC,MIDATL,AE,AECO,566.151,False
5/26/2025 3:00:00 PM,5/26/2025 11:00:00 AM,RFC,MIDATL,AE,AECO,552.024,False
5/26/2025 4:00:00 PM,5/26/2025 12:00:00 PM,RFC,MIDATL,AE,AECO,558.345,False
5/26/2025 5:00:00 PM,5/26/2025 1:00:00 PM,RFC,MIDATL,AE,AECO,570.772,False
5/26/2025 6:00:00 PM,5/26/2025 2:00:00 PM,RFC,MIDATL,AE,AECO,611.931,False
5/26/2025 7:00:00 PM,5/26/2025 3:00:00 PM,RFC,MIDATL,AE,AECO,716.226,False
5/26/2025 8:00:00 PM,5/26/2025 4:00:00 PM,RFC,MIDATL,AE,AECO,821.603,False
5/26/2025 9:00:00 PM,5/26/2025 5:00:00 PM,RFC,MIDATL,AE,AECO,934.405,False
5/26/2025 10:00:00 PM,5/26/2025 6:00:00 PM,RFC,MIDATL,AE,AECO,980.116,False
5/26/2025 11:00:00 PM,5/26/2025 7:00:00 PM,RFC,MIDATL,AE,AECO,1005.886,False
5/27/2025 12:00:00 AM,5/26/2025 8:00:00 PM,RFC,MIDATL,AE,AECO,1031.977,False
5/27/2025 1:00:00 AM,5/26/2025 9:00:00 PM,RFC,MIDATL,AE,AECO,1005.438,False
5/27/2025 2:00:00 AM,5/26/2025 10:00:00 PM,RFC,MIDATL,AE,AECO,926.142,False
5/27/2025 3:00:00 AM,5/26/2025 11:00:00 PM,RFC,MIDATL,AE,AECO,840.413,False
5/27/2025 4:00:00 AM,5/27/2025 12:00:00 AM,RFC,MIDATL,AE,AECO,779.228,False
5/27/2025 5:00:00 AM,5/27/2025 1:00:00 AM,RFC,MIDATL,AE,AECO,744.533,False
5/27/2025 6:00:00 AM,5/27/2025 2:00:00 AM,RFC,MIDATL,AE,AECO,730.467,False
5/27/2025 7:00:00 AM,5/27/2025 3:00:00 AM,RFC,MIDATL,AE,AECO,714.383,False
5/27/2025 8:00:00 AM,5/27/2025 4:00:00 AM,RFC,MIDATL,AE,AECO,731.587,False
5/27/2025 9:00:00 AM,5/27/2025 5:00:00 AM,RFC,MIDATL,AE,AECO,761.688,False
5/27/2025 10:00:00 AM,5/27/2025 6:00:00 AM,RFC,MIDATL,AE,AECO,789.399,False
5/27/2025 11:00:00 AM,5/27/2025 7:00:00 AM,RFC,MIDATL,AE,AECO,812.042,False
5/27/2025 12:00:00 PM,5/27/2025 8:00:00 AM,RFC,MIDATL,AE,AECO,809.571,False
5/27/2025 1:00:00 PM,5/27/2025 9:00:00 AM,RFC,MIDATL,AE,AECO,770.902,False
5/27/2025 2:00:00 PM,5/27/2025 10:00:00 AM,RFC,MIDATL,AE,AECO,724.780,False
5/27/2025 3:00:00 PM,5/27/2025 11:00:00 AM,RFC,MIDATL,AE,AECO,731.804,False
5/27/2025 4:00:00 PM,5/27/2025 12:00:00 PM,RFC,MIDATL,AE,AECO,745.536,False
5/27/2025 5:00:00 PM,5/27/2025 1:00:00 PM,RFC,MIDATL,AE,AECO,707.868,False
5/27/2025 6:00:00 PM,5/27/2025 2:00:00 PM,RFC,MIDATL,AE,AECO,767.739,False
5/27/2025 7:00:00 PM,5/27/2025 3:00:00 PM,RFC,MIDATL,AE,AECO,851.132,False
5/27/2025 8:00:00 PM,5/27/2025 4:00:00 PM,RFC,MIDATL,AE,AECO,901.943,False
5/27/2025 9:00:00 PM,5/27/2025 5:00:00 PM,RFC,MIDATL,AE,AECO,957.740,False
5/27/2025 10:00:00 PM,5/27/2025 6:00:00 PM,RFC,MIDATL,AE,AECO,1008.573,False
5/27/2025 11:00:00 PM,5/27/2025 7:00:00 PM,RFC,MIDATL,AE,AECO,1012.431,False
5/28/2025 12:00:00 AM,5/27/2025 8:00:00 PM,RFC,MIDATL,AE,AECO,1034.819,False
5/28/2025 1:00:00 AM,5/27/2025 9:00:00 PM,RFC,MIDATL,AE,AECO,998.074,False
5/28/2025 2:00:00 AM,5/27/2025 10:00:00 PM,RFC,MIDATL,AE,AECO,920.757,False
5/28/2025 3:00:00 AM,5/27/2025 11:00:00 PM,RFC,MIDATL,AE,AECO,848.292,False
5/28/2025 4:00:00 AM,5/28/2025 12:00:00 AM,RFC,MIDATL,AE,AECO,794.996,False
5/28/2025 5:00:00 AM,5/28/2025 1:00:00 AM,RFC,MIDATL,AE,AECO,753.122,False
5/28/2025 6:00:00 AM,5/28/2025 2:00:00 AM,RFC,MIDATL,AE,AECO,738.456,False
5/28/2025 7:00:00 AM,5/28/2025 3:00:00 AM,RFC,MIDATL,AE,AECO,729.732,False
5/28/2025 8:00:00 AM,5/28/2025 4:00:00 AM,RFC,MIDATL,AE,AECO,748.592,False
5/28/2025 9:00:00 AM,5/28/2025 5:00:00 AM,RFC,MIDATL,AE,AECO,779.735,False
5/28/2025 10:00:00 AM,5/28/2025 6:00:00 AM,RFC,MIDATL,AE,AECO,834.328,False
5/28/2025 11:00:00 AM,5/28/2025 7:00:00 AM,RFC,MIDATL,AE,AECO,868.163,False
5/28/2025 12:00:00 PM,5/28/2025 8:00:00 AM,RFC,MIDATL,AE,AECO,900.840,False
5/28/2025 1:00:00 PM,5/28/2025 9:00:00 AM,RFC,MIDATL,AE,AECO,920.341,False
5/28/2025 2:00:00 PM,5/28/2025 10:00:00 AM,RFC,MIDATL,AE,AECO,931.878,False
5/28/2025 3:00:00 PM,5/28/2025 11:00:00 AM,RFC,MIDATL,AE,AECO,939.969,False
5/28/2025 4:00:00 PM,5/28/2025 12:00:00 PM,RFC,MIDATL,AE,AECO,947.281,False
5/28/2025 5:00:00 PM,5/28/2025 1:00:00 PM,RFC,MIDATL,AE,AECO,882.771,False
5/28/2025 6:00:00 PM,5/28/2025 2:00:00 PM,RFC,MIDATL,AE,AECO,863.378,False
5/28/2025 7:00:00 PM,5/28/2025 3:00:00 PM,RFC,MIDATL,AE,AECO,924.290,False
5/28/2025 8:00:00 PM,5/28/2025 4:00:00 PM,RFC,MIDATL,AE,AECO,952.876,False
5/28/2025 9:00:00 PM,5/28/2025 5:00:00 PM,RFC,MIDATL,AE,AECO,985.845,False
5/28/2025 10:00:00 PM,5/28/2025 6:00:00 PM,RFC,MIDATL,AE,AECO,1007.760,False
5/28/2025 11:00:00 PM,5/28/2025 7:00:00 PM,RFC,MIDATL,AE,AECO,1015.584,False
5/29/2025 12:00:00 AM,5/28/2025 8:00:00 PM,RFC,MIDATL,AE,AECO,1024.436,False
5/29/2025 1:00:00 AM,5/28/2025 9:00:00 PM,RFC,MIDATL,AE,AECO,980.122,False
5/29/2025 2:00:00 AM,5/28/2025 10:00:00 PM,RFC,MIDATL,AE,AECO,920.531,False
5/29/2025 3:00:00 AM,5/28/2025 11:00:00 PM,RFC,MIDATL,AE,AECO,848.482,False
5/29/2025 4:00:00 AM,5/29/2025 12:00:00 AM,RFC,MIDATL,AE,AECO,795.539,False
5/29/2025 5:00:00 AM,5/29/2025 1:00:00 AM,RFC,MIDATL,AE,AECO,767.208,False
5/29/2025 6:00:00 AM,5/29/2025 2:00:00 AM,RFC,MIDATL,AE,AECO,749.658,False
5/29/2025 7:00:00 AM,5/29/2025 3:00:00 AM,RFC,MIDATL,AE,AECO,745.725,False
5/29/2025 8:00:00 AM,5/29/2025 4:00:00 AM,RFC,MIDATL,AE,AECO,752.197,False
5/29/2025 9:00:00 AM,5/29/2025 5:00:00 AM,RFC,MIDATL,AE,AECO,803.642,False
5/29/2025 10:00:00 AM,5/29/2025 6:00:00 AM,RFC,MIDATL,AE,AECO,828.477,False
5/29/2025 11:00:00 AM,5/29/2025 7:00:00 AM,RFC,MIDATL,AE,AECO,862.545,False
5/29/2025 12:00:00 PM,5/29/2025 8:00:00 AM,RFC,MIDATL,AE,AECO,883.897,False
5/29/2025 1:00:00 PM,5/29/2025 9:00:00 AM,RFC,MIDATL,AE,AECO,857.598,False
5/29/2025 2:00:00 PM,5/29/2025 10:00:00 AM,RFC,MIDATL,AE,AECO,867.389,False
5/29/2025 3:00:00 PM,5/29/2025 11:00:00 AM,RFC,MIDATL,AE,AECO,853.175,False
5/29/2025 4:00:00 PM,5/29/2025 12:00:00 PM,RFC,MIDATL,AE,AECO,825.584,False
5/29/2025 5:00:00 PM,5/29/2025 1:00:00 PM,RFC,MIDATL,AE,AECO,817.716,False
5/29/2025 6:00:00 PM,5/29/2025 2:00:00 PM,RFC,MIDATL,AE,AECO,778.133,False
5/29/2025 7:00:00 PM,5/29/2025 3:00:00 PM,RFC,MIDATL,AE,AECO,777.631,False
5/29/2025 8:00:00 PM,5/29/2025 4:00:00 PM,RFC,MIDATL,AE,AECO,860.776,False
5/29/2025 9:00:00 PM,5/29/2025 5:00:00 PM,RFC,MIDATL,AE,AECO,955.252,False
5/29/2025 10:00:00 PM,5/29/2025 6:00:00 PM,RFC,MIDATL,AE,AECO,999.064,False
5/29/2025 11:00:00 PM,5/29/2025 7:00:00 PM,RFC,MIDATL,AE,AECO,1025.246,False
5/30/2025 12:00:00 AM,5/29/2025 8:00:00 PM,RFC,MIDATL,AE,AECO,1067.352,False
5/30/2025 1:00:00 AM,5/29/2025 9:00:00 PM,RFC,MIDATL,AE,AECO,1043.032,False
5/30/2025 2:00:00 AM,5/29/2025 10:00:00 PM,RFC,MIDATL,AE,AECO,967.447,False
5/30/2025 3:00:00 AM,5/29/2025 11:00:00 PM,RFC,MIDATL,AE,AECO,889.806,False
5/30/2025 4:00:00 AM,5/30/2025 12:00:00 AM,RFC,MIDATL,AE,AECO,835.716,False
5/30/2025 5:00:00 AM,5/30/2025 1:00:00 AM,RFC,MIDATL,AE,AECO,790.097,False
5/30/2025 6:00:00 AM,5/30/2025 2:00:00 AM,RFC,MIDATL,AE,AECO,764.708,False
5/30/2025 7:00:00 AM,5/30/2025 3:00:00 AM,RFC,MIDATL,AE,AECO,756.029,False
5/30/2025 8:00:00 AM,5/30/2025 4:00:00 AM,RFC,MIDATL,AE,AECO,764.816,False
5/30/2025 9:00:00 AM,5/30/2025 5:00:00 AM,RFC,MIDATL,AE,AECO,803.693,False
5/30/2025 10:00:00 AM,5/30/2025 6:00:00 AM,RFC,MIDATL,AE,AECO,850.739,False
5/30/2025 11:00:00 AM,5/30/2025 7:00:00 AM,RFC,MIDATL,AE,AECO,902.590,False
5/30/2025 12:00:00 PM,5/30/2025 8:00:00 AM,RFC,MIDATL,AE,AECO,924.282,False
5/30/2025 1:00:00 PM,5/30/2025 9:00:00 AM,RFC,MIDATL,AE,AECO,900.133,False
5/30/2025 2:00:00 PM,5/30/2025 10:00:00 AM,RFC,MIDATL,AE,AECO,911.501,False
5/30/2025 3:00:00 PM,5/30/2025 11:00:00 AM,RFC,MIDATL,AE,AECO,886.088,False
5/30/2025 4:00:00 PM,5/30/2025 12:00:00 PM,RFC,MIDATL,AE,AECO,829.260,False
5/30/2025 5:00:00 PM,5/30/2025 1:00:00 PM,RFC,MIDATL,AE,AECO,801.044,False
5/30/2025 6:00:00 PM,5/30/2025 2:00:00 PM,RFC,MIDATL,AE,AECO,814.807,False
5/30/2025 7:00:00 PM,5/30/2025 3:00:00 PM,RFC,MIDATL,AE,AECO,882.032,False
5/30/2025 8:00:00 PM,5/30/2025 4:00:00 PM,RFC,MIDATL,AE,AECO,1032.264,False
5/30/2025 9:00:00 PM,5/30/2025 5:00:00 PM,RFC,MIDATL,AE,AECO,1117.963,False
5/30/2025 10:00:00 PM,5/30/2025 6:00:00 PM,RFC,MIDATL,AE,AECO,1132.354,False
5/30/2025 11:00:00 PM,5/30/2025 7:00:00 PM,RFC,MIDATL,AE,AECO,1158.272,False
5/31/2025 12:00:00 AM,5/30/2025 8:00:00 PM,RFC,MIDATL,AE,AECO,1164.215,False
5/31/2025 1:00:00 AM,5/30/2025 9:00:00 PM,RFC,MIDATL,AE,AECO,1127.333,False
5/31/2025 2:00:00 AM,5/30/2025 10:00:00 PM,RFC,MIDATL,AE,AECO,1055.896,False
5/31/2025 3:00:00 AM,5/30/2025 11:00:00 PM,RFC,MIDATL,AE,AECO,974.108,False
5/31/2025 4:00:00 AM,5/31/2025 12:00:00 AM,RFC,MIDATL,AE,AECO,904.965,False
5/31/2025 5:00:00 AM,5/31/2025 1:00:00 AM,RFC,MIDATL,AE,AECO,847.392,False
5/31/2025 6:00:00 AM,5/31/2025 2:00:00 AM,RFC,MIDATL,AE,AECO,804.196,False
5/31/2025 7:00:00 AM,5/31/2025 3:00:00 AM,RFC,MIDATL,AE,AECO,771.607,False
5/31/2025 8:00:00 AM,5/31/2025 4:00:00 AM,RFC,MIDATL,AE,AECO,763.462,False
5/31/2025 9:00:00 AM,5/31/2025 5:00:00 AM,RFC,MIDATL,AE,AECO,769.058,False
5/31/2025 10:00:00 AM,5/31/2025 6:00:00 AM,RFC,MIDATL,AE,AECO,760.820,False
5/31/2025 11:00:00 AM,5/31/2025 7:00:00 AM,RFC,MIDATL,AE,AECO,749.892,False
5/31/2025 12:00:00 PM,5/31/2025 8:00:00 AM,RFC,MIDATL,AE,AECO,732.816,False
5/31/2025 1:00:00 PM,5/31/2025 9:00:00 AM,RFC,MIDATL,AE,AECO,752.852,False
5/31/2025 2:00:00 PM,5/31/2025 10:00:00 AM,RFC,MIDATL,AE,AECO,760.050,False
5/31/2025 3:00:00 PM,5/31/2025 11:00:00 AM,RFC,MIDATL,AE,AECO,712.609,False
5/31/2025 4:00:00 PM,5/31/2025 12:00:00 PM,RFC,MIDATL,AE,AECO,671.220,False
5/31/2025 5:00:00 PM,5/31/2025 1:00:00 PM,RFC,MIDATL,AE,AECO,728.048,False
5/31/2025 6:00:00 PM,5/31/2025 2:00:00 PM,RFC,MIDATL,AE,AECO,718.415,False
5/31/2025 7:00:00 PM,5/31/2025 3:00:00 PM,RFC,MIDATL,AE,AECO,876.007,False
5/31/2025 8:00:00 PM,5/31/2025 4:00:00 PM,RFC,MIDATL,AE,AECO,956.713,False
5/31/2025 9:00:00 PM,5/31/2025 5:00:00 PM,RFC,MIDATL,AE,AECO,923.293,False
5/31/2025 10:00:00 PM,5/31/2025 6:00:00 PM,RFC,MIDATL,AE,AECO,940.735,False
5/31/2025 11:00:00 PM,5/31/2025 7:00:00 PM,RFC,MIDATL,AE,AECO,968.154,False
6/1/2025 12:00:00 AM,5/31/2025 8:00:00 PM,RFC,MIDATL,AE,AECO,986.726,False
6/1/2025 1:00:00 AM,5/31/2025 9:00:00 PM,RFC,MIDATL,AE,AECO,979.440,False
6/1/2025 2:00:00 AM,5/31/2025 10:00:00 PM,RFC,MIDATL,AE,AECO,925.506,False
6/1/2025 3:00:00 AM,5/31/2025 11:00:00 PM,RFC,MIDATL,AE,AECO,860.874,False
6/1/2025 4:00:00 AM,6/1/2025 12:00:00 AM,RFC,MIDATL,AE,AECO,799.637,True
6/1/2025 5:00:00 AM,6/1/2025 1:00:00 AM,RFC,MIDATL,AE,AECO,761.950,True
6/1/2025 6:00:00 AM,6/1/2025 2:00:00 AM,RFC,MIDATL,AE,AECO,730.546,True
6/1/2025 7:00:00 AM,6/1/2025 3:00:00 AM,RFC,MIDATL,AE,AECO,721.350,True
6/1/2025 8:00:00 AM,6/1/2025 4:00:00 AM,RFC,MIDATL,AE,AECO,719.591,True
6/1/2025 9:00:00 AM,6/1/2025 5:00:00 AM,RFC,MIDATL,AE,AECO,722.359,True
6/1/2025 10:00:00 AM,6/1/2025 6:00:00 AM,RFC,MIDATL,AE,AECO,709.074,True
6/1/2025 11:00:00 AM,6/1/2025 7:00:00 AM,RFC,MIDATL,AE,AECO,678.960,True
6/1/2025 12:00:00 PM,6/1/2025 8:00:00 AM,RFC,MIDATL,AE,AECO,631.986,True
6/1/2025 1:00:00 PM,6/1/2025 9:00:00 AM,RFC,MIDATL,AE,AECO,591.368,True
6/1/2025 2:00:00 PM,6/1/2025 10:00:00 AM,RFC,MIDATL,AE,AECO,561.583,True
6/1/2025 3:00:00 PM,6/1/2025 11:00:00 AM,RFC,MIDATL,AE,AECO,529.749,True
6/1/2025 4:00:00 PM,6/1/2025 12:00:00 PM,RFC,MIDATL,AE,AECO,516.095,True
6/1/2025 5:00:00 PM,6/1/2025 1:00:00 PM,RFC,MIDATL,AE,AECO,535.518,True
6/1/2025 6:00:00 PM,6/1/2025 2:00:00 PM,RFC,MIDATL,AE,AECO,572.726,True
6/1/2025 7:00:00 PM,6/1/2025 3:00:00 PM,RFC,MIDATL,AE,AECO,646.554,True
6/1/2025 8:00:00 PM,6/1/2025 4:00:00 PM,RFC,MIDATL,AE,AECO,741.398,True
6/1/2025 9:00:00 PM,6/1/2025 5:00:00 PM,RFC,MIDATL,AE,AECO,857.771,True
6/1/2025 10:00:00 PM,6/1/2025 6:00:00 PM,RFC,MIDATL,AE,AECO,929.201,True
6/1/2025 11:00:00 PM,6/1/2025 7:00:00 PM,RFC,MIDATL,AE,AECO,964.294,True
6/2/2025 12:00:00 AM,6/1/2025 8:00:00 PM,RFC,MIDATL,AE,AECO,989.380,True
6/2/2025 1:00:00 AM,6/1/2025 9:00:00 PM,RFC,MIDATL,AE,AECO,976.374,True
6/2/2025 2:00:00 AM,6/1/2025 10:00:00 PM,RFC,MIDATL,AE,AECO,912.494,True
6/2/2025 3:00:00 AM,6/1/2025 11:00:00 PM,RFC,MIDATL,AE,AECO,840.103,True
6/2/2025 4:00:00 AM,6/2/2025 12:00:00 AM,RFC,MIDATL,AE,AECO,780.935,True
6/2/2025 5:00:00 AM,6/2/2025 1:00:00 AM,RFC,MIDATL,AE,AECO,742.012,True
6/2/2025 6:00:00 AM,6/2/2025 2:00:00 AM,RFC,MIDATL,AE,AECO,719.192,True
6/2/2025 7:00:00 AM,6/2/2025 3:00:00 AM,RFC,MIDATL,AE,AECO,718.147,True
6/2/2025 8:00:00 AM,6/2/2025 4:00:00 AM,RFC,MIDATL,AE,AECO,732.066,True
6/2/2025 9:00:00 AM,6/2/2025 5:00:00 AM,RFC,MIDATL,AE,AECO,765.586,True
6/2/2025 10:00:00 AM,6/2/2025 6:00:00 AM,RFC,MIDATL,AE,AECO,797.714,True
6/2/2025 11:00:00 AM,6/2/2025 7:00:00 AM,RFC,MIDATL,AE,AECO,818.630,True
6/2/2025 12:00:00 PM,6/2/2025 8:00:00 AM,RFC,MIDATL,AE,AECO,744.721,True
6/2/2025 1:00:00 PM,6/2/2025 9:00:00 AM,RFC,MIDATL,AE,AECO,662.202,True
6/2/2025 2:00:00 PM,6/2/2025 10:00:00 AM,RFC,MIDATL,AE,AECO,598.992,True
6/2/2025 3:00:00 PM,6/2/2025 11:00:00 AM,RFC,MIDATL,AE,AECO,564.281,True
6/2/2025 4:00:00 PM,6/2/2025 12:00:00 PM,RFC,MIDATL,AE,AECO,563.640,True
6/2/2025 5:00:00 PM,6/2/2025 1:00:00 PM,RFC,MIDATL,AE,AECO,577.815,True
6/2/2025 6:00:00 PM,6/2/2025 2:00:00 PM,RFC,MIDATL,AE,AECO,613.702,True
6/2/2025 7:00:00 PM,6/2/2025 3:00:00 PM,RFC,MIDATL,AE,AECO,701.825,True
6/2/2025 8:00:00 PM,6/2/2025 4:00:00 PM,RFC,MIDATL,AE,AECO,817.852,True
6/2/2025 9:00:00 PM,6/2/2025 5:00:00 PM,RFC,MIDATL,AE,AECO,958.197,True
6/2/2025 10:00:00 PM,6/2/2025 6:00:00 PM,RFC,MIDATL,AE,AECO,1032.842,True
6/2/2025 11:00:00 PM,6/2/2025 7:00:00 PM,RFC,MIDATL,AE,AECO,1071.817,True
6/3/2025 12:00:00 AM,6/2/2025 8:00:00 PM,RFC,MIDATL,AE,AECO,1078.937,True
6/3/2025 1:00:00 AM,6/2/2025 9:00:00 PM,RFC,MIDATL,AE,AECO,1047.932,True
6/3/2025 2:00:00 AM,6/2/2025 10:00:00 PM,RFC,MIDATL,AE,AECO,965.215,True
6/3/2025 3:00:00 AM,6/2/2025 11:00:00 PM,RFC,MIDATL,AE,AECO,871.369,True
6/3/2025 4:00:00 AM,6/3/2025 12:00:00 AM,RFC,MIDATL,AE,AECO,800.639,True
6/3/2025 5:00:00 AM,6/3/2025 1:00:00 AM,RFC,MIDATL,AE,AECO,778.305,True
6/3/2025 6:00:00 AM,6/3/2025 2:00:00 AM,RFC,MIDATL,AE,AECO,748.674,True
6/3/2025 7:00:00 AM,6/3/2025 3:00:00 AM,RFC,MIDATL,AE,AECO,742.133,True
6/3/2025 8:00:00 AM,6/3/2025 4:00:00 AM,RFC,MIDATL,AE,AECO,742.106,True
6/3/2025 9:00:00 AM,6/3/2025 5:00:00 AM,RFC,MIDATL,AE,AECO,781.361,True
6/3/2025 10:00:00 AM,6/3/2025 6:00:00 AM,RFC,MIDATL,AE,AECO,820.561,True
6/3/2025 11:00:00 AM,6/3/2025 7:00:00 AM,RFC,MIDATL,AE,AECO,806.998,True
6/3/2025 12:00:00 PM,6/3/2025 8:00:00 AM,RFC,MIDATL,AE,AECO,776.958,True
6/3/2025 1:00:00 PM,6/3/2025 9:00:00 AM,RFC,MIDATL,AE,AECO,704.131,True
6/3/2025 2:00:00 PM,6/3/2025 10:00:00 AM,RFC,MIDATL,AE,AECO,669.956,True
6/3/2025 3:00:00 PM,6/3/2025 11:00:00 AM,RFC,MIDATL,AE,AECO,654.889,True
6/3/2025 4:00:00 PM,6/3/2025 12:00:00 PM,RFC,MIDATL,AE,AECO,671.257,True
6/3/2025 5:00:00 PM,6/3/2025 1:00:00 PM,RFC,MIDATL,AE,AECO,709.034,True
6/3/2025 6:00:00 PM,6/3/2025 2:00:00 PM,RFC,MIDATL,AE,AECO,783.062,True
6/3/2025 7:00:00 PM,6/3/2025 3:00:00 PM,RFC,MIDATL,AE,AECO,893.895,True
6/3/2025 8:00:00 PM,6/3/2025 4:00:00 PM,RFC,MIDATL,AE,AECO,1027.026,True
6/3/2025 9:00:00 PM,6/3/2025 5:00:00 PM,RFC,MIDATL,AE,AECO,1139.416,True
6/3/2025 10:00:00 PM,6/3/2025 6:00:00 PM,RFC,MIDATL,AE,AECO,1215.487,True
6/3/2025 11:00:00 PM,6/3/2025 7:00:00 PM,RFC,MIDATL,AE,AECO,1223.849,True
6/4/2025 12:00:00 AM,6/3/2025 8:00:00 PM,RFC,MIDATL,AE,AECO,1209.661,True
6/4/2025 1:00:00 AM,6/3/2025 9:00:00 PM,RFC,MIDATL,AE,AECO,1155.391,True
6/4/2025 2:00:00 AM,6/3/2025 10:00:00 PM,RFC,MIDATL,AE,AECO,1049.366,True
6/4/2025 3:00:00 AM,6/3/2025 11:00:00 PM,RFC,MIDATL,AE,AECO,947.143,True
6/4/2025 4:00:00 AM,6/4/2025 12:00:00 AM,RFC,MIDATL,AE,AECO,876.767,True
6/4/2025 5:00:00 AM,6/4/2025 1:00:00 AM,RFC,MIDATL,AE,AECO,812.581,True
6/4/2025 6:00:00 AM,6/4/2025 2:00:00 AM,RFC,MIDATL,AE,AECO,790.432,True
6/4/2025 7:00:00 AM,6/4/2025 3:00:00 AM,RFC,MIDATL,AE,AECO,772.127,True
6/4/2025 8:00:00 AM,6/4/2025 4:00:00 AM,RFC,MIDATL,AE,AECO,777.839,True
6/4/2025 9:00:00 AM,6/4/2025 5:00:00 AM,RFC,MIDATL,AE,AECO,810.770,True
6/4/2025 10:00:00 AM,6/4/2025 6:00:00 AM,RFC,MIDATL,AE,AECO,837.619,True
6/4/2025 11:00:00 AM,6/4/2025 7:00:00 AM,RFC,MIDATL,AE,AECO,863.041,True
6/4/2025 12:00:00 PM,6/4/2025 8:00:00 AM,RFC,MIDATL,AE,AECO,834.669,True
6/4/2025 1:00:00 PM,6/4/2025 9:00:00 AM,RFC,MIDATL,AE,AECO,792.899,True
6/4/2025 2:00:00 PM,6/4/2025 10:00:00 AM,RFC,MIDATL,AE,AECO,761.630,True
6/4/2025 3:00:00 PM,6/4/2025 11:00:00 AM,RFC,MIDATL,AE,AECO,788.362,True
6/4/2025 4:00:00 PM,6/4/2025 12:00:00 PM,RFC,MIDATL,AE,AECO,831.655,True
6/4/2025 5:00:00 PM,6/4/2025 1:00:00 PM,RFC,MIDATL,AE,AECO,910.445,True
6/4/2025 6:00:00 PM,6/4/2025 2:00:00 PM,RFC,MIDATL,AE,AECO,994.629,True
6/4/2025 7:00:00 PM,6/4/2025 3:00:00 PM,RFC,MIDATL,AE,AECO,1115.627,True
6/4/2025 8:00:00 PM,6/4/2025 4:00:00 PM,RFC,MIDATL,AE,AECO,1253.501,True
6/4/2025 9:00:00 PM,6/4/2025 5:00:00 PM,RFC,MIDATL,AE,AECO,1371.031,True
6/4/2025 10:00:00 PM,6/4/2025 6:00:00 PM,RFC,MIDATL,AE,AECO,1439.214,True
6/4/2025 11:00:00 PM,6/4/2025 7:00:00 PM,RFC,MIDATL,AE,AECO,1420.994,True
6/5/2025 12:00:00 AM,6/4/2025 8:00:00 PM,RFC,MIDATL,AE,AECO,1380.762,True
6/5/2025 1:00:00 AM,6/4/2025 9:00:00 PM,RFC,MIDATL,AE,AECO,1302.549,True
6/5/2025 2:00:00 AM,6/4/2025 10:00:00 PM,RFC,MIDATL,AE,AECO,1188.938,True
6/5/2025 3:00:00 AM,6/4/2025 11:00:00 PM,RFC,MIDATL,AE,AECO,1061.636,True
6/5/2025 4:00:00 AM,6/5/2025 12:00:00 AM,RFC,MIDATL,AE,AECO,964.630,True
6/5/2025 5:00:00 AM,6/5/2025 1:00:00 AM,RFC,MIDATL,AE,AECO,893.702,True
6/5/2025 6:00:00 AM,6/5/2025 2:00:00 AM,RFC,MIDATL,AE,AECO,853.013,True
6/5/2025 7:00:00 AM,6/5/2025 3:00:00 AM,RFC,MIDATL,AE,AECO,831.807,True
6/5/2025 8:00:00 AM,6/5/2025 4:00:00 AM,RFC,MIDATL,AE,AECO,830.461,True
6/5/2025 9:00:00 AM,6/5/2025 5:00:00 AM,RFC,MIDATL,AE,AECO,857.834,True
6/5/2025 10:00:00 AM,6/5/2025 6:00:00 AM,RFC,MIDATL,AE,AECO,909.824,True
6/5/2025 11:00:00 AM,6/5/2025 7:00:00 AM,RFC,MIDATL,AE,AECO,941.318,True
6/5/2025 12:00:00 PM,6/5/2025 8:00:00 AM,RFC,MIDATL,AE,AECO,936.736,True
6/5/2025 1:00:00 PM,6/5/2025 9:00:00 AM,RFC,MIDATL,AE,AECO,936.098,True
6/5/2025 2:00:00 PM,6/5/2025 10:00:00 AM,RFC,MIDATL,AE,AECO,950.657,True
6/5/2025 3:00:00 PM,6/5/2025 11:00:00 AM,RFC,MIDATL,AE,AECO,970.345,True
6/5/2025 4:00:00 PM,6/5/2025 12:00:00 PM,RFC,MIDATL,AE,AECO,1004.604,True
6/5/2025 5:00:00 PM,6/5/2025 1:00:00 PM,RFC,MIDATL,AE,AECO,1091.592,True
6/5/2025 6:00:00 PM,6/5/2025 2:00:00 PM,RFC,MIDATL,AE,AECO,1200.841,True
6/5/2025 7:00:00 PM,6/5/2025 3:00:00 PM,RFC,MIDATL,AE,AECO,1322.559,True
6/5/2025 8:00:00 PM,6/5/2025 4:00:00 PM,RFC,MIDATL,AE,AECO,1381.175,True
6/5/2025 9:00:00 PM,6/5/2025 5:00:00 PM,RFC,MIDATL,AE,AECO,1450.108,True
6/5/2025 10:00:00 PM,6/5/2025 6:00:00 PM,RFC,MIDATL,AE,AECO,1482.418,True
6/5/2025 11:00:00 PM,6/5/2025 7:00:00 PM,RFC,MIDATL,AE,AECO,1465.894,True
6/6/2025 12:00:00 AM,6/5/2025 8:00:00 PM,RFC,MIDATL,AE,AECO,1430.055,True
6/6/2025 1:00:00 AM,6/5/2025 9:00:00 PM,RFC,MIDATL,AE,AECO,1364.327,True
6/6/2025 2:00:00 AM,6/5/2025 10:00:00 PM,RFC,MIDATL,AE,AECO,1233.121,True
6/6/2025 3:00:00 AM,6/5/2025 11:00:00 PM,RFC,MIDATL,AE,AECO,1104.290,True
6/6/2025 4:00:00 AM,6/6/2025 12:00:00 AM,RFC,MIDATL,AE,AECO,1010.405,True
6/6/2025 5:00:00 AM,6/6/2025 1:00:00 AM,RFC,MIDATL,AE,AECO,932.716,True
6/6/2025 6:00:00 AM,6/6/2025 2:00:00 AM,RFC,MIDATL,AE,AECO,889.143,True
6/6/2025 7:00:00 AM,6/6/2025 3:00:00 AM,RFC,MIDATL,AE,AECO,861.422,True
6/6/2025 8:00:00 AM,6/6/2025 4:00:00 AM,RFC,MIDATL,AE,AECO,856.862,True
6/6/2025 9:00:00 AM,6/6/2025 5:00:00 AM,RFC,MIDATL,AE,AECO,885.624,True
6/6/2025 10:00:00 AM,6/6/2025 6:00:00 AM,RFC,MIDATL,AE,AECO,930.220,True
6/6/2025 11:00:00 AM,6/6/2025 7:00:00 AM,RFC,MIDATL,AE,AECO,963.310,True
6/6/2025 12:00:00 PM,6/6/2025 8:00:00 AM,RFC,MIDATL,AE,AECO,986.573,True
6/6/2025 1:00:00 PM,6/6/2025 9:00:00 AM,RFC,MIDATL,AE,AECO,974.847,True
6/6/2025 2:00:00 PM,6/6/2025 10:00:00 AM,RFC,MIDATL,AE,AECO,1008.987,True
6/6/2025 3:00:00 PM,6/6/2025 11:00:00 AM,RFC,MIDATL,AE,AECO,1092.718,True
6/6/2025 4:00:00 PM,6/6/2025 12:00:00 PM,RFC,MIDATL,AE,AECO,1203.487,True
6/6/2025 5:00:00 PM,6/6/2025 1:00:00 PM,RFC,MIDATL,AE,AECO,1309.199,True
6/6/2025 6:00:00 PM,6/6/2025 2:00:00 PM,RFC,MIDATL,AE,AECO,1330.538,True
6/6/2025 7:00:00 PM,6/6/2025 3:00:00 PM,RFC,MIDATL,AE,AECO,1398.429,True
6/6/2025 8:00:00 PM,6/6/2025 4:00:00 PM,RFC,MIDATL,AE,AECO,1438.962,True
6/6/2025 9:00:00 PM,6/6/2025 5:00:00 PM,RFC,MIDATL,AE,AECO,1452.759,True
6/6/2025 10:00:00 PM,6/6/2025 6:00:00 PM,RFC,MIDATL,AE,AECO,1479.294,True
6/6/2025 11:00:00 PM,6/6/2025 7:00:00 PM,RFC,MIDATL,AE,AECO,1476.781,True
6/7/2025 12:00:00 AM,6/6/2025 8:00:00 PM,RFC,MIDATL,AE,AECO,1424.907,True
6/7/2025 1:00:00 AM,6/6/2025 9:00:00 PM,RFC,MIDATL,AE,AECO,1364.570,True
6/7/2025 2:00:00 AM,6/6/2025 10:00:00 PM,RFC,MIDATL,AE,AECO,1257.789,True
6/7/2025 3:00:00 AM,6/6/2025 11:00:00 PM,RFC,MIDATL,AE,AECO,1141.220,True
6/7/2025 4:00:00 AM,6/7/2025 12:00:00 AM,RFC,MIDATL,AE,AECO,1051.791,True
6/7/2025 5:00:00 AM,6/7/2025 1:00:00 AM,RFC,MIDATL,AE,AECO,974.236,True
6/7/2025 6:00:00 AM,6/7/2025 2:00:00 AM,RFC,MIDATL,AE,AECO,931.108,True
6/7/2025 7:00:00 AM,6/7/2025 3:00:00 AM,RFC,MIDATL,AE,AECO,901.683,True
6/7/2025 8:00:00 AM,6/7/2025 4:00:00 AM,RFC,MIDATL,AE,AECO,888.928,True
6/7/2025 9:00:00 AM,6/7/2025 5:00:00 AM,RFC,MIDATL,AE,AECO,891.898,True
6/7/2025 10:00:00 AM,6/7/2025 6:00:00 AM,RFC,MIDATL,AE,AECO,900.985,True
6/7/2025 11:00:00 AM,6/7/2025 7:00:00 AM,RFC,MIDATL,AE,AECO,939.369,True
6/7/2025 12:00:00 PM,6/7/2025 8:00:00 AM,RFC,MIDATL,AE,AECO,1007.612,True
6/7/2025 1:00:00 PM,6/7/2025 9:00:00 AM,RFC,MIDATL,AE,AECO,1067.857,True
6/7/2025 2:00:00 PM,6/7/2025 10:00:00 AM,RFC,MIDATL,AE,AECO,1098.743,True
6/7/2025 3:00:00 PM,6/7/2025 11:00:00 AM,RFC,MIDATL,AE,AECO,1143.366,True
6/7/2025 4:00:00 PM,6/7/2025 12:00:00 PM,RFC,MIDATL,AE,AECO,1159.040,True
6/7/2025 5:00:00 PM,6/7/2025 1:00:00 PM,RFC,MIDATL,AE,AECO,1138.844,True
6/7/2025 6:00:00 PM,6/7/2025 2:00:00 PM,RFC,MIDATL,AE,AECO,1135.500,True
6/7/2025 7:00:00 PM,6/7/2025 3:00:00 PM,RFC,MIDATL,AE,AECO,1117.300,True
6/7/2025 8:00:00 PM,6/7/2025 4:00:00 PM,RFC,MIDATL,AE,AECO,1161.273,True
6/7/2025 9:00:00 PM,6/7/2025 5:00:00 PM,RFC,MIDATL,AE,AECO,1290.861,True
6/7/2025 10:00:00 PM,6/7/2025 6:00:00 PM,RFC,MIDATL,AE,AECO,1358.725,True
6/7/2025 11:00:00 PM,6/7/2025 7:00:00 PM,RFC,MIDATL,AE,AECO,1361.778,True
6/8/2025 12:00:00 AM,6/7/2025 8:00:00 PM,RFC,MIDATL,AE,AECO,1332.853,True
6/8/2025 1:00:00 AM,6/7/2025 9:00:00 PM,RFC,MIDATL,AE,AECO,1296.500,True
6/8/2025 2:00:00 AM,6/7/2025 10:00:00 PM,RFC,MIDATL,AE,AECO,1211.456,True
6/8/2025 3:00:00 AM,6/7/2025 11:00:00 PM,RFC,MIDATL,AE,AECO,1114.038,True
6/8/2025 4:00:00 AM,6/8/2025 12:00:00 AM,RFC,MIDATL,AE,AECO,1022.663,True
6/8/2025 5:00:00 AM,6/8/2025 1:00:00 AM,RFC,MIDATL,AE,AECO,948.242,True
6/8/2025 6:00:00 AM,6/8/2025 2:00:00 AM,RFC,MIDATL,AE,AECO,896.964,True
6/8/2025 7:00:00 AM,6/8/2025 3:00:00 AM,RFC,MIDATL,AE,AECO,867.556,True
6/8/2025 8:00:00 AM,6/8/2025 4:00:00 AM,RFC,MIDATL,AE,AECO,855.676,True
6/8/2025 9:00:00 AM,6/8/2025 5:00:00 AM,RFC,MIDATL,AE,AECO,846.703,True
6/8/2025 10:00:00 AM,6/8/2025 6:00:00 AM,RFC,MIDATL,AE,AECO,843.838,True
6/8/2025 11:00:00 AM,6/8/2025 7:00:00 AM,RFC,MIDATL,AE,AECO,847.118,True
6/8/2025 12:00:00 PM,6/8/2025 8:00:00 AM,RFC,MIDATL,AE,AECO,890.569,True
6/8/2025 1:00:00 PM,6/8/2025 9:00:00 AM,RFC,MIDATL,AE,AECO,943.758,True
6/8/2025 2:00:00 PM,6/8/2025 10:00:00 AM,RFC,MIDATL,AE,AECO,1008.188,True
6/8/2025 3:00:00 PM,6/8/2025 11:00:00 AM,RFC,MIDATL,AE,AECO,1022.063,True
6/8/2025 4:00:00 PM,6/8/2025 12:00:00 PM,RFC,MIDATL,AE,AECO,1039.534,True
6/8/2025 5:00:00 PM,6/8/2025 1:00:00 PM,RFC,MIDATL,AE,AECO,1048.650,True
6/8/2025 6:00:00 PM,6/8/2025 2:00:00 PM,RFC,MIDATL,AE,AECO,1061.128,True
6/8/2025 7:00:00 PM,6/8/2025 3:00:00 PM,RFC,MIDATL,AE,AECO,1067.331,True
6/8/2025 8:00:00 PM,6/8/2025 4:00:00 PM,RFC,MIDATL,AE,AECO,1049.656,True
6/8/2025 9:00:00 PM,6/8/2025 5:00:00 PM,RFC,MIDATL,AE,AECO,1077.637,True
6/8/2025 10:00:00 PM,6/8/2025 6:00:00 PM,RFC,MIDATL,AE,AECO,1092.485,True
6/8/2025 11:00:00 PM,6/8/2025 7:00:00 PM,RFC,MIDATL,AE,AECO,1086.839,True
6/9/2025 12:00:00 AM,6/8/2025 8:00:00 PM,RFC,MIDATL,AE,AECO,1089.114,True
6/9/2025 1:00:00 AM,6/8/2025 9:00:00 PM,RFC,MIDATL,AE,AECO,1068.709,True
6/9/2025 2:00:00 AM,6/8/2025 10:00:00 PM,RFC,MIDATL,AE,AECO,1008.541,True
6/9/2025 3:00:00 AM,6/8/2025 11:00:00 PM,RFC,MIDATL,AE,AECO,915.018,True
6/9/2025 4:00:00 AM,6/9/2025 12:00:00 AM,RFC,MIDATL,AE,AECO,855.607,True
6/9/2025 5:00:00 AM,6/9/2025 1:00:00 AM,RFC,MIDATL,AE,AECO,822.769,True
6/9/2025 6:00:00 AM,6/9/2025 2:00:00 AM,RFC,MIDATL,AE,AECO,792.516,True
6/9/2025 7:00:00 AM,6/9/2025 3:00:00 AM,RFC,MIDATL,AE,AECO,790.403,True
6/9/2025 8:00:00 AM,6/9/2025 4:00:00 AM,RFC,MIDATL,AE,AECO,799.347,True
6/9/2025 9:00:00 AM,6/9/2025 5:00:00 AM,RFC,MIDATL,AE,AECO,848.256,True
6/9/2025 10:00:00 AM,6/9/2025 6:00:00 AM,RFC,MIDATL,AE,AECO,888.158,True
6/9/2025 11:00:00 AM,6/9/2025 7:00:00 AM,RFC,MIDATL,AE,AECO,945.645,True
6/9/2025 12:00:00 PM,6/9/2025 8:00:00 AM,RFC,MIDATL,AE,AECO,970.488,True
6/9/2025 1:00:00 PM,6/9/2025 9:00:00 AM,RFC,MIDATL,AE,AECO,981.606,True
6/9/2025 2:00:00 PM,6/9/2025 10:00:00 AM,RFC,MIDATL,AE,AECO,952.852,True
6/9/2025 3:00:00 PM,6/9/2025 11:00:00 AM,RFC,MIDATL,AE,AECO,941.072,True
6/9/2025 4:00:00 PM,6/9/2025 12:00:00 PM,RFC,MIDATL,AE,AECO,935.539,True
6/9/2025 5:00:00 PM,6/9/2025 1:00:00 PM,RFC,MIDATL,AE,AECO,957.117,True
6/9/2025 6:00:00 PM,6/9/2025 2:00:00 PM,RFC,MIDATL,AE,AECO,1026.742,True
6/9/2025 7:00:00 PM,6/9/2025 3:00:00 PM,RFC,MIDATL,AE,AECO,1074.914,True
6/9/2025 8:00:00 PM,6/9/2025 4:00:00 PM,RFC,MIDATL,AE,AECO,1129.646,True
6/9/2025 9:00:00 PM,6/9/2025 5:00:00 PM,RFC,MIDATL,AE,AECO,1170.134,True
6/9/2025 10:00:00 PM,6/9/2025 6:00:00 PM,RFC,MIDATL,AE,AECO,1189.036,True
6/9/2025 11:00:00 PM,6/9/2025 7:00:00 PM,RFC,MIDATL,AE,AECO,1148.801,True
6/10/2025 12:00:00 AM,6/9/2025 8:00:00 PM,RFC,MIDATL,AE,AECO,1198.584,True
6/10/2025 1:00:00 AM,6/9/2025 9:00:00 PM,RFC,MIDATL,AE,AECO,1167.818,True
6/10/2025 2:00:00 AM,6/9/2025 10:00:00 PM,RFC,MIDATL,AE,AECO,1085.815,True
6/10/2025 3:00:00 AM,6/9/2025 11:00:00 PM,RFC,MIDATL,AE,AECO,986.476,True
6/10/2025 4:00:00 AM,6/10/2025 12:00:00 AM,RFC,MIDATL,AE,AECO,907.998,True
6/10/2025 5:00:00 AM,6/10/2025 1:00:00 AM,RFC,MIDATL,AE,AECO,858.606,True
6/10/2025 6:00:00 AM,6/10/2025 2:00:00 AM,RFC,MIDATL,AE,AECO,833.478,True
6/10/2025 7:00:00 AM,6/10/2025 3:00:00 AM,RFC,MIDATL,AE,AECO,823.237,True
6/10/2025 8:00:00 AM,6/10/2025 4:00:00 AM,RFC,MIDATL,AE,AECO,823.398,True
6/10/2025 9:00:00 AM,6/10/2025 5:00:00 AM,RFC,MIDATL,AE,AECO,863.164,True
6/10/2025 10:00:00 AM,6/10/2025 6:00:00 AM,RFC,MIDATL,AE,AECO,916.965,True
6/10/2025 11:00:00 AM,6/10/2025 7:00:00 AM,RFC,MIDATL,AE,AECO,973.789,True
6/10/2025 12:00:00 PM,6/10/2025 8:00:00 AM,RFC,MIDATL,AE,AECO,1011.865,True
6/10/2025 1:00:00 PM,6/10/2025 9:00:00 AM,RFC,MIDATL,AE,AECO,1004.843,True
6/10/2025 2:00:00 PM,6/10/2025 10:00:00 AM,RFC,MIDATL,AE,AECO,1107.475,True
6/10/2025 3:00:00 PM,6/10/2025 11:00:00 AM,RFC,MIDATL,AE,AECO,1037.602,True
6/10/2025 4:00:00 PM,6/10/2025 12:00:00 PM,RFC,MIDATL,AE,AECO,912.797,True
6/10/2025 5:00:00 PM,6/10/2025 1:00:00 PM,RFC,MIDATL,AE,AECO,917.110,True
6/10/2025 6:00:00 PM,6/10/2025 2:00:00 PM,RFC,MIDATL,AE,AECO,1006.276,True
6/10/2025 7:00:00 PM,6/10/2025 3:00:00 PM,RFC,MIDATL,AE,AECO,1083.335,True
6/10/2025 8:00:00 PM,6/10/2025 4:00:00 PM,RFC,MIDATL,AE,AECO,1196.482,True
6/10/2025 9:00:00 PM,6/10/2025 5:00:00 PM,RFC,MIDATL,AE,AECO,1345.642,True
6/10/2025 10:00:00 PM,6/10/2025 6:00:00 PM,RFC,MIDATL,AE,AECO,1421.115,True
6/10/2025 11:00:00 PM,6/10/2025 7:00:00 PM,RFC,MIDATL,AE,AECO,1430.886,True
6/11/2025 12:00:00 AM,6/10/2025 8:00:00 PM,RFC,MIDATL,AE,AECO,1392.647,True
6/11/2025 1:00:00 AM,6/10/2025 9:00:00 PM,RFC,MIDATL,AE,AECO,1330.113,True
6/11/2025 2:00:00 AM,6/10/2025 10:00:00 PM,RFC,MIDATL,AE,AECO,1211.937,True
6/11/2025 3:00:00 AM,6/10/2025 11:00:00 PM,RFC,MIDATL,AE,AECO,1086.762,True
6/11/2025 4:00:00 AM,6/11/2025 12:00:00 AM,RFC,MIDATL,AE,AECO,985.952,True
6/11/2025 5:00:00 AM,6/11/2025 1:00:00 AM,RFC,MIDATL,AE,AECO,917.040,True
6/11/2025 6:00:00 AM,6/11/2025 2:00:00 AM,RFC,MIDATL,AE,AECO,878.201,True
6/11/2025 7:00:00 AM,6/11/2025 3:00:00 AM,RFC,MIDATL,AE,AECO,856.553,True
6/11/2025 8:00:00 AM,6/11/2025 4:00:00 AM,RFC,MIDATL,AE,AECO,858.034,True
6/11/2025 9:00:00 AM,6/11/2025 5:00:00 AM,RFC,MIDATL,AE,AECO,883.793,True
6/11/2025 10:00:00 AM,6/11/2025 6:00:00 AM,RFC,MIDATL,AE,AECO,922.092,True
6/11/2025 11:00:00 AM,6/11/2025 7:00:00 AM,RFC,MIDATL,AE,AECO,957.331,True
6/11/2025 12:00:00 PM,6/11/2025 8:00:00 AM,RFC,MIDATL,AE,AECO,952.292,True
6/11/2025 1:00:00 PM,6/11/2025 9:00:00 AM,RFC,MIDATL,AE,AECO,953.309,True
6/11/2025 2:00:00 PM,6/11/2025 10:00:00 AM,RFC,MIDATL,AE,AECO,941.450,True
6/11/2025 3:00:00 PM,6/11/2025 11:00:00 AM,RFC,MIDATL,AE,AECO,972.396,True
6/11/2025 4:00:00 PM,6/11/2025 12:00:00 PM,RFC,MIDATL,AE,AECO,1041.001,True
6/11/2025 5:00:00 PM,6/11/2025 1:00:00 PM,RFC,MIDATL,AE,AECO,1089.467,True
6/11/2025 6:00:00 PM,6/11/2025 2:00:00 PM,RFC,MIDATL,AE,AECO,1184.484,True
6/11/2025 7:00:00 PM,6/11/2025 3:00:00 PM,RFC,MIDATL,AE,AECO,1253.713,True
6/11/2025 8:00:00 PM,6/11/2025 4:00:00 PM,RFC,MIDATL,AE,AECO,1429.736,True
6/11/2025 9:00:00 PM,6/11/2025 5:00:00 PM,RFC,MIDATL,AE,AECO,1531.051,True
6/11/2025 10:00:00 PM,6/11/2025 6:00:00 PM,RFC,MIDATL,AE,AECO,1574.361,True
6/11/2025 11:00:00 PM,6/11/2025 7:00:00 PM,RFC,MIDATL,AE,AECO,1550.454,True
6/12/2025 12:00:00 AM,6/11/2025 8:00:00 PM,RFC,MIDATL,AE,AECO,1465.401,True
6/12/2025 1:00:00 AM,6/11/2025 9:00:00 PM,RFC,MIDATL,AE,AECO,1385.104,True
6/12/2025 2:00:00 AM,6/11/2025 10:00:00 PM,RFC,MIDATL,AE,AECO,1247.968,True
6/12/2025 3:00:00 AM,6/11/2025 11:00:00 PM,RFC,MIDATL,AE,AECO,1112.883,True
6/12/2025 4:00:00 AM,6/12/2025 12:00:00 AM,RFC,MIDATL,AE,AECO,1006.931,True
6/12/2025 5:00:00 AM,6/12/2025 1:00:00 AM,RFC,MIDATL,AE,AECO,942.500,True
6/12/2025 6:00:00 AM,6/12/2025 2:00:00 AM,RFC,MIDATL,AE,AECO,895.656,True
6/12/2025 7:00:00 AM,6/12/2025 3:00:00 AM,RFC,MIDATL,AE,AECO,873.495,True
6/12/2025 8:00:00 AM,6/12/2025 4:00:00 AM,RFC,MIDATL,AE,AECO,876.525,True
6/12/2025 9:00:00 AM,6/12/2025 5:00:00 AM,RFC,MIDATL,AE,AECO,899.228,True
6/12/2025 10:00:00 AM,6/12/2025 6:00:00 AM,RFC,MIDATL,AE,AECO,955.387,True
6/12/2025 11:00:00 AM,6/12/2025 7:00:00 AM,RFC,MIDATL,AE,AECO,1004.401,True
6/12/2025 12:00:00 PM,6/12/2025 8:00:00 AM,RFC,MIDATL,AE,AECO,1047.677,True
6/12/2025 1:00:00 PM,6/12/2025 9:00:00 AM,RFC,MIDATL,AE,AECO,1065.360,True
6/12/2025 2:00:00 PM,6/12/2025 10:00:00 AM,RFC,MIDATL,AE,AECO,1121.262,True
6/12/2025 3:00:00 PM,6/12/2025 11:00:00 AM,RFC,MIDATL,AE,AECO,1186.763,True
6/12/2025 4:00:00 PM,6/12/2025 12:00:00 PM,RFC,MIDATL,AE,AECO,1271.786,True
6/12/2025 5:00:00 PM,6/12/2025 1:00:00 PM,RFC,MIDATL,AE,AECO,1372.937,True
6/12/2025 6:00:00 PM,6/12/2025 2:00:00 PM,RFC,MIDATL,AE,AECO,1478.053,True
6/12/2025 7:00:00 PM,6/12/2025 3:00:00 PM,RFC,MIDATL,AE,AECO,1601.532,True
6/12/2025 8:00:00 PM,6/12/2025 4:00:00 PM,RFC,MIDATL,AE,AECO,1737.399,True
6/12/2025 9:00:00 PM,6/12/2025 5:00:00 PM,RFC,MIDATL,AE,AECO,1847.350,True
6/12/2025 10:00:00 PM,6/12/2025 6:00:00 PM,RFC,MIDATL,AE,AECO,1885.024,True
6/12/2025 11:00:00 PM,6/12/2025 7:00:00 PM,RFC,MIDATL,AE,AECO,1847.622,True
6/13/2025 12:00:00 AM,6/12/2025 8:00:00 PM,RFC,MIDATL,AE,AECO,1767.294,True
6/13/2025 1:00:00 AM,6/12/2025 9:00:00 PM,RFC,MIDATL,AE,AECO,1664.945,True
6/13/2025 2:00:00 AM,6/12/2025 10:00:00 PM,RFC,MIDATL,AE,AECO,1505.635,True
6/13/2025 3:00:00 AM,6/12/2025 11:00:00 PM,RFC,MIDATL,AE,AECO,1348.938,True
6/13/2025 4:00:00 AM,6/13/2025 12:00:00 AM,RFC,MIDATL,AE,AECO,1223.199,True
6/13/2025 5:00:00 AM,6/13/2025 1:00:00 AM,RFC,MIDATL,AE,AECO,1127.265,True
6/13/2025 6:00:00 AM,6/13/2025 2:00:00 AM,RFC,MIDATL,AE,AECO,1068.150,True
6/13/2025 7:00:00 AM,6/13/2025 3:00:00 AM,RFC,MIDATL,AE,AECO,1023.132,True
6/13/2025 8:00:00 AM,6/13/2025 4:00:00 AM,RFC,MIDATL,AE,AECO,1007.044,True
6/13/2025 9:00:00 AM,6/13/2025 5:00:00 AM,RFC,MIDATL,AE,AECO,1020.177,True
6/13/2025 10:00:00 AM,6/13/2025 6:00:00 AM,RFC,MIDATL,AE,AECO,1053.426,True
6/13/2025 11:00:00 AM,6/13/2025 7:00:00 AM,RFC,MIDATL,AE,AECO,1097.038,True
6/13/2025 12:00:00 PM,6/13/2025 8:00:00 AM,RFC,MIDATL,AE,AECO,1111.586,True
6/13/2025 1:00:00 PM,6/13/2025 9:00:00 AM,RFC,MIDATL,AE,AECO,1117.709,True
6/13/2025 2:00:00 PM,6/13/2025 10:00:00 AM,RFC,MIDATL,AE,AECO,1132.550,True
6/13/2025 3:00:00 PM,6/13/2025 11:00:00 AM,RFC,MIDATL,AE,AECO,1121.724,True
6/13/2025 4:00:00 PM,6/13/2025 12:00:00 PM,RFC,MIDATL,AE,AECO,1146.744,True
6/13/2025 5:00:00 PM,6/13/2025 1:00:00 PM,RFC,MIDATL,AE,AECO,1173.964,True
6/13/2025 6:00:00 PM,6/13/2025 2:00:00 PM,RFC,MIDATL,AE,AECO,1236.287,True
6/13/2025 7:00:00 PM,6/13/2025 3:00:00 PM,RFC,MIDATL,AE,AECO,1276.741,True
6/13/2025 8:00:00 PM,6/13/2025 4:00:00 PM,RFC,MIDATL,AE,AECO,1394.877,True
6/13/2025 9:00:00 PM,6/13/2025 5:00:00 PM,RFC,MIDATL,AE,AECO,1435.702,True
6/13/2025 10:00:00 PM,6/13/2025 6:00:00 PM,RFC,MIDATL,AE,AECO,1441.184,True
6/13/2025 11:00:00 PM,6/13/2025 7:00:00 PM,RFC,MIDATL,AE,AECO,1403.348,True
6/14/2025 12:00:00 AM,6/13/2025 8:00:00 PM,RFC,MIDATL,AE,AECO,1363.791,True
6/14/2025 1:00:00 AM,6/13/2025 9:00:00 PM,RFC,MIDATL,AE,AECO,1326.740,True
6/14/2025 2:00:00 AM,6/13/2025 10:00:00 PM,RFC,MIDATL,AE,AECO,1237.013,True
6/14/2025 3:00:00 AM,6/13/2025 11:00:00 PM,RFC,MIDATL,AE,AECO,1139.667,True
6/14/2025 4:00:00 AM,6/14/2025 12:00:00 AM,RFC,MIDATL,AE,AECO,1050.586,True
6/14/2025 5:00:00 AM,6/14/2025 1:00:00 AM,RFC,MIDATL,AE,AECO,981.749,True
6/14/2025 6:00:00 AM,6/14/2025 2:00:00 AM,RFC,MIDATL,AE,AECO,935.543,True
6/14/2025 7:00:00 AM,6/14/2025 3:00:00 AM,RFC,MIDATL,AE,AECO,912.774,True
6/14/2025 8:00:00 AM,6/14/2025 4:00:00 AM,RFC,MIDATL,AE,AECO,905.924,True
6/14/2025 9:00:00 AM,6/14/2025 5:00:00 AM,RFC,MIDATL,AE,AECO,910.981,True
6/14/2025 10:00:00 AM,6/14/2025 6:00:00 AM,RFC,MIDATL,AE,AECO,916.925,True
6/14/2025 11:00:00 AM,6/14/2025 7:00:00 AM,RFC,MIDATL,AE,AECO,953.120,True
6/14/2025 12:00:00 PM,6/14/2025 8:00:00 AM,RFC,MIDATL,AE,AECO,1007.598,True
6/14/2025 1:00:00 PM,6/14/2025 9:00:00 AM,RFC,MIDATL,AE,AECO,1075.611,True
6/14/2025 2:00:00 PM,6/14/2025 10:00:00 AM,RFC,MIDATL,AE,AECO,1119.725,True
6/14/2025 3:00:00 PM,6/14/2025 11:00:00 AM,RFC,MIDATL,AE,AECO,1124.896,True
6/14/2025 4:00:00 PM,6/14/2025 12:00:00 PM,RFC,MIDATL,AE,AECO,1131.139,True
6/14/2025 5:00:00 PM,6/14/2025 1:00:00 PM,RFC,MIDATL,AE,AECO,1116.794,True
6/14/2025 6:00:00 PM,6/14/2025 2:00:00 PM,RFC,MIDATL,AE,AECO,1113.829,True
6/14/2025 7:00:00 PM,6/14/2025 3:00:00 PM,RFC,MIDATL,AE,AECO,1078.608,True
6/14/2025 8:00:00 PM,6/14/2025 4:00:00 PM,RFC,MIDATL,AE,AECO,1076.716,True
6/14/2025 9:00:00 PM,6/14/2025 5:00:00 PM,RFC,MIDATL,AE,AECO,1088.235,True
6/14/2025 10:00:00 PM,6/14/2025 6:00:00 PM,RFC,MIDATL,AE,AECO,1120.601,True
6/14/2025 11:00:00 PM,6/14/2025 7:00:00 PM,RFC,MIDATL,AE,AECO,1125.140,True
6/15/2025 12:00:00 AM,6/14/2025 8:00:00 PM,RFC,MIDATL,AE,AECO,1126.391,True
6/15/2025 1:00:00 AM,6/14/2025 9:00:00 PM,RFC,MIDATL,AE,AECO,1105.233,True
6/15/2025 2:00:00 AM,6/14/2025 10:00:00 PM,RFC,MIDATL,AE,AECO,1045.042,True
6/15/2025 3:00:00 AM,6/14/2025 11:00:00 PM,RFC,MIDATL,AE,AECO,971.045,True
6/15/2025 4:00:00 AM,6/15/2025 12:00:00 AM,RFC,MIDATL,AE,AECO,892.583,True
6/15/2025 5:00:00 AM,6/15/2025 1:00:00 AM,RFC,MIDATL,AE,AECO,837.484,True
6/15/2025 6:00:00 AM,6/15/2025 2:00:00 AM,RFC,MIDATL,AE,AECO,811.550,True
6/15/2025 7:00:00 AM,6/15/2025 3:00:00 AM,RFC,MIDATL,AE,AECO,787.724,True
6/15/2025 8:00:00 AM,6/15/2025 4:00:00 AM,RFC,MIDATL,AE,AECO,785.404,True
6/15/2025 9:00:00 AM,6/15/2025 5:00:00 AM,RFC,MIDATL,AE,AECO,795.052,True
6/15/2025 10:00:00 AM,6/15/2025 6:00:00 AM,RFC,MIDATL,AE,AECO,798.888,True
6/15/2025 11:00:00 AM,6/15/2025 7:00:00 AM,RFC,MIDATL,AE,AECO,823.615,True
6/15/2025 12:00:00 PM,6/15/2025 8:00:00 AM,RFC,MIDATL,AE,AECO,883.219,True
6/15/2025 1:00:00 PM,6/15/2025 9:00:00 AM,RFC,MIDATL,AE,AECO,915.136,True
6/15/2025 2:00:00 PM,6/15/2025 10:00:00 AM,RFC,MIDATL,AE,AECO,918.758,True
6/15/2025 3:00:00 PM,6/15/2025 11:00:00 AM,RFC,MIDATL,AE,AECO,931.374,True
6/15/2025 4:00:00 PM,6/15/2025 12:00:00 PM,RFC,MIDATL,AE,AECO,939.633,True
6/15/2025 5:00:00 PM,6/15/2025 1:00:00 PM,RFC,MIDATL,AE,AECO,961.125,True
6/15/2025 6:00:00 PM,6/15/2025 2:00:00 PM,RFC,MIDATL,AE,AECO,960.906,True
6/15/2025 7:00:00 PM,6/15/2025 3:00:00 PM,RFC,MIDATL,AE,AECO,979.429,True
6/15/2025 8:00:00 PM,6/15/2025 4:00:00 PM,RFC,MIDATL,AE,AECO,995.357,True
6/15/2025 9:00:00 PM,6/15/2025 5:00:00 PM,RFC,MIDATL,AE,AECO,1009.049,True
6/15/2025 10:00:00 PM,6/15/2025 6:00:00 PM,RFC,MIDATL,AE,AECO,1012.749,True
6/15/2025 11:00:00 PM,6/15/2025 7:00:00 PM,RFC,MIDATL,AE,AECO,1022.925,True
6/16/2025 12:00:00 AM,6/15/2025 8:00:00 PM,RFC,MIDATL,AE,AECO,1039.279,True
6/16/2025 1:00:00 AM,6/15/2025 9:00:00 PM,RFC,MIDATL,AE,AECO,1026.824,True
6/16/2025 2:00:00 AM,6/15/2025 10:00:00 PM,RFC,MIDATL,AE,AECO,957.430,True
6/16/2025 3:00:00 AM,6/15/2025 11:00:00 PM,RFC,MIDATL,AE,AECO,890.240,True
6/16/2025 4:00:00 AM,6/16/2025 12:00:00 AM,RFC,MIDATL,AE,AECO,835.296,True
6/16/2025 5:00:00 AM,6/16/2025 1:00:00 AM,RFC,MIDATL,AE,AECO,805.029,True
6/16/2025 6:00:00 AM,6/16/2025 2:00:00 AM,RFC,MIDATL,AE,AECO,779.546,True
6/16/2025 7:00:00 AM,6/16/2025 3:00:00 AM,RFC,MIDATL,AE,AECO,769.557,True
6/16/2025 8:00:00 AM,6/16/2025 4:00:00 AM,RFC,MIDATL,AE,AECO,782.339,True
6/16/2025 9:00:00 AM,6/16/2025 5:00:00 AM,RFC,MIDATL,AE,AECO,815.728,True
6/16/2025 10:00:00 AM,6/16/2025 6:00:00 AM,RFC,MIDATL,AE,AECO,872.046,True
6/16/2025 11:00:00 AM,6/16/2025 7:00:00 AM,RFC,MIDATL,AE,AECO,932.768,True
6/16/2025 12:00:00 PM,6/16/2025 8:00:00 AM,RFC,MIDATL,AE,AECO,970.513,True
6/16/2025 1:00:00 PM,6/16/2025 9:00:00 AM,RFC,MIDATL,AE,AECO,998.564,True
6/16/2025 2:00:00 PM,6/16/2025 10:00:00 AM,RFC,MIDATL,AE,AECO,1008.446,True
6/16/2025 3:00:00 PM,6/16/2025 11:00:00 AM,RFC,MIDATL,AE,AECO,1011.046,True
6/16/2025 4:00:00 PM,6/16/2025 12:00:00 PM,RFC,MIDATL,AE,AECO,1015.334,True
6/16/2025 5:00:00 PM,6/16/2025 1:00:00 PM,RFC,MIDATL,AE,AECO,1021.470,True
6/16/2025 6:00:00 PM,6/16/2025 2:00:00 PM,RFC,MIDATL,AE,AECO,1014.863,True
6/16/2025 7:00:00 PM,6/16/2025 3:00:00 PM,RFC,MIDATL,AE,AECO,1029.518,True
6/16/2025 8:00:00 PM,6/16/2025 4:00:00 PM,RFC,MIDATL,AE,AECO,1040.058,True
6/16/2025 9:00:00 PM,6/16/2025 5:00:00 PM,RFC,MIDATL,AE,AECO,1067.893,True
6/16/2025 10:00:00 PM,6/16/2025 6:00:00 PM,RFC,MIDATL,AE,AECO,1095.374,True
6/16/2025 11:00:00 PM,6/16/2025 7:00:00 PM,RFC,MIDATL,AE,AECO,1092.232,True
6/17/2025 12:00:00 AM,6/16/2025 8:00:00 PM,RFC,MIDATL,AE,AECO,1113.022,True
6/17/2025 1:00:00 AM,6/16/2025 9:00:00 PM,RFC,MIDATL,AE,AECO,1082.196,True
6/17/2025 2:00:00 AM,6/16/2025 10:00:00 PM,RFC,MIDATL,AE,AECO,1011.083,True
6/17/2025 3:00:00 AM,6/16/2025 11:00:00 PM,RFC,MIDATL,AE,AECO,928.392,True
6/17/2025 4:00:00 AM,6/17/2025 12:00:00 AM,RFC,MIDATL,AE,AECO,862.725,True
6/17/2025 5:00:00 AM,6/17/2025 1:00:00 AM,RFC,MIDATL,AE,AECO,827.922,True
6/17/2025 6:00:00 AM,6/17/2025 2:00:00 AM,RFC,MIDATL,AE,AECO,801.273,True
6/17/2025 7:00:00 AM,6/17/2025 3:00:00 AM,RFC,MIDATL,AE,AECO,795.108,True
6/17/2025 8:00:00 AM,6/17/2025 4:00:00 AM,RFC,MIDATL,AE,AECO,804.361,True
6/17/2025 9:00:00 AM,6/17/2025 5:00:00 AM,RFC,MIDATL,AE,AECO,842.202,True
6/17/2025 10:00:00 AM,6/17/2025 6:00:00 AM,RFC,MIDATL,AE,AECO,887.020,True
6/17/2025 11:00:00 AM,6/17/2025 7:00:00 AM,RFC,MIDATL,AE,AECO,939.522,True
6/17/2025 12:00:00 PM,6/17/2025 8:00:00 AM,RFC,MIDATL,AE,AECO,955.650,True
6/17/2025 1:00:00 PM,6/17/2025 9:00:00 AM,RFC,MIDATL,AE,AECO,967.214,True
6/17/2025 2:00:00 PM,6/17/2025 10:00:00 AM,RFC,MIDATL,AE,AECO,963.598,True
6/17/2025 3:00:00 PM,6/17/2025 11:00:00 AM,RFC,MIDATL,AE,AECO,938.384,True
6/17/2025 4:00:00 PM,6/17/2025 12:00:00 PM,RFC,MIDATL,AE,AECO,918.206,True
6/17/2025 5:00:00 PM,6/17/2025 1:00:00 PM,RFC,MIDATL,AE,AECO,1023.360,True
6/17/2025 6:00:00 PM,6/17/2025 2:00:00 PM,RFC,MIDATL,AE,AECO,1079.198,True
6/17/2025 7:00:00 PM,6/17/2025 3:00:00 PM,RFC,MIDATL,AE,AECO,1118.564,True
6/17/2025 8:00:00 PM,6/17/2025 4:00:00 PM,RFC,MIDATL,AE,AECO,1187.562,True
6/17/2025 9:00:00 PM,6/17/2025 5:00:00 PM,RFC,MIDATL,AE,AECO,1253.497,True
6/17/2025 10:00:00 PM,6/17/2025 6:00:00 PM,RFC,MIDATL,AE,AECO,1306.544,True
6/17/2025 11:00:00 PM,6/17/2025 7:00:00 PM,RFC,MIDATL,AE,AECO,1314.090,True
6/18/2025 12:00:00 AM,6/17/2025 8:00:00 PM,RFC,MIDATL,AE,AECO,1325.149,True
6/18/2025 1:00:00 AM,6/17/2025 9:00:00 PM,RFC,MIDATL,AE,AECO,1298.097,True
6/18/2025 2:00:00 AM,6/17/2025 10:00:00 PM,RFC,MIDATL,AE,AECO,1187.459,True
6/18/2025 3:00:00 AM,6/17/2025 11:00:00 PM,RFC,MIDATL,AE,AECO,1088.888,True
6/18/2025 4:00:00 AM,6/18/2025 12:00:00 AM,RFC,MIDATL,AE,AECO,997.856,True
6/18/2025 5:00:00 AM,6/18/2025 1:00:00 AM,RFC,MIDATL,AE,AECO,938.621,True
6/18/2025 6:00:00 AM,6/18/2025 2:00:00 AM,RFC,MIDATL,AE,AECO,907.323,True
6/18/2025 7:00:00 AM,6/18/2025 3:00:00 AM,RFC,MIDATL,AE,AECO,890.854,True
6/18/2025 8:00:00 AM,6/18/2025 4:00:00 AM,RFC,MIDATL,AE,AECO,898.314,True
6/18/2025 9:00:00 AM,6/18/2025 5:00:00 AM,RFC,MIDATL,AE,AECO,932.988,True
6/18/2025 10:00:00 AM,6/18/2025 6:00:00 AM,RFC,MIDATL,AE,AECO,980.746,True
6/18/2025 11:00:00 AM,6/18/2025 7:00:00 AM,RFC,MIDATL,AE,AECO,1013.298,True
6/18/2025 12:00:00 PM,6/18/2025 8:00:00 AM,RFC,MIDATL,AE,AECO,1070.619,True
6/18/2025 1:00:00 PM,6/18/2025 9:00:00 AM,RFC,MIDATL,AE,AECO,1085.966,True
6/18/2025 2:00:00 PM,6/18/2025 10:00:00 AM,RFC,MIDATL,AE,AECO,1125.573,True
6/18/2025 3:00:00 PM,6/18/2025 11:00:00 AM,RFC,MIDATL,AE,AECO,1173.932,True
6/18/2025 4:00:00 PM,6/18/2025 12:00:00 PM,RFC,MIDATL,AE,AECO,1237.749,True
6/18/2025 5:00:00 PM,6/18/2025 1:00:00 PM,RFC,MIDATL,AE,AECO,1314.296,True
6/18/2025 6:00:00 PM,6/18/2025 2:00:00 PM,RFC,MIDATL,AE,AECO,1411.504,True
6/18/2025 7:00:00 PM,6/18/2025 3:00:00 PM,RFC,MIDATL,AE,AECO,1639.076,True
6/18/2025 8:00:00 PM,6/18/2025 4:00:00 PM,RFC,MIDATL,AE,AECO,1784.925,True
6/18/2025 9:00:00 PM,6/18/2025 5:00:00 PM,RFC,MIDATL,AE,AECO,1777.376,True
6/18/2025 10:00:00 PM,6/18/2025 6:00:00 PM,RFC,MIDATL,AE,AECO,1681.332,True
6/18/2025 11:00:00 PM,6/18/2025 7:00:00 PM,RFC,MIDATL,AE,AECO,1595.112,True
6/19/2025 12:00:00 AM,6/18/2025 8:00:00 PM,RFC,MIDATL,AE,AECO,1579.562,True
6/19/2025 1:00:00 AM,6/18/2025 9:00:00 PM,RFC,MIDATL,AE,AECO,1551.498,True
6/19/2025 2:00:00 AM,6/18/2025 10:00:00 PM,RFC,MIDATL,AE,AECO,1435.064,True
6/19/2025 3:00:00 AM,6/18/2025 11:00:00 PM,RFC,MIDATL,AE,AECO,1308.467,True
6/19/2025 4:00:00 AM,6/19/2025 12:00:00 AM,RFC,MIDATL,AE,AECO,1195.054,True
6/19/2025 5:00:00 AM,6/19/2025 1:00:00 AM,RFC,MIDATL,AE,AECO,1115.236,True
6/19/2025 6:00:00 AM,6/19/2025 2:00:00 AM,RFC,MIDATL,AE,AECO,1059.170,True
6/19/2025 7:00:00 AM,6/19/2025 3:00:00 AM,RFC,MIDATL,AE,AECO,1025.451,True
6/19/2025 8:00:00 AM,6/19/2025 4:00:00 AM,RFC,MIDATL,AE,AECO,1020.214,True
6/19/2025 9:00:00 AM,6/19/2025 5:00:00 AM,RFC,MIDATL,AE,AECO,1033.531,True
6/19/2025 10:00:00 AM,6/19/2025 6:00:00 AM,RFC,MIDATL,AE,AECO,1096.694,True
6/19/2025 11:00:00 AM,6/19/2025 7:00:00 AM,RFC,MIDATL,AE,AECO,1184.936,True
6/19/2025 12:00:00 PM,6/19/2025 8:00:00 AM,RFC,MIDATL,AE,AECO,1270.855,True
6/19/2025 1:00:00 PM,6/19/2025 9:00:00 AM,RFC,MIDATL,AE,AECO,1339.013,True
6/19/2025 2:00:00 PM,6/19/2025 10:00:00 AM,RFC,MIDATL,AE,AECO,1409.308,True
6/19/2025 3:00:00 PM,6/19/2025 11:00:00 AM,RFC,MIDATL,AE,AECO,1502.949,True
6/19/2025 4:00:00 PM,6/19/2025 12:00:00 PM,RFC,MIDATL,AE,AECO,1594.887,True
6/19/2025 5:00:00 PM,6/19/2025 1:00:00 PM,RFC,MIDATL,AE,AECO,1704.751,True
6/19/2025 6:00:00 PM,6/19/2025 2:00:00 PM,RFC,MIDATL,AE,AECO,1793.813,True
6/19/2025 7:00:00 PM,6/19/2025 3:00:00 PM,RFC,MIDATL,AE,AECO,1903.754,True
6/19/2025 8:00:00 PM,6/19/2025 4:00:00 PM,RFC,MIDATL,AE,AECO,2018.965,True
6/19/2025 9:00:00 PM,6/19/2025 5:00:00 PM,RFC,MIDATL,AE,AECO,2089.850,True
6/19/2025 10:00:00 PM,6/19/2025 6:00:00 PM,RFC,MIDATL,AE,AECO,2028.698,True
6/19/2025 11:00:00 PM,6/19/2025 7:00:00 PM,RFC,MIDATL,AE,AECO,1741.335,True
6/20/2025 12:00:00 AM,6/19/2025 8:00:00 PM,RFC,MIDATL,AE,AECO,1656.288,True
6/20/2025 1:00:00 AM,6/19/2025 9:00:00 PM,RFC,MIDATL,AE,AECO,1570.968,True
6/20/2025 2:00:00 AM,6/19/2025 10:00:00 PM,RFC,MIDATL,AE,AECO,1433.763,True
6/20/2025 3:00:00 AM,6/19/2025 11:00:00 PM,RFC,MIDATL,AE,AECO,1300.381,True
6/20/2025 4:00:00 AM,6/20/2025 12:00:00 AM,RFC,MIDATL,AE,AECO,1199.746,True
6/20/2025 5:00:00 AM,6/20/2025 1:00:00 AM,RFC,MIDATL,AE,AECO,1128.026,True
6/20/2025 6:00:00 AM,6/20/2025 2:00:00 AM,RFC,MIDATL,AE,AECO,1055.785,True
6/20/2025 7:00:00 AM,6/20/2025 3:00:00 AM,RFC,MIDATL,AE,AECO,1000.446,True
6/20/2025 8:00:00 AM,6/20/2025 4:00:00 AM,RFC,MIDATL,AE,AECO,967.278,True
6/20/2025 9:00:00 AM,6/20/2025 5:00:00 AM,RFC,MIDATL,AE,AECO,958.572,True
6/20/2025 10:00:00 AM,6/20/2025 6:00:00 AM,RFC,MIDATL,AE,AECO,974.744,True
6/20/2025 11:00:00 AM,6/20/2025 7:00:00 AM,RFC,MIDATL,AE,AECO,1019.860,True
6/20/2025 12:00:00 PM,6/20/2025 8:00:00 AM,RFC,MIDATL,AE,AECO,1038.519,True
6/20/2025 1:00:00 PM,6/20/2025 9:00:00 AM,RFC,MIDATL,AE,AECO,1032.391,True
6/20/2025 2:00:00 PM,6/20/2025 10:00:00 AM,RFC,MIDATL,AE,AECO,1033.228,True
6/20/2025 3:00:00 PM,6/20/2025 11:00:00 AM,RFC,MIDATL,AE,AECO,1052.452,True
6/20/2025 4:00:00 PM,6/20/2025 12:00:00 PM,RFC,MIDATL,AE,AECO,1133.613,True
6/20/2025 5:00:00 PM,6/20/2025 1:00:00 PM,RFC,MIDATL,AE,AECO,1236.393,True
6/20/2025 6:00:00 PM,6/20/2025 2:00:00 PM,RFC,MIDATL,AE,AECO,1367.722,True
6/20/2025 7:00:00 PM,6/20/2025 3:00:00 PM,RFC,MIDATL,AE,AECO,1517.459,True
6/20/2025 8:00:00 PM,6/20/2025 4:00:00 PM,RFC,MIDATL,AE,AECO,1678.993,True
6/20/2025 9:00:00 PM,6/20/2025 5:00:00 PM,RFC,MIDATL,AE,AECO,1751.710,True
6/20/2025 10:00:00 PM,6/20/2025 6:00:00 PM,RFC,MIDATL,AE,AECO,1810.695,True
6/20/2025 11:00:00 PM,6/20/2025 7:00:00 PM,RFC,MIDATL,AE,AECO,1752.620,True
6/21/2025 12:00:00 AM,6/20/2025 8:00:00 PM,RFC,MIDATL,AE,AECO,1664.579,True
6/21/2025 1:00:00 AM,6/20/2025 9:00:00 PM,RFC,MIDATL,AE,AECO,1594.853,True
6/21/2025 2:00:00 AM,6/20/2025 10:00:00 PM,RFC,MIDATL,AE,AECO,1484.752,True
6/21/2025 3:00:00 AM,6/20/2025 11:00:00 PM,RFC,MIDATL,AE,AECO,1368.739,True
6/21/2025 4:00:00 AM,6/21/2025 12:00:00 AM,RFC,MIDATL,AE,AECO,1255.083,True
6/21/2025 5:00:00 AM,6/21/2025 1:00:00 AM,RFC,MIDATL,AE,AECO,1144.502,True
6/21/2025 6:00:00 AM,6/21/2025 2:00:00 AM,RFC,MIDATL,AE,AECO,1060.876,True
6/21/2025 7:00:00 AM,6/21/2025 3:00:00 AM,RFC,MIDATL,AE,AECO,1025.544,True
6/21/2025 8:00:00 AM,6/21/2025 4:00:00 AM,RFC,MIDATL,AE,AECO,1014.693,True
6/21/2025 9:00:00 AM,6/21/2025 5:00:00 AM,RFC,MIDATL,AE,AECO,1001.370,True
6/21/2025 10:00:00 AM,6/21/2025 6:00:00 AM,RFC,MIDATL,AE,AECO,1011.313,True
6/21/2025 11:00:00 AM,6/21/2025 7:00:00 AM,RFC,MIDATL,AE,AECO,1073.968,True
6/21/2025 12:00:00 PM,6/21/2025 8:00:00 AM,RFC,MIDATL,AE,AECO,1157.901,True
6/21/2025 1:00:00 PM,6/21/2025 9:00:00 AM,RFC,MIDATL,AE,AECO,1236.477,True
6/21/2025 2:00:00 PM,6/21/2025 10:00:00 AM,RFC,MIDATL,AE,AECO,1332.706,True
6/21/2025 3:00:00 PM,6/21/2025 11:00:00 AM,RFC,MIDATL,AE,AECO,1420.989,True
6/21/2025 4:00:00 PM,6/21/2025 12:00:00 PM,RFC,MIDATL,AE,AECO,1496.379,True
6/21/2025 5:00:00 PM,6/21/2025 1:00:00 PM,RFC,MIDATL,AE,AECO,1594.394,True
6/21/2025 6:00:00 PM,6/21/2025 2:00:00 PM,RFC,MIDATL,AE,AECO,1679.717,True
6/21/2025 7:00:00 PM,6/21/2025 3:00:00 PM,RFC,MIDATL,AE,AECO,1785.751,True
6/21/2025 8:00:00 PM,6/21/2025 4:00:00 PM,RFC,MIDATL,AE,AECO,1883.124,True
6/21/2025 9:00:00 PM,6/21/2025 5:00:00 PM,RFC,MIDATL,AE,AECO,1961.714,True
6/21/2025 10:00:00 PM,6/21/2025 6:00:00 PM,RFC,MIDATL,AE,AECO,1979.495,True
6/21/2025 11:00:00 PM,6/21/2025 7:00:00 PM,RFC,MIDATL,AE,AECO,1909.100,True
6/22/2025 12:00:00 AM,6/21/2025 8:00:00 PM,RFC,MIDATL,AE,AECO,1804.812,True
6/22/2025 1:00:00 AM,6/21/2025 9:00:00 PM,RFC,MIDATL,AE,AECO,1712.078,True
6/22/2025 2:00:00 AM,6/21/2025 10:00:00 PM,RFC,MIDATL,AE,AECO,1586.059,True
6/22/2025 3:00:00 AM,6/21/2025 11:00:00 PM,RFC,MIDATL,AE,AECO,1451.031,True
6/22/2025 4:00:00 AM,6/22/2025 12:00:00 AM,RFC,MIDATL,AE,AECO,1331.048,True
6/22/2025 5:00:00 AM,6/22/2025 1:00:00 AM,RFC,MIDATL,AE,AECO,1219.924,True
6/22/2025 6:00:00 AM,6/22/2025 2:00:00 AM,RFC,MIDATL,AE,AECO,1144.080,True
6/22/2025 7:00:00 AM,6/22/2025 3:00:00 AM,RFC,MIDATL,AE,AECO,1104.926,True
6/22/2025 8:00:00 AM,6/22/2025 4:00:00 AM,RFC,MIDATL,AE,AECO,1078.613,True
6/22/2025 9:00:00 AM,6/22/2025 5:00:00 AM,RFC,MIDATL,AE,AECO,1075.094,True
6/22/2025 10:00:00 AM,6/22/2025 6:00:00 AM,RFC,MIDATL,AE,AECO,1083.290,True
6/22/2025 11:00:00 AM,6/22/2025 7:00:00 AM,RFC,MIDATL,AE,AECO,1141.838,True
6/22/2025 12:00:00 PM,6/22/2025 8:00:00 AM,RFC,MIDATL,AE,AECO,1210.885,True
6/22/2025 1:00:00 PM,6/22/2025 9:00:00 AM,RFC,MIDATL,AE,AECO,1279.987,True
6/22/2025 2:00:00 PM,6/22/2025 10:00:00 AM,RFC,MIDATL,AE,AECO,1454.352,True
6/22/2025 3:00:00 PM,6/22/2025 11:00:00 AM,RFC,MIDATL,AE,AECO,1604.368,True
6/22/2025 4:00:00 PM,6/22/2025 12:00:00 PM,RFC,MIDATL,AE,AECO,1576.720,True
6/22/2025 5:00:00 PM,6/22/2025 1:00:00 PM,RFC,MIDATL,AE,AECO,1592.495,True
6/22/2025 6:00:00 PM,6/22/2025 2:00:00 PM,RFC,MIDATL,AE,AECO,1565.738,True
6/22/2025 7:00:00 PM,6/22/2025 3:00:00 PM,RFC,MIDATL,AE,AECO,1580.539,True
6/22/2025 8:00:00 PM,6/22/2025 4:00:00 PM,RFC,MIDATL,AE,AECO,1757.996,True
6/22/2025 9:00:00 PM,6/22/2025 5:00:00 PM,RFC,MIDATL,AE,AECO,1893.501,True
6/22/2025 10:00:00 PM,6/22/2025 6:00:00 PM,RFC,MIDATL,AE,AECO,1965.514,True
6/22/2025 11:00:00 PM,6/22/2025 7:00:00 PM,RFC,MIDATL,AE,AECO,1966.378,True
6/23/2025 12:00:00 AM,6/22/2025 8:00:00 PM,RFC,MIDATL,AE,AECO,1863.119,True
6/23/2025 1:00:00 AM,6/22/2025 9:00:00 PM,RFC,MIDATL,AE,AECO,1778.285,True
6/23/2025 2:00:00 AM,6/22/2025 10:00:00 PM,RFC,MIDATL,AE,AECO,1660.462,True
6/23/2025 3:00:00 AM,6/22/2025 11:00:00 PM,RFC,MIDATL,AE,AECO,1508.301,True
6/23/2025 4:00:00 AM,6/23/2025 12:00:00 AM,RFC,MIDATL,AE,AECO,1343.034,True
6/23/2025 5:00:00 AM,6/23/2025 1:00:00 AM,RFC,MIDATL,AE,AECO,1303.813,True
6/23/2025 6:00:00 AM,6/23/2025 2:00:00 AM,RFC,MIDATL,AE,AECO,1261.623,True
6/23/2025 7:00:00 AM,6/23/2025 3:00:00 AM,RFC,MIDATL,AE,AECO,1233.691,True
6/23/2025 8:00:00 AM,6/23/2025 4:00:00 AM,RFC,MIDATL,AE,AECO,1221.772,True
6/23/2025 9:00:00 AM,6/23/2025 5:00:00 AM,RFC,MIDATL,AE,AECO,1249.433,True
6/23/2025 10:00:00 AM,6/23/2025 6:00:00 AM,RFC,MIDATL,AE,AECO,1305.027,True
6/23/2025 11:00:00 AM,6/23/2025 7:00:00 AM,RFC,MIDATL,AE,AECO,1420.982,True
6/23/2025 12:00:00 PM,6/23/2025 8:00:00 AM,RFC,MIDATL,AE,AECO,1512.097,True
6/23/2025 1:00:00 PM,6/23/2025 9:00:00 AM,RFC,MIDATL,AE,AECO,1669.908,True
6/23/2025 2:00:00 PM,6/23/2025 10:00:00 AM,RFC,MIDATL,AE,AECO,1831.709,True
6/23/2025 3:00:00 PM,6/23/2025 11:00:00 AM,RFC,MIDATL,AE,AECO,1964.163,True
6/23/2025 4:00:00 PM,6/23/2025 12:00:00 PM,RFC,MIDATL,AE,AECO,2058.921,True
6/23/2025 5:00:00 PM,6/23/2025 1:00:00 PM,RFC,MIDATL,AE,AECO,2131.102,True
6/23/2025 6:00:00 PM,6/23/2025 2:00:00 PM,RFC,MIDATL,AE,AECO,2172.651,True
6/23/2025 7:00:00 PM,6/23/2025 3:00:00 PM,RFC,MIDATL,AE,AECO,2241.115,True
6/23/2025 8:00:00 PM,6/23/2025 4:00:00 PM,RFC,MIDATL,AE,AECO,2334.623,True
6/23/2025 9:00:00 PM,6/23/2025 5:00:00 PM,RFC,MIDATL,AE,AECO,2419.536,True
6/23/2025 10:00:00 PM,6/23/2025 6:00:00 PM,RFC,MIDATL,AE,AECO,2450.727,True
6/23/2025 11:00:00 PM,6/23/2025 7:00:00 PM,RFC,MIDATL,AE,AECO,2383.378,True
6/24/2025 12:00:00 AM,6/23/2025 8:00:00 PM,RFC,MIDATL,AE,AECO,2277.496,True
6/24/2025 1:00:00 AM,6/23/2025 9:00:00 PM,RFC,MIDATL,AE,AECO,2178.640,True
6/24/2025 2:00:00 AM,6/23/2025 10:00:00 PM,RFC,MIDATL,AE,AECO,2002.867,True
6/24/2025 3:00:00 AM,6/23/2025 11:00:00 PM,RFC,MIDATL,AE,AECO,1797.362,True
6/24/2025 4:00:00 AM,6/24/2025 12:00:00 AM,RFC,MIDATL,AE,AECO,1661.928,True
6/24/2025 5:00:00 AM,6/24/2025 1:00:00 AM,RFC,MIDATL,AE,AECO,1539.469,True
6/24/2025 6:00:00 AM,6/24/2025 2:00:00 AM,RFC,MIDATL,AE,AECO,1457.225,True
6/24/2025 7:00:00 AM,6/24/2025 3:00:00 AM,RFC,MIDATL,AE,AECO,1394.017,True
6/24/2025 8:00:00 AM,6/24/2025 4:00:00 AM,RFC,MIDATL,AE,AECO,1363.197,True
6/24/2025 9:00:00 AM,6/24/2025 5:00:00 AM,RFC,MIDATL,AE,AECO,1366.318,True
6/24/2025 10:00:00 AM,6/24/2025 6:00:00 AM,RFC,MIDATL,AE,AECO,1407.211,True
6/24/2025 11:00:00 AM,6/24/2025 7:00:00 AM,RFC,MIDATL,AE,AECO,1530.087,True
6/24/2025 12:00:00 PM,6/24/2025 8:00:00 AM,RFC,MIDATL,AE,AECO,1681.698,True
6/24/2025 1:00:00 PM,6/24/2025 9:00:00 AM,RFC,MIDATL,AE,AECO,1824.819,True
6/24/2025 2:00:00 PM,6/24/2025 10:00:00 AM,RFC,MIDATL,AE,AECO,1919.703,True
6/24/2025 3:00:00 PM,6/24/2025 11:00:00 AM,RFC,MIDATL,AE,AECO,2016.066,True
6/24/2025 4:00:00 PM,6/24/2025 12:00:00 PM,RFC,MIDATL,AE,AECO,2082.798,True
6/24/2025 5:00:00 PM,6/24/2025 1:00:00 PM,RFC,MIDATL,AE,AECO,2186.635,True
6/24/2025 6:00:00 PM,6/24/2025 2:00:00 PM,RFC,MIDATL,AE,AECO,2270.404,True
6/24/2025 7:00:00 PM,6/24/2025 3:00:00 PM,RFC,MIDATL,AE,AECO,2342.839,True
6/24/2025 8:00:00 PM,6/24/2025 4:00:00 PM,RFC,MIDATL,AE,AECO,2431.986,True
6/24/2025 9:00:00 PM,6/24/2025 5:00:00 PM,RFC,MIDATL,AE,AECO,2513.871,True
6/24/2025 10:00:00 PM,6/24/2025 6:00:00 PM,RFC,MIDATL,AE,AECO,2549.433,True
6/24/2025 11:00:00 PM,6/24/2025 7:00:00 PM,RFC,MIDATL,AE,AECO,2498.184,True
6/25/2025 12:00:00 AM,6/24/2025 8:00:00 PM,RFC,MIDATL,AE,AECO,2362.857,True
6/25/2025 1:00:00 AM,6/24/2025 9:00:00 PM,RFC,MIDATL,AE,AECO,2242.921,True
6/25/2025 2:00:00 AM,6/24/2025 10:00:00 PM,RFC,MIDATL,AE,AECO,1995.275,True
6/25/2025 3:00:00 AM,6/24/2025 11:00:00 PM,RFC,MIDATL,AE,AECO,1869.685,True
6/25/2025 4:00:00 AM,6/25/2025 12:00:00 AM,RFC,MIDATL,AE,AECO,1702.679,True
6/25/2025 5:00:00 AM,6/25/2025 1:00:00 AM,RFC,MIDATL,AE,AECO,1577.053,True
6/25/2025 6:00:00 AM,6/25/2025 2:00:00 AM,RFC,MIDATL,AE,AECO,1487.928,True
6/25/2025 7:00:00 AM,6/25/2025 3:00:00 AM,RFC,MIDATL,AE,AECO,1423.421,True
6/25/2025 8:00:00 AM,6/25/2025 4:00:00 AM,RFC,MIDATL,AE,AECO,1386.974,True
6/25/2025 9:00:00 AM,6/25/2025 5:00:00 AM,RFC,MIDATL,AE,AECO,1378.048,True
6/25/2025 10:00:00 AM,6/25/2025 6:00:00 AM,RFC,MIDATL,AE,AECO,1417.375,True
6/25/2025 11:00:00 AM,6/25/2025 7:00:00 AM,RFC,MIDATL,AE,AECO,1533.657,True
6/25/2025 12:00:00 PM,6/25/2025 8:00:00 AM,RFC,MIDATL,AE,AECO,1673.541,True
6/25/2025 1:00:00 PM,6/25/2025 9:00:00 AM,RFC,MIDATL,AE,AECO,1819.275,True
6/25/2025 2:00:00 PM,6/25/2025 10:00:00 AM,RFC,MIDATL,AE,AECO,1922.187,True
6/25/2025 3:00:00 PM,6/25/2025 11:00:00 AM,RFC,MIDATL,AE,AECO,2012.481,True
6/25/2025 4:00:00 PM,6/25/2025 12:00:00 PM,RFC,MIDATL,AE,AECO,2108.817,True
6/25/2025 5:00:00 PM,6/25/2025 1:00:00 PM,RFC,MIDATL,AE,AECO,2216.581,True
6/25/2025 6:00:00 PM,6/25/2025 2:00:00 PM,RFC,MIDATL,AE,AECO,2293.229,True
6/25/2025 7:00:00 PM,6/25/2025 3:00:00 PM,RFC,MIDATL,AE,AECO,2359.073,True
6/25/2025 8:00:00 PM,6/25/2025 4:00:00 PM,RFC,MIDATL,AE,AECO,2439.220,True
6/25/2025 9:00:00 PM,6/25/2025 5:00:00 PM,RFC,MIDATL,AE,AECO,2488.844,True
6/25/2025 10:00:00 PM,6/25/2025 6:00:00 PM,RFC,MIDATL,AE,AECO,2460.529,True
6/25/2025 11:00:00 PM,6/25/2025 7:00:00 PM,RFC,MIDATL,AE,AECO,2373.799,True
6/26/2025 12:00:00 AM,6/25/2025 8:00:00 PM,RFC,MIDATL,AE,AECO,2275.265,True
6/26/2025 1:00:00 AM,6/25/2025 9:00:00 PM,RFC,MIDATL,AE,AECO,2146.006,True
6/26/2025 2:00:00 AM,6/25/2025 10:00:00 PM,RFC,MIDATL,AE,AECO,1937.937,True
6/26/2025 3:00:00 AM,6/25/2025 11:00:00 PM,RFC,MIDATL,AE,AECO,1799.273,True
6/26/2025 4:00:00 AM,6/26/2025 12:00:00 AM,RFC,MIDATL,AE,AECO,1662.657,True
6/26/2025 5:00:00 AM,6/26/2025 1:00:00 AM,RFC,MIDATL,AE,AECO,1538.074,True
6/26/2025 6:00:00 AM,6/26/2025 2:00:00 AM,RFC,MIDATL,AE,AECO,1450.584,True
6/26/2025 7:00:00 AM,6/26/2025 3:00:00 AM,RFC,MIDATL,AE,AECO,1388.070,True
6/26/2025 8:00:00 AM,6/26/2025 4:00:00 AM,RFC,MIDATL,AE,AECO,1353.732,True
6/26/2025 9:00:00 AM,6/26/2025 5:00:00 AM,RFC,MIDATL,AE,AECO,1344.813,True
6/26/2025 10:00:00 AM,6/26/2025 6:00:00 AM,RFC,MIDATL,AE,AECO,1397.582,True
6/26/2025 11:00:00 AM,6/26/2025 7:00:00 AM,RFC,MIDATL,AE,AECO,1477.282,True
6/26/2025 12:00:00 PM,6/26/2025 8:00:00 AM,RFC,MIDATL,AE,AECO,1576.060,True
6/26/2025 1:00:00 PM,6/26/2025 9:00:00 AM,RFC,MIDATL,AE,AECO,1668.258,True
6/26/2025 2:00:00 PM,6/26/2025 10:00:00 AM,RFC,MIDATL,AE,AECO,1749.865,True
6/26/2025 3:00:00 PM,6/26/2025 11:00:00 AM,RFC,MIDATL,AE,AECO,1814.689,True
6/26/2025 4:00:00 PM,6/26/2025 12:00:00 PM,RFC,MIDATL,AE,AECO,1872.925,True
6/26/2025 5:00:00 PM,6/26/2025 1:00:00 PM,RFC,MIDATL,AE,AECO,1898.667,True
6/26/2025 6:00:00 PM,6/26/2025 2:00:00 PM,RFC,MIDATL,AE,AECO,1901.475,True
6/26/2025 7:00:00 PM,6/26/2025 3:00:00 PM,RFC,MIDATL,AE,AECO,1923.247,True
6/26/2025 8:00:00 PM,6/26/2025 4:00:00 PM,RFC,MIDATL,AE,AECO,1908.207,True
6/26/2025 9:00:00 PM,6/26/2025 5:00:00 PM,RFC,MIDATL,AE,AECO,1871.425,True
6/26/2025 10:00:00 PM,6/26/2025 6:00:00 PM,RFC,MIDATL,AE,AECO,1791.383,True
6/26/2025 11:00:00 PM,6/26/2025 7:00:00 PM,RFC,MIDATL,AE,AECO,1705.413,True
6/27/2025 12:00:00 AM,6/26/2025 8:00:00 PM,RFC,MIDATL,AE,AECO,1575.766,True
6/27/2025 1:00:00 AM,6/26/2025 9:00:00 PM,RFC,MIDATL,AE,AECO,1511.911,True
6/27/2025 2:00:00 AM,6/26/2025 10:00:00 PM,RFC,MIDATL,AE,AECO,1371.053,True
6/27/2025 3:00:00 AM,6/26/2025 11:00:00 PM,RFC,MIDATL,AE,AECO,1245.058,True
6/27/2025 4:00:00 AM,6/27/2025 12:00:00 AM,RFC,MIDATL,AE,AECO,1138.490,True
6/27/2025 5:00:00 AM,6/27/2025 1:00:00 AM,RFC,MIDATL,AE,AECO,1057.261,True
6/27/2025 6:00:00 AM,6/27/2025 2:00:00 AM,RFC,MIDATL,AE,AECO,1011.066,True
6/27/2025 7:00:00 AM,6/27/2025 3:00:00 AM,RFC,MIDATL,AE,AECO,980.184,True
6/27/2025 8:00:00 AM,6/27/2025 4:00:00 AM,RFC,MIDATL,AE,AECO,972.937,True
6/27/2025 9:00:00 AM,6/27/2025 5:00:00 AM,RFC,MIDATL,AE,AECO,994.143,True
6/27/2025 10:00:00 AM,6/27/2025 6:00:00 AM,RFC,MIDATL,AE,AECO,1024.891,True
6/27/2025 11:00:00 AM,6/27/2025 7:00:00 AM,RFC,MIDATL,AE,AECO,1080.507,True
6/27/2025 12:00:00 PM,6/27/2025 8:00:00 AM,RFC,MIDATL,AE,AECO,1129.894,True
6/27/2025 1:00:00 PM,6/27/2025 9:00:00 AM,RFC,MIDATL,AE,AECO,1142.910,True
6/27/2025 2:00:00 PM,6/27/2025 10:00:00 AM,RFC,MIDATL,AE,AECO,1152.573,True
6/27/2025 3:00:00 PM,6/27/2025 11:00:00 AM,RFC,MIDATL,AE,AECO,1167.165,True
6/27/2025 4:00:00 PM,6/27/2025 12:00:00 PM,RFC,MIDATL,AE,AECO,1191.501,True
6/27/2025 5:00:00 PM,6/27/2025 1:00:00 PM,RFC,MIDATL,AE,AECO,1185.290,True
6/27/2025 6:00:00 PM,6/27/2025 2:00:00 PM,RFC,MIDATL,AE,AECO,1192.552,True
6/27/2025 7:00:00 PM,6/27/2025 3:00:00 PM,RFC,MIDATL,AE,AECO,1190.518,True
6/27/2025 8:00:00 PM,6/27/2025 4:00:00 PM,RFC,MIDATL,AE,AECO,1211.026,True
6/27/2025 9:00:00 PM,6/27/2025 5:00:00 PM,RFC,MIDATL,AE,AECO,1227.875,True
6/27/2025 10:00:00 PM,6/27/2025 6:00:00 PM,RFC,MIDATL,AE,AECO,1228.214,True
6/27/2025 11:00:00 PM,6/27/2025 7:00:00 PM,RFC,MIDATL,AE,AECO,1217.088,True
6/28/2025 12:00:00 AM,6/27/2025 8:00:00 PM,RFC,MIDATL,AE,AECO,1214.006,True
6/28/2025 1:00:00 AM,6/27/2025 9:00:00 PM,RFC,MIDATL,AE,AECO,1197.780,True
6/28/2025 2:00:00 AM,6/27/2025 10:00:00 PM,RFC,MIDATL,AE,AECO,1139.601,True
6/28/2025 3:00:00 AM,6/27/2025 11:00:00 PM,RFC,MIDATL,AE,AECO,1072.758,True
6/28/2025 4:00:00 AM,6/28/2025 12:00:00 AM,RFC,MIDATL,AE,AECO,999.143,True
6/28/2025 5:00:00 AM,6/28/2025 1:00:00 AM,RFC,MIDATL,AE,AECO,936.283,True
6/28/2025 6:00:00 AM,6/28/2025 2:00:00 AM,RFC,MIDATL,AE,AECO,913.654,True
6/28/2025 7:00:00 AM,6/28/2025 3:00:00 AM,RFC,MIDATL,AE,AECO,897.494,True
6/28/2025 8:00:00 AM,6/28/2025 4:00:00 AM,RFC,MIDATL,AE,AECO,896.353,True
6/28/2025 9:00:00 AM,6/28/2025 5:00:00 AM,RFC,MIDATL,AE,AECO,907.377,True
6/28/2025 10:00:00 AM,6/28/2025 6:00:00 AM,RFC,MIDATL,AE,AECO,928.733,True
6/28/2025 11:00:00 AM,6/28/2025 7:00:00 AM,RFC,MIDATL,AE,AECO,963.262,True
6/28/2025 12:00:00 PM,6/28/2025 8:00:00 AM,RFC,MIDATL,AE,AECO,1006.665,True
6/28/2025 1:00:00 PM,6/28/2025 9:00:00 AM,RFC,MIDATL,AE,AECO,1046.997,True
6/28/2025 2:00:00 PM,6/28/2025 10:00:00 AM,RFC,MIDATL,AE,AECO,1110.927,True
6/28/2025 3:00:00 PM,6/28/2025 11:00:00 AM,RFC,MIDATL,AE,AECO,1191.423,True
6/28/2025 4:00:00 PM,6/28/2025 12:00:00 PM,RFC,MIDATL,AE,AECO,1289.507,True
6/28/2025 5:00:00 PM,6/28/2025 1:00:00 PM,RFC,MIDATL,AE,AECO,1393.865,True
6/28/2025 6:00:00 PM,6/28/2025 2:00:00 PM,RFC,MIDATL,AE,AECO,1521.777,True
6/28/2025 7:00:00 PM,6/28/2025 3:00:00 PM,RFC,MIDATL,AE,AECO,1664.249,True
6/28/2025 8:00:00 PM,6/28/2025 4:00:00 PM,RFC,MIDATL,AE,AECO,1809.154,True
6/28/2025 9:00:00 PM,6/28/2025 5:00:00 PM,RFC,MIDATL,AE,AECO,1953.333,True
6/28/2025 10:00:00 PM,6/28/2025 6:00:00 PM,RFC,MIDATL,AE,AECO,2023.999,True
6/28/2025 11:00:00 PM,6/28/2025 7:00:00 PM,RFC,MIDATL,AE,AECO,1992.717,True
6/29/2025 12:00:00 AM,6/28/2025 8:00:00 PM,RFC,MIDATL,AE,AECO,1893.899,True
6/29/2025 1:00:00 AM,6/28/2025 9:00:00 PM,RFC,MIDATL,AE,AECO,1811.012,True
6/29/2025 2:00:00 AM,6/28/2025 10:00:00 PM,RFC,MIDATL,AE,AECO,1677.706,True
6/29/2025 3:00:00 AM,6/28/2025 11:00:00 PM,RFC,MIDATL,AE,AECO,1540.669,True
6/29/2025 4:00:00 AM,6/29/2025 12:00:00 AM,RFC,MIDATL,AE,AECO,1421.372,True
6/29/2025 5:00:00 AM,6/29/2025 1:00:00 AM,RFC,MIDATL,AE,AECO,1313.470,True
6/29/2025 6:00:00 AM,6/29/2025 2:00:00 AM,RFC,MIDATL,AE,AECO,1253.553,True
6/29/2025 7:00:00 AM,6/29/2025 3:00:00 AM,RFC,MIDATL,AE,AECO,1206.685,True
6/29/2025 8:00:00 AM,6/29/2025 4:00:00 AM,RFC,MIDATL,AE,AECO,1185.353,True
6/29/2025 9:00:00 AM,6/29/2025 5:00:00 AM,RFC,MIDATL,AE,AECO,1176.162,True
6/29/2025 10:00:00 AM,6/29/2025 6:00:00 AM,RFC,MIDATL,AE,AECO,1177.258,True
6/29/2025 11:00:00 AM,6/29/2025 7:00:00 AM,RFC,MIDATL,AE,AECO,1249.015,True
6/29/2025 12:00:00 PM,6/29/2025 8:00:00 AM,RFC,MIDATL,AE,AECO,1377.259,True
6/29/2025 1:00:00 PM,6/29/2025 9:00:00 AM,RFC,MIDATL,AE,AECO,1501.621,True
6/29/2025 2:00:00 PM,6/29/2025 10:00:00 AM,RFC,MIDATL,AE,AECO,1626.227,True
6/29/2025 3:00:00 PM,6/29/2025 11:00:00 AM,RFC,MIDATL,AE,AECO,1745.195,True
6/29/2025 4:00:00 PM,6/29/2025 12:00:00 PM,RFC,MIDATL,AE,AECO,1852.363,True
6/29/2025 5:00:00 PM,6/29/2025 1:00:00 PM,RFC,MIDATL,AE,AECO,1929.648,True
6/29/2025 6:00:00 PM,6/29/2025 2:00:00 PM,RFC,MIDATL,AE,AECO,2043.653,True
6/29/2025 7:00:00 PM,6/29/2025 3:00:00 PM,RFC,MIDATL,AE,AECO,2101.541,True
6/29/2025 8:00:00 PM,6/29/2025 4:00:00 PM,RFC,MIDATL,AE,AECO,2146.826,True
6/29/2025 9:00:00 PM,6/29/2025 5:00:00 PM,RFC,MIDATL,AE,AECO,2239.546,True
6/29/2025 10:00:00 PM,6/29/2025 6:00:00 PM,RFC,MIDATL,AE,AECO,2184.961,True
6/29/2025 11:00:00 PM,6/29/2025 7:00:00 PM,RFC,MIDATL,AE,AECO,2092.111,True
6/30/2025 12:00:00 AM,6/29/2025 8:00:00 PM,RFC,MIDATL,AE,AECO,2005.264,True
6/30/2025 1:00:00 AM,6/29/2025 9:00:00 PM,RFC,MIDATL,AE,AECO,1909.757,True
6/30/2025 2:00:00 AM,6/29/2025 10:00:00 PM,RFC,MIDATL,AE,AECO,1752.031,True
6/30/2025 3:00:00 AM,6/29/2025 11:00:00 PM,RFC,MIDATL,AE,AECO,1599.844,True
6/30/2025 4:00:00 AM,6/30/2025 12:00:00 AM,RFC,MIDATL,AE,AECO,1436.751,True
6/30/2025 5:00:00 AM,6/30/2025 1:00:00 AM,RFC,MIDATL,AE,AECO,1346.476,True
6/30/2025 6:00:00 AM,6/30/2025 2:00:00 AM,RFC,MIDATL,AE,AECO,1273.335,True
6/30/2025 7:00:00 AM,6/30/2025 3:00:00 AM,RFC,MIDATL,AE,AECO,1228.587,True
6/30/2025 8:00:00 AM,6/30/2025 4:00:00 AM,RFC,MIDATL,AE,AECO,1208.965,True
6/30/2025 9:00:00 AM,6/30/2025 5:00:00 AM,RFC,MIDATL,AE,AECO,1223.942,True
6/30/2025 10:00:00 AM,6/30/2025 6:00:00 AM,RFC,MIDATL,AE,AECO,1242.633,True
6/30/2025 11:00:00 AM,6/30/2025 7:00:00 AM,RFC,MIDATL,AE,AECO,1295.548,True
6/30/2025 12:00:00 PM,6/30/2025 8:00:00 AM,RFC,MIDATL,AE,AECO,1356.447,True
6/30/2025 1:00:00 PM,6/30/2025 9:00:00 AM,RFC,MIDATL,AE,AECO,1458.578,True
6/30/2025 2:00:00 PM,6/30/2025 10:00:00 AM,RFC,MIDATL,AE,AECO,1598.045,True
6/30/2025 3:00:00 PM,6/30/2025 11:00:00 AM,RFC,MIDATL,AE,AECO,1710.157,True
6/30/2025 4:00:00 PM,6/30/2025 12:00:00 PM,RFC,MIDATL,AE,AECO,1826.784,True
6/30/2025 5:00:00 PM,6/30/2025 1:00:00 PM,RFC,MIDATL,AE,AECO,1952.693,True
6/30/2025 6:00:00 PM,6/30/2025 2:00:00 PM,RFC,MIDATL,AE,AECO,2065.196,True
6/30/2025 7:00:00 PM,6/30/2025 3:00:00 PM,RFC,MIDATL,AE,AECO,2048.588,True
6/30/2025 8:00:00 PM,6/30/2025 4:00:00 PM,RFC,MIDATL,AE,AECO,1976.892,True
6/30/2025 9:00:00 PM,6/30/2025 5:00:00 PM,RFC,MIDATL,AE,AECO,1908.055,True
6/30/2025 10:00:00 PM,6/30/2025 6:00:00 PM,RFC,MIDATL,AE,AECO,1804.779,True
6/30/2025 11:00:00 PM,6/30/2025 7:00:00 PM,RFC,MIDATL,AE,AECO,1797.207,True
7/1/2025 12:00:00 AM,6/30/2025 8:00:00 PM,RFC,MIDATL,AE,AECO,1772.757,True
7/1/2025 1:00:00 AM,6/30/2025 9:00:00 PM,RFC,MIDATL,AE,AECO,1706.236,True
7/1/2025 2:00:00 AM,6/30/2025 10:00:00 PM,RFC,MIDATL,AE,AECO,1624.993,True
7/1/2025 3:00:00 AM,6/30/2025 11:00:00 PM,RFC,MIDATL,AE,AECO,1504.978,True
7/1/2025 4:00:00 AM,7/1/2025 12:00:00 AM,RFC,MIDATL,AE,AECO,1398.261,True
7/1/2025 5:00:00 AM,7/1/2025 1:00:00 AM,RFC,MIDATL,AE,AECO,1315.647,True
7/1/2025 6:00:00 AM,7/1/2025 2:00:00 AM,RFC,MIDATL,AE,AECO,1253.286,True
7/1/2025 7:00:00 AM,7/1/2025 3:00:00 AM,RFC,MIDATL,AE,AECO,1212.227,True
7/1/2025 8:00:00 AM,7/1/2025 4:00:00 AM,RFC,MIDATL,AE,AECO,1204.632,True
7/1/2025 9:00:00 AM,7/1/2025 5:00:00 AM,RFC,MIDATL,AE,AECO,1247.480,True
7/1/2025 10:00:00 AM,7/1/2025 6:00:00 AM,RFC,MIDATL,AE,AECO,1267.399,True
7/1/2025 11:00:00 AM,7/1/2025 7:00:00 AM,RFC,MIDATL,AE,AECO,1363.895,True
7/1/2025 12:00:00 PM,7/1/2025 8:00:00 AM,RFC,MIDATL,AE,AECO,1478.612,True
7/1/2025 1:00:00 PM,7/1/2025 9:00:00 AM,RFC,MIDATL,AE,AECO,1564.870,True
7/1/2025 2:00:00 PM,7/1/2025 10:00:00 AM,RFC,MIDATL,AE,AECO,1645.940,True
7/1/2025 3:00:00 PM,7/1/2025 11:00:00 AM,RFC,MIDATL,AE,AECO,1780.793,True
7/1/2025 4:00:00 PM,7/1/2025 12:00:00 PM,RFC,MIDATL,AE,AECO,1852.997,True
7/1/2025 5:00:00 PM,7/1/2025 1:00:00 PM,RFC,MIDATL,AE,AECO,1939.270,True
7/1/2025 6:00:00 PM,7/1/2025 2:00:00 PM,RFC,MIDATL,AE,AECO,2005.918,True
7/1/2025 7:00:00 PM,7/1/2025 3:00:00 PM,RFC,MIDATL,AE,AECO,2111.096,True
7/1/2025 8:00:00 PM,7/1/2025 4:00:00 PM,RFC,MIDATL,AE,AECO,2204.511,True
7/1/2025 9:00:00 PM,7/1/2025 5:00:00 PM,RFC,MIDATL,AE,AECO,2202.329,True
7/1/2025 10:00:00 PM,7/1/2025 6:00:00 PM,RFC,MIDATL,AE,AECO,2106.540,True
7/1/2025 11:00:00 PM,7/1/2025 7:00:00 PM,RFC,MIDATL,AE,AECO,1950.622,True
7/2/2025 12:00:00 AM,7/1/2025 8:00:00 PM,RFC,MIDATL,AE,AECO,1825.913,True
7/2/2025 1:00:00 AM,7/1/2025 9:00:00 PM,RFC,MIDATL,AE,AECO,1723.092,True
7/2/2025 2:00:00 AM,7/1/2025 10:00:00 PM,RFC,MIDATL,AE,AECO,1532.032,True
7/2/2025 3:00:00 AM,7/1/2025 11:00:00 PM,RFC,MIDATL,AE,AECO,1419.374,True
7/2/2025 4:00:00 AM,7/2/2025 12:00:00 AM,RFC,MIDATL,AE,AECO,1335.546,True
7/2/2025 5:00:00 AM,7/2/2025 1:00:00 AM,RFC,MIDATL,AE,AECO,1253.887,True
7/2/2025 6:00:00 AM,7/2/2025 2:00:00 AM,RFC,MIDATL,AE,AECO,1203.750,True
7/2/2025 7:00:00 AM,7/2/2025 3:00:00 AM,RFC,MIDATL,AE,AECO,1174.536,True
7/2/2025 8:00:00 AM,7/2/2025 4:00:00 AM,RFC,MIDATL,AE,AECO,1153.348,True
7/2/2025 9:00:00 AM,7/2/2025 5:00:00 AM,RFC,MIDATL,AE,AECO,1172.054,True
7/2/2025 10:00:00 AM,7/2/2025 6:00:00 AM,RFC,MIDATL,AE,AECO,1197.903,True
7/2/2025 11:00:00 AM,7/2/2025 7:00:00 AM,RFC,MIDATL,AE,AECO,1256.118,True
7/2/2025 12:00:00 PM,7/2/2025 8:00:00 AM,RFC,MIDATL,AE,AECO,1305.225,True
7/2/2025 1:00:00 PM,7/2/2025 9:00:00 AM,RFC,MIDATL,AE,AECO,1315.638,True
7/2/2025 2:00:00 PM,7/2/2025 10:00:00 AM,RFC,MIDATL,AE,AECO,1343.464,True
7/2/2025 3:00:00 PM,7/2/2025 11:00:00 AM,RFC,MIDATL,AE,AECO,1364.557,True
7/2/2025 4:00:00 PM,7/2/2025 12:00:00 PM,RFC,MIDATL,AE,AECO,1337.372,True
7/2/2025 5:00:00 PM,7/2/2025 1:00:00 PM,RFC,MIDATL,AE,AECO,1306.931,True
7/2/2025 6:00:00 PM,7/2/2025 2:00:00 PM,RFC,MIDATL,AE,AECO,1317.025,True
7/2/2025 7:00:00 PM,7/2/2025 3:00:00 PM,RFC,MIDATL,AE,AECO,1470.898,True
7/2/2025 8:00:00 PM,7/2/2025 4:00:00 PM,RFC,MIDATL,AE,AECO,1642.112,True
7/2/2025 9:00:00 PM,7/2/2025 5:00:00 PM,RFC,MIDATL,AE,AECO,1785.284,True
7/2/2025 10:00:00 PM,7/2/2025 6:00:00 PM,RFC,MIDATL,AE,AECO,1843.813,True
7/2/2025 11:00:00 PM,7/2/2025 7:00:00 PM,RFC,MIDATL,AE,AECO,1828.439,True
7/3/2025 12:00:00 AM,7/2/2025 8:00:00 PM,RFC,MIDATL,AE,AECO,1748.749,True
7/3/2025 1:00:00 AM,7/2/2025 9:00:00 PM,RFC,MIDATL,AE,AECO,1691.920,True
7/3/2025 2:00:00 AM,7/2/2025 10:00:00 PM,RFC,MIDATL,AE,AECO,1559.777,True
7/3/2025 3:00:00 AM,7/2/2025 11:00:00 PM,RFC,MIDATL,AE,AECO,1402.397,True
7/3/2025 4:00:00 AM,7/3/2025 12:00:00 AM,RFC,MIDATL,AE,AECO,1273.535,True
7/3/2025 5:00:00 AM,7/3/2025 1:00:00 AM,RFC,MIDATL,AE,AECO,1174.280,True
7/3/2025 6:00:00 AM,7/3/2025 2:00:00 AM,RFC,MIDATL,AE,AECO,1110.713,True
7/3/2025 7:00:00 AM,7/3/2025 3:00:00 AM,RFC,MIDATL,AE,AECO,1075.707,True
7/3/2025 8:00:00 AM,7/3/2025 4:00:00 AM,RFC,MIDATL,AE,AECO,1065.375,True
7/3/2025 9:00:00 AM,7/3/2025 5:00:00 AM,RFC,MIDATL,AE,AECO,1077.365,True
7/3/2025 10:00:00 AM,7/3/2025 6:00:00 AM,RFC,MIDATL,AE,AECO,1128.727,True
7/3/2025 11:00:00 AM,7/3/2025 7:00:00 AM,RFC,MIDATL,AE,AECO,1226.657,True
7/3/2025 12:00:00 PM,7/3/2025 8:00:00 AM,RFC,MIDATL,AE,AECO,1324.358,True
7/3/2025 1:00:00 PM,7/3/2025 9:00:00 AM,RFC,MIDATL,AE,AECO,1418.616,True
7/3/2025 2:00:00 PM,7/3/2025 10:00:00 AM,RFC,MIDATL,AE,AECO,1517.384,True
7/3/2025 3:00:00 PM,7/3/2025 11:00:00 AM,RFC,MIDATL,AE,AECO,1606.458,True
7/3/2025 4:00:00 PM,7/3/2025 12:00:00 PM,RFC,MIDATL,AE,AECO,1673.068,True
7/3/2025 5:00:00 PM,7/3/2025 1:00:00 PM,RFC,MIDATL,AE,AECO,1747.436,True
7/3/2025 6:00:00 PM,7/3/2025 2:00:00 PM,RFC,MIDATL,AE,AECO,1841.823,True
7/3/2025 7:00:00 PM,7/3/2025 3:00:00 PM,RFC,MIDATL,AE,AECO,1943.713,True
7/3/2025 8:00:00 PM,7/3/2025 4:00:00 PM,RFC,MIDATL,AE,AECO,2093.408,True
7/3/2025 9:00:00 PM,7/3/2025 5:00:00 PM,RFC,MIDATL,AE,AECO,2215.594,True
7/3/2025 10:00:00 PM,7/3/2025 6:00:00 PM,RFC,MIDATL,AE,AECO,2265.796,True
7/3/2025 11:00:00 PM,7/3/2025 7:00:00 PM,RFC,MIDATL,AE,AECO,2205.689,True
7/4/2025 12:00:00 AM,7/3/2025 8:00:00 PM,RFC,MIDATL,AE,AECO,2045.309,True
7/4/2025 1:00:00 AM,7/3/2025 9:00:00 PM,RFC,MIDATL,AE,AECO,1917.139,True
7/4/2025 2:00:00 AM,7/3/2025 10:00:00 PM,RFC,MIDATL,AE,AECO,1708.439,True
7/4/2025 3:00:00 AM,7/3/2025 11:00:00 PM,RFC,MIDATL,AE,AECO,1511.614,True
7/4/2025 4:00:00 AM,7/4/2025 12:00:00 AM,RFC,MIDATL,AE,AECO,1336.006,True
7/4/2025 5:00:00 AM,7/4/2025 1:00:00 AM,RFC,MIDATL,AE,AECO,1205.489,True
7/4/2025 6:00:00 AM,7/4/2025 2:00:00 AM,RFC,MIDATL,AE,AECO,1113.029,True
7/4/2025 7:00:00 AM,7/4/2025 3:00:00 AM,RFC,MIDATL,AE,AECO,1043.711,True
7/4/2025 8:00:00 AM,7/4/2025 4:00:00 AM,RFC,MIDATL,AE,AECO,1010.728,True
7/4/2025 9:00:00 AM,7/4/2025 5:00:00 AM,RFC,MIDATL,AE,AECO,993.484,True
7/4/2025 10:00:00 AM,7/4/2025 6:00:00 AM,RFC,MIDATL,AE,AECO,984.350,True
7/4/2025 11:00:00 AM,7/4/2025 7:00:00 AM,RFC,MIDATL,AE,AECO,1028.433,True
7/4/2025 12:00:00 PM,7/4/2025 8:00:00 AM,RFC,MIDATL,AE,AECO,1079.682,True
7/4/2025 1:00:00 PM,7/4/2025 9:00:00 AM,RFC,MIDATL,AE,AECO,1118.813,True
7/4/2025 2:00:00 PM,7/4/2025 10:00:00 AM,RFC,MIDATL,AE,AECO,1167.549,True
7/4/2025 3:00:00 PM,7/4/2025 11:00:00 AM,RFC,MIDATL,AE,AECO,1229.628,True
7/4/2025 4:00:00 PM,7/4/2025 12:00:00 PM,RFC,MIDATL,AE,AECO,1277.339,True
7/4/2025 5:00:00 PM,7/4/2025 1:00:00 PM,RFC,MIDATL,AE,AECO,1361.001,True
7/4/2025 6:00:00 PM,7/4/2025 2:00:00 PM,RFC,MIDATL,AE,AECO,1449.412,True
7/4/2025 7:00:00 PM,7/4/2025 3:00:00 PM,RFC,MIDATL,AE,AECO,1566.132,True
7/4/2025 8:00:00 PM,7/4/2025 4:00:00 PM,RFC,MIDATL,AE,AECO,1713.198,True
7/4/2025 9:00:00 PM,7/4/2025 5:00:00 PM,RFC,MIDATL,AE,AECO,1853.647,True
7/4/2025 10:00:00 PM,7/4/2025 6:00:00 PM,RFC,MIDATL,AE,AECO,1913.465,True
7/4/2025 11:00:00 PM,7/4/2025 7:00:00 PM,RFC,MIDATL,AE,AECO,1843.010,True
7/5/2025 12:00:00 AM,7/4/2025 8:00:00 PM,RFC,MIDATL,AE,AECO,1699.115,True
7/5/2025 1:00:00 AM,7/4/2025 9:00:00 PM,RFC,MIDATL,AE,AECO,1562.650,True
7/5/2025 2:00:00 AM,7/4/2025 10:00:00 PM,RFC,MIDATL,AE,AECO,1467.333,True
7/5/2025 3:00:00 AM,7/4/2025 11:00:00 PM,RFC,MIDATL,AE,AECO,1339.106,True
7/5/2025 4:00:00 AM,7/5/2025 12:00:00 AM,RFC,MIDATL,AE,AECO,1201.456,True
7/5/2025 5:00:00 AM,7/5/2025 1:00:00 AM,RFC,MIDATL,AE,AECO,1096.741,True
7/5/2025 6:00:00 AM,7/5/2025 2:00:00 AM,RFC,MIDATL,AE,AECO,1030.464,True
7/5/2025 7:00:00 AM,7/5/2025 3:00:00 AM,RFC,MIDATL,AE,AECO,979.843,True
7/5/2025 8:00:00 AM,7/5/2025 4:00:00 AM,RFC,MIDATL,AE,AECO,959.694,True
7/5/2025 9:00:00 AM,7/5/2025 5:00:00 AM,RFC,MIDATL,AE,AECO,943.772,True
7/5/2025 10:00:00 AM,7/5/2025 6:00:00 AM,RFC,MIDATL,AE,AECO,938.163,True
7/5/2025 11:00:00 AM,7/5/2025 7:00:00 AM,RFC,MIDATL,AE,AECO,984.841,True
7/5/2025 12:00:00 PM,7/5/2025 8:00:00 AM,RFC,MIDATL,AE,AECO,1056.099,True
7/5/2025 1:00:00 PM,7/5/2025 9:00:00 AM,RFC,MIDATL,AE,AECO,1131.497,True
7/5/2025 2:00:00 PM,7/5/2025 10:00:00 AM,RFC,MIDATL,AE,AECO,1223.717,True
7/5/2025 3:00:00 PM,7/5/2025 11:00:00 AM,RFC,MIDATL,AE,AECO,1313.015,True
7/5/2025 4:00:00 PM,7/5/2025 12:00:00 PM,RFC,MIDATL,AE,AECO,1386.949,True
7/5/2025 5:00:00 PM,7/5/2025 1:00:00 PM,RFC,MIDATL,AE,AECO,1469.407,True
7/5/2025 6:00:00 PM,7/5/2025 2:00:00 PM,RFC,MIDATL,AE,AECO,1558.373,True
7/5/2025 7:00:00 PM,7/5/2025 3:00:00 PM,RFC,MIDATL,AE,AECO,1657.003,True
7/5/2025 8:00:00 PM,7/5/2025 4:00:00 PM,RFC,MIDATL,AE,AECO,1786.245,True
7/5/2025 9:00:00 PM,7/5/2025 5:00:00 PM,RFC,MIDATL,AE,AECO,1906.943,True
7/5/2025 10:00:00 PM,7/5/2025 6:00:00 PM,RFC,MIDATL,AE,AECO,1952.597,True
7/5/2025 11:00:00 PM,7/5/2025 7:00:00 PM,RFC,MIDATL,AE,AECO,1906.036,True
7/6/2025 12:00:00 AM,7/5/2025 8:00:00 PM,RFC,MIDATL,AE,AECO,1761.508,True
7/6/2025 1:00:00 AM,7/5/2025 9:00:00 PM,RFC,MIDATL,AE,AECO,1662.310,True
7/6/2025 2:00:00 AM,7/5/2025 10:00:00 PM,RFC,MIDATL,AE,AECO,1527.397,True
7/6/2025 3:00:00 AM,7/5/2025 11:00:00 PM,RFC,MIDATL,AE,AECO,1392.486,True
7/6/2025 4:00:00 AM,7/6/2025 12:00:00 AM,RFC,MIDATL,AE,AECO,1256.858,True
7/6/2025 5:00:00 AM,7/6/2025 1:00:00 AM,RFC,MIDATL,AE,AECO,1154.521,True
7/6/2025 6:00:00 AM,7/6/2025 2:00:00 AM,RFC,MIDATL,AE,AECO,1087.693,True
7/6/2025 7:00:00 AM,7/6/2025 3:00:00 AM,RFC,MIDATL,AE,AECO,1033.256,True
7/6/2025 8:00:00 AM,7/6/2025 4:00:00 AM,RFC,MIDATL,AE,AECO,1008.334,True
7/6/2025 9:00:00 AM,7/6/2025 5:00:00 AM,RFC,MIDATL,AE,AECO,989.622,True
7/6/2025 10:00:00 AM,7/6/2025 6:00:00 AM,RFC,MIDATL,AE,AECO,980.331,True
7/6/2025 11:00:00 AM,7/6/2025 7:00:00 AM,RFC,MIDATL,AE,AECO,1032.504,True
7/6/2025 12:00:00 PM,7/6/2025 8:00:00 AM,RFC,MIDATL,AE,AECO,1110.619,True
7/6/2025 1:00:00 PM,7/6/2025 9:00:00 AM,RFC,MIDATL,AE,AECO,1205.724,True
7/6/2025 2:00:00 PM,7/6/2025 10:00:00 AM,RFC,MIDATL,AE,AECO,1290.758,True
7/6/2025 3:00:00 PM,7/6/2025 11:00:00 AM,RFC,MIDATL,AE,AECO,1374.016,True
7/6/2025 4:00:00 PM,7/6/2025 12:00:00 PM,RFC,MIDATL,AE,AECO,1465.380,True
7/6/2025 5:00:00 PM,7/6/2025 1:00:00 PM,RFC,MIDATL,AE,AECO,1570.097,True
7/6/2025 6:00:00 PM,7/6/2025 2:00:00 PM,RFC,MIDATL,AE,AECO,1669.229,True
7/6/2025 7:00:00 PM,7/6/2025 3:00:00 PM,RFC,MIDATL,AE,AECO,1771.883,True
7/6/2025 8:00:00 PM,7/6/2025 4:00:00 PM,RFC,MIDATL,AE,AECO,1923.369,True
7/6/2025 9:00:00 PM,7/6/2025 5:00:00 PM,RFC,MIDATL,AE,AECO,2075.055,True
7/6/2025 10:00:00 PM,7/6/2025 6:00:00 PM,RFC,MIDATL,AE,AECO,2125.500,True
7/6/2025 11:00:00 PM,7/6/2025 7:00:00 PM,RFC,MIDATL,AE,AECO,2070.490,True
7/7/2025 12:00:00 AM,7/6/2025 8:00:00 PM,RFC,MIDATL,AE,AECO,1951.952,True
7/7/2025 1:00:00 AM,7/6/2025 9:00:00 PM,RFC,MIDATL,AE,AECO,1875.489,True
7/7/2025 2:00:00 AM,7/6/2025 10:00:00 PM,RFC,MIDATL,AE,AECO,1750.359,True
7/7/2025 3:00:00 AM,7/6/2025 11:00:00 PM,RFC,MIDATL,AE,AECO,1574.837,True
7/7/2025 4:00:00 AM,7/7/2025 12:00:00 AM,RFC,MIDATL,AE,AECO,1438.578,True
7/7/2025 5:00:00 AM,7/7/2025 1:00:00 AM,RFC,MIDATL,AE,AECO,1340.583,True
7/7/2025 6:00:00 AM,7/7/2025 2:00:00 AM,RFC,MIDATL,AE,AECO,1276.172,True
7/7/2025 7:00:00 AM,7/7/2025 3:00:00 AM,RFC,MIDATL,AE,AECO,1245.880,True
7/7/2025 8:00:00 AM,7/7/2025 4:00:00 AM,RFC,MIDATL,AE,AECO,1242.251,True
7/7/2025 9:00:00 AM,7/7/2025 5:00:00 AM,RFC,MIDATL,AE,AECO,1273.122,True
7/7/2025 10:00:00 AM,7/7/2025 6:00:00 AM,RFC,MIDATL,AE,AECO,1322.391,True
7/7/2025 11:00:00 AM,7/7/2025 7:00:00 AM,RFC,MIDATL,AE,AECO,1419.738,True
7/7/2025 12:00:00 PM,7/7/2025 8:00:00 AM,RFC,MIDATL,AE,AECO,1522.307,True
7/7/2025 1:00:00 PM,7/7/2025 9:00:00 AM,RFC,MIDATL,AE,AECO,1607.306,True
7/7/2025 2:00:00 PM,7/7/2025 10:00:00 AM,RFC,MIDATL,AE,AECO,1697.928,True
7/7/2025 3:00:00 PM,7/7/2025 11:00:00 AM,RFC,MIDATL,AE,AECO,1787.094,True
7/7/2025 4:00:00 PM,7/7/2025 12:00:00 PM,RFC,MIDATL,AE,AECO,1856.601,True
7/7/2025 5:00:00 PM,7/7/2025 1:00:00 PM,RFC,MIDATL,AE,AECO,1933.511,True
7/7/2025 6:00:00 PM,7/7/2025 2:00:00 PM,RFC,MIDATL,AE,AECO,2043.139,True
7/7/2025 7:00:00 PM,7/7/2025 3:00:00 PM,RFC,MIDATL,AE,AECO,2152.896,True
7/7/2025 8:00:00 PM,7/7/2025 4:00:00 PM,RFC,MIDATL,AE,AECO,2136.177,True
7/7/2025 9:00:00 PM,7/7/2025 5:00:00 PM,RFC,MIDATL,AE,AECO,2043.386,True
7/7/2025 10:00:00 PM,7/7/2025 6:00:00 PM,RFC,MIDATL,AE,AECO,1953.524,True
7/7/2025 11:00:00 PM,7/7/2025 7:00:00 PM,RFC,MIDATL,AE,AECO,1899.379,True
7/8/2025 12:00:00 AM,7/7/2025 8:00:00 PM,RFC,MIDATL,AE,AECO,1856.098,True
7/8/2025 1:00:00 AM,7/7/2025 9:00:00 PM,RFC,MIDATL,AE,AECO,1793.633,True
7/8/2025 2:00:00 AM,7/7/2025 10:00:00 PM,RFC,MIDATL,AE,AECO,1663.678,True
7/8/2025 3:00:00 AM,7/7/2025 11:00:00 PM,RFC,MIDATL,AE,AECO,1537.906,True
7/8/2025 4:00:00 AM,7/8/2025 12:00:00 AM,RFC,MIDATL,AE,AECO,1417.956,True
7/8/2025 5:00:00 AM,7/8/2025 1:00:00 AM,RFC,MIDATL,AE,AECO,1332.202,True
7/8/2025 6:00:00 AM,7/8/2025 2:00:00 AM,RFC,MIDATL,AE,AECO,1279.376,True
7/8/2025 7:00:00 AM,7/8/2025 3:00:00 AM,RFC,MIDATL,AE,AECO,1249.230,True
7/8/2025 8:00:00 AM,7/8/2025 4:00:00 AM,RFC,MIDATL,AE,AECO,1245.652,True
7/8/2025 9:00:00 AM,7/8/2025 5:00:00 AM,RFC,MIDATL,AE,AECO,1274.776,True
7/8/2025 10:00:00 AM,7/8/2025 6:00:00 AM,RFC,MIDATL,AE,AECO,1320.100,True
7/8/2025 11:00:00 AM,7/8/2025 7:00:00 AM,RFC,MIDATL,AE,AECO,1438.282,True
7/8/2025 12:00:00 PM,7/8/2025 8:00:00 AM,RFC,MIDATL,AE,AECO,1538.314,True
7/8/2025 1:00:00 PM,7/8/2025 9:00:00 AM,RFC,MIDATL,AE,AECO,1648.676,True
7/8/2025 2:00:00 PM,7/8/2025 10:00:00 AM,RFC,MIDATL,AE,AECO,1759.952,True
7/8/2025 3:00:00 PM,7/8/2025 11:00:00 AM,RFC,MIDATL,AE,AECO,1835.419,True
7/8/2025 4:00:00 PM,7/8/2025 12:00:00 PM,RFC,MIDATL,AE,AECO,1947.534,True
7/8/2025 5:00:00 PM,7/8/2025 1:00:00 PM,RFC,MIDATL,AE,AECO,2043.698,True
7/8/2025 6:00:00 PM,7/8/2025 2:00:00 PM,RFC,MIDATL,AE,AECO,2138.951,True
7/8/2025 7:00:00 PM,7/8/2025 3:00:00 PM,RFC,MIDATL,AE,AECO,2241.824,True
7/8/2025 8:00:00 PM,7/8/2025 4:00:00 PM,RFC,MIDATL,AE,AECO,2336.026,True
7/8/2025 9:00:00 PM,7/8/2025 5:00:00 PM,RFC,MIDATL,AE,AECO,2436.587,True
7/8/2025 10:00:00 PM,7/8/2025 6:00:00 PM,RFC,MIDATL,AE,AECO,2375.803,True
7/8/2025 11:00:00 PM,7/8/2025 7:00:00 PM,RFC,MIDATL,AE,AECO,2176.836,True
7/9/2025 12:00:00 AM,7/8/2025 8:00:00 PM,RFC,MIDATL,AE,AECO,1995.607,True
7/9/2025 1:00:00 AM,7/8/2025 9:00:00 PM,RFC,MIDATL,AE,AECO,1825.855,True
7/9/2025 2:00:00 AM,7/8/2025 10:00:00 PM,RFC,MIDATL,AE,AECO,1653.287,True
7/9/2025 3:00:00 AM,7/8/2025 11:00:00 PM,RFC,MIDATL,AE,AECO,1511.431,True
7/9/2025 4:00:00 AM,7/9/2025 12:00:00 AM,RFC,MIDATL,AE,AECO,1386.497,True
7/9/2025 5:00:00 AM,7/9/2025 1:00:00 AM,RFC,MIDATL,AE,AECO,1292.493,True
7/9/2025 6:00:00 AM,7/9/2025 2:00:00 AM,RFC,MIDATL,AE,AECO,1235.287,True
7/9/2025 7:00:00 AM,7/9/2025 3:00:00 AM,RFC,MIDATL,AE,AECO,1203.434,True
7/9/2025 8:00:00 AM,7/9/2025 4:00:00 AM,RFC,MIDATL,AE,AECO,1200.980,True
7/9/2025 9:00:00 AM,7/9/2025 5:00:00 AM,RFC,MIDATL,AE,AECO,1221.019,True
7/9/2025 10:00:00 AM,7/9/2025 6:00:00 AM,RFC,MIDATL,AE,AECO,1258.865,True
7/9/2025 11:00:00 AM,7/9/2025 7:00:00 AM,RFC,MIDATL,AE,AECO,1316.856,True
7/9/2025 12:00:00 PM,7/9/2025 8:00:00 AM,RFC,MIDATL,AE,AECO,1393.608,True
7/9/2025 1:00:00 PM,7/9/2025 9:00:00 AM,RFC,MIDATL,AE,AECO,1468.023,True
7/9/2025 2:00:00 PM,7/9/2025 10:00:00 AM,RFC,MIDATL,AE,AECO,1534.064,True
7/9/2025 3:00:00 PM,7/9/2025 11:00:00 AM,RFC,MIDATL,AE,AECO,1651.943,True
7/9/2025 4:00:00 PM,7/9/2025 12:00:00 PM,RFC,MIDATL,AE,AECO,1772.970,True
7/9/2025 5:00:00 PM,7/9/2025 1:00:00 PM,RFC,MIDATL,AE,AECO,1855.431,True
7/9/2025 6:00:00 PM,7/9/2025 2:00:00 PM,RFC,MIDATL,AE,AECO,1916.755,True
7/9/2025 7:00:00 PM,7/9/2025 3:00:00 PM,RFC,MIDATL,AE,AECO,2009.874,True
7/9/2025 8:00:00 PM,7/9/2025 4:00:00 PM,RFC,MIDATL,AE,AECO,2115.947,True
7/9/2025 9:00:00 PM,7/9/2025 5:00:00 PM,RFC,MIDATL,AE,AECO,2226.636,True
7/9/2025 10:00:00 PM,7/9/2025 6:00:00 PM,RFC,MIDATL,AE,AECO,2219.277,True
7/9/2025 11:00:00 PM,7/9/2025 7:00:00 PM,RFC,MIDATL,AE,AECO,2123.983,True
7/10/2025 12:00:00 AM,7/9/2025 8:00:00 PM,RFC,MIDATL,AE,AECO,2014.339,True
7/10/2025 1:00:00 AM,7/9/2025 9:00:00 PM,RFC,MIDATL,AE,AECO,1862.853,True
7/10/2025 2:00:00 AM,7/9/2025 10:00:00 PM,RFC,MIDATL,AE,AECO,1644.511,True
7/10/2025 3:00:00 AM,7/9/2025 11:00:00 PM,RFC,MIDATL,AE,AECO,1481.732,True
7/10/2025 4:00:00 AM,7/10/2025 12:00:00 AM,RFC,MIDATL,AE,AECO,1350.384,True
7/10/2025 5:00:00 AM,7/10/2025 1:00:00 AM,RFC,MIDATL,AE,AECO,1251.196,True
7/10/2025 6:00:00 AM,7/10/2025 2:00:00 AM,RFC,MIDATL,AE,AECO,1188.160,True
7/10/2025 7:00:00 AM,7/10/2025 3:00:00 AM,RFC,MIDATL,AE,AECO,1148.390,True
7/10/2025 8:00:00 AM,7/10/2025 4:00:00 AM,RFC,MIDATL,AE,AECO,1140.602,True
7/10/2025 9:00:00 AM,7/10/2025 5:00:00 AM,RFC,MIDATL,AE,AECO,1160.858,True
7/10/2025 10:00:00 AM,7/10/2025 6:00:00 AM,RFC,MIDATL,AE,AECO,1190.696,True
7/10/2025 11:00:00 AM,7/10/2025 7:00:00 AM,RFC,MIDATL,AE,AECO,1261.439,True
7/10/2025 12:00:00 PM,7/10/2025 8:00:00 AM,RFC,MIDATL,AE,AECO,1333.310,True
7/10/2025 1:00:00 PM,7/10/2025 9:00:00 AM,RFC,MIDATL,AE,AECO,1372.633,True
7/10/2025 2:00:00 PM,7/10/2025 10:00:00 AM,RFC,MIDATL,AE,AECO,1435.573,True
7/10/2025 3:00:00 PM,7/10/2025 11:00:00 AM,RFC,MIDATL,AE,AECO,1432.483,True
7/10/2025 4:00:00 PM,7/10/2025 12:00:00 PM,RFC,MIDATL,AE,AECO,1468.498,True
7/10/2025 5:00:00 PM,7/10/2025 1:00:00 PM,RFC,MIDATL,AE,AECO,1511.121,True
7/10/2025 6:00:00 PM,7/10/2025 2:00:00 PM,RFC,MIDATL,AE,AECO,1606.808,True
7/10/2025 7:00:00 PM,7/10/2025 3:00:00 PM,RFC,MIDATL,AE,AECO,1605.689,True
7/10/2025 8:00:00 PM,7/10/2025 4:00:00 PM,RFC,MIDATL,AE,AECO,1594.413,True
7/10/2025 9:00:00 PM,7/10/2025 5:00:00 PM,RFC,MIDATL,AE,AECO,1603.884,True
7/10/2025 10:00:00 PM,7/10/2025 6:00:00 PM,RFC,MIDATL,AE,AECO,1595.938,True
7/10/2025 11:00:00 PM,7/10/2025 7:00:00 PM,RFC,MIDATL,AE,AECO,1612.114,True
7/11/2025 12:00:00 AM,7/10/2025 8:00:00 PM,RFC,MIDATL,AE,AECO,1582.548,True
7/11/2025 1:00:00 AM,7/10/2025 9:00:00 PM,RFC,MIDATL,AE,AECO,1569.083,True
7/11/2025 2:00:00 AM,7/10/2025 10:00:00 PM,RFC,MIDATL,AE,AECO,1434.733,True
7/11/2025 3:00:00 AM,7/10/2025 11:00:00 PM,RFC,MIDATL,AE,AECO,1334.066,True
7/11/2025 4:00:00 AM,7/11/2025 12:00:00 AM,RFC,MIDATL,AE,AECO,1223.710,True
7/11/2025 5:00:00 AM,7/11/2025 1:00:00 AM,RFC,MIDATL,AE,AECO,1146.682,True
7/11/2025 6:00:00 AM,7/11/2025 2:00:00 AM,RFC,MIDATL,AE,AECO,1102.185,True
7/11/2025 7:00:00 AM,7/11/2025 3:00:00 AM,RFC,MIDATL,AE,AECO,1074.244,True
7/11/2025 8:00:00 AM,7/11/2025 4:00:00 AM,RFC,MIDATL,AE,AECO,1075.684,True
7/11/2025 9:00:00 AM,7/11/2025 5:00:00 AM,RFC,MIDATL,AE,AECO,1098.744,True
7/11/2025 10:00:00 AM,7/11/2025 6:00:00 AM,RFC,MIDATL,AE,AECO,1144.662,True
7/11/2025 11:00:00 AM,7/11/2025 7:00:00 AM,RFC,MIDATL,AE,AECO,1212.129,True
7/11/2025 12:00:00 PM,7/11/2025 8:00:00 AM,RFC,MIDATL,AE,AECO,1296.286,True
7/11/2025 1:00:00 PM,7/11/2025 9:00:00 AM,RFC,MIDATL,AE,AECO,1368.864,True
7/11/2025 2:00:00 PM,7/11/2025 10:00:00 AM,RFC,MIDATL,AE,AECO,1436.040,True
7/11/2025 3:00:00 PM,7/11/2025 11:00:00 AM,RFC,MIDATL,AE,AECO,1457.398,True
7/11/2025 4:00:00 PM,7/11/2025 12:00:00 PM,RFC,MIDATL,AE,AECO,1504.666,True
7/11/2025 5:00:00 PM,7/11/2025 1:00:00 PM,RFC,MIDATL,AE,AECO,1597.063,True
7/11/2025 6:00:00 PM,7/11/2025 2:00:00 PM,RFC,MIDATL,AE,AECO,1690.840,True
7/11/2025 7:00:00 PM,7/11/2025 3:00:00 PM,RFC,MIDATL,AE,AECO,1827.157,True
7/11/2025 8:00:00 PM,7/11/2025 4:00:00 PM,RFC,MIDATL,AE,AECO,1919.042,True
7/11/2025 9:00:00 PM,7/11/2025 5:00:00 PM,RFC,MIDATL,AE,AECO,2019.402,True
7/11/2025 10:00:00 PM,7/11/2025 6:00:00 PM,RFC,MIDATL,AE,AECO,2057.424,True
7/11/2025 11:00:00 PM,7/11/2025 7:00:00 PM,RFC,MIDATL,AE,AECO,2004.260,True
7/12/2025 12:00:00 AM,7/11/2025 8:00:00 PM,RFC,MIDATL,AE,AECO,1898.338,True
7/12/2025 1:00:00 AM,7/11/2025 9:00:00 PM,RFC,MIDATL,AE,AECO,1792.752,True
7/12/2025 2:00:00 AM,7/11/2025 10:00:00 PM,RFC,MIDATL,AE,AECO,1677.792,True
7/12/2025 3:00:00 AM,7/11/2025 11:00:00 PM,RFC,MIDATL,AE,AECO,1543.769,True
7/12/2025 4:00:00 AM,7/12/2025 12:00:00 AM,RFC,MIDATL,AE,AECO,1394.842,True
7/12/2025 5:00:00 AM,7/12/2025 1:00:00 AM,RFC,MIDATL,AE,AECO,1295.358,True
7/12/2025 6:00:00 AM,7/12/2025 2:00:00 AM,RFC,MIDATL,AE,AECO,1226.450,True
7/12/2025 7:00:00 AM,7/12/2025 3:00:00 AM,RFC,MIDATL,AE,AECO,1182.649,True
7/12/2025 8:00:00 AM,7/12/2025 4:00:00 AM,RFC,MIDATL,AE,AECO,1154.672,True
7/12/2025 9:00:00 AM,7/12/2025 5:00:00 AM,RFC,MIDATL,AE,AECO,1149.565,True
7/12/2025 10:00:00 AM,7/12/2025 6:00:00 AM,RFC,MIDATL,AE,AECO,1153.710,True
7/12/2025 11:00:00 AM,7/12/2025 7:00:00 AM,RFC,MIDATL,AE,AECO,1217.610,True
7/12/2025 12:00:00 PM,7/12/2025 8:00:00 AM,RFC,MIDATL,AE,AECO,1314.800,True
7/12/2025 1:00:00 PM,7/12/2025 9:00:00 AM,RFC,MIDATL,AE,AECO,1391.542,True
7/12/2025 2:00:00 PM,7/12/2025 10:00:00 AM,RFC,MIDATL,AE,AECO,1443.763,True
7/12/2025 3:00:00 PM,7/12/2025 11:00:00 AM,RFC,MIDATL,AE,AECO,1524.337,True
7/12/2025 4:00:00 PM,7/12/2025 12:00:00 PM,RFC,MIDATL,AE,AECO,1649.995,True
7/12/2025 5:00:00 PM,7/12/2025 1:00:00 PM,RFC,MIDATL,AE,AECO,1712.886,True
7/12/2025 6:00:00 PM,7/12/2025 2:00:00 PM,RFC,MIDATL,AE,AECO,1775.708,True
7/12/2025 7:00:00 PM,7/12/2025 3:00:00 PM,RFC,MIDATL,AE,AECO,1851.924,True
7/12/2025 8:00:00 PM,7/12/2025 4:00:00 PM,RFC,MIDATL,AE,AECO,1948.584,True
7/12/2025 9:00:00 PM,7/12/2025 5:00:00 PM,RFC,MIDATL,AE,AECO,2021.099,True
7/12/2025 10:00:00 PM,7/12/2025 6:00:00 PM,RFC,MIDATL,AE,AECO,2036.697,True
7/12/2025 11:00:00 PM,7/12/2025 7:00:00 PM,RFC,MIDATL,AE,AECO,1964.295,True
7/13/2025 12:00:00 AM,7/12/2025 8:00:00 PM,RFC,MIDATL,AE,AECO,1859.489,True
7/13/2025 1:00:00 AM,7/12/2025 9:00:00 PM,RFC,MIDATL,AE,AECO,1765.407,True
7/13/2025 2:00:00 AM,7/12/2025 10:00:00 PM,RFC,MIDATL,AE,AECO,1668.845,True
7/13/2025 3:00:00 AM,7/12/2025 11:00:00 PM,RFC,MIDATL,AE,AECO,1508.907,True
7/13/2025 4:00:00 AM,7/13/2025 12:00:00 AM,RFC,MIDATL,AE,AECO,1380.096,True
7/13/2025 5:00:00 AM,7/13/2025 1:00:00 AM,RFC,MIDATL,AE,AECO,1276.873,True
7/13/2025 6:00:00 AM,7/13/2025 2:00:00 AM,RFC,MIDATL,AE,AECO,1207.157,True
7/13/2025 7:00:00 AM,7/13/2025 3:00:00 AM,RFC,MIDATL,AE,AECO,1170.980,True
7/13/2025 8:00:00 AM,7/13/2025 4:00:00 AM,RFC,MIDATL,AE,AECO,1154.246,True
7/13/2025 9:00:00 AM,7/13/2025 5:00:00 AM,RFC,MIDATL,AE,AECO,1142.377,True
7/13/2025 10:00:00 AM,7/13/2025 6:00:00 AM,RFC,MIDATL,AE,AECO,1145.210,True
7/13/2025 11:00:00 AM,7/13/2025 7:00:00 AM,RFC,MIDATL,AE,AECO,1184.516,True
7/13/2025 12:00:00 PM,7/13/2025 8:00:00 AM,RFC,MIDATL,AE,AECO,1250.260,True
7/13/2025 1:00:00 PM,7/13/2025 9:00:00 AM,RFC,MIDATL,AE,AECO,1350.918,True
7/13/2025 2:00:00 PM,7/13/2025 10:00:00 AM,RFC,MIDATL,AE,AECO,1457.004,True
7/13/2025 3:00:00 PM,7/13/2025 11:00:00 AM,RFC,MIDATL,AE,AECO,1550.831,True
7/13/2025 4:00:00 PM,7/13/2025 12:00:00 PM,RFC,MIDATL,AE,AECO,1625.684,True
7/13/2025 5:00:00 PM,7/13/2025 1:00:00 PM,RFC,MIDATL,AE,AECO,1703.280,True
7/13/2025 6:00:00 PM,7/13/2025 2:00:00 PM,RFC,MIDATL,AE,AECO,1771.660,True
7/13/2025 7:00:00 PM,7/13/2025 3:00:00 PM,RFC,MIDATL,AE,AECO,1842.219,True
7/13/2025 8:00:00 PM,7/13/2025 4:00:00 PM,RFC,MIDATL,AE,AECO,1969.513,True
7/13/2025 9:00:00 PM,7/13/2025 5:00:00 PM,RFC,MIDATL,AE,AECO,2067.406,True
7/13/2025 10:00:00 PM,7/13/2025 6:00:00 PM,RFC,MIDATL,AE,AECO,2068.450,True
7/13/2025 11:00:00 PM,7/13/2025 7:00:00 PM,RFC,MIDATL,AE,AECO,2002.818,True
7/14/2025 12:00:00 AM,7/13/2025 8:00:00 PM,RFC,MIDATL,AE,AECO,1897.784,True
7/14/2025 1:00:00 AM,7/13/2025 9:00:00 PM,RFC,MIDATL,AE,AECO,1804.413,True
7/14/2025 2:00:00 AM,7/13/2025 10:00:00 PM,RFC,MIDATL,AE,AECO,1691.496,True
7/14/2025 3:00:00 AM,7/13/2025 11:00:00 PM,RFC,MIDATL,AE,AECO,1517.019,True
7/14/2025 4:00:00 AM,7/14/2025 12:00:00 AM,RFC,MIDATL,AE,AECO,1394.915,True
7/14/2025 5:00:00 AM,7/14/2025 1:00:00 AM,RFC,MIDATL,AE,AECO,1294.810,True
7/14/2025 6:00:00 AM,7/14/2025 2:00:00 AM,RFC,MIDATL,AE,AECO,1226.430,True
7/14/2025 7:00:00 AM,7/14/2025 3:00:00 AM,RFC,MIDATL,AE,AECO,1190.235,True
7/14/2025 8:00:00 AM,7/14/2025 4:00:00 AM,RFC,MIDATL,AE,AECO,1182.241,True
7/14/2025 9:00:00 AM,7/14/2025 5:00:00 AM,RFC,MIDATL,AE,AECO,1199.599,True
7/14/2025 10:00:00 AM,7/14/2025 6:00:00 AM,RFC,MIDATL,AE,AECO,1244.144,True
7/14/2025 11:00:00 AM,7/14/2025 7:00:00 AM,RFC,MIDATL,AE,AECO,1333.287,True
7/14/2025 12:00:00 PM,7/14/2025 8:00:00 AM,RFC,MIDATL,AE,AECO,1433.648,True
7/14/2025 1:00:00 PM,7/14/2025 9:00:00 AM,RFC,MIDATL,AE,AECO,1518.388,True
7/14/2025 2:00:00 PM,7/14/2025 10:00:00 AM,RFC,MIDATL,AE,AECO,1590.529,True
7/14/2025 3:00:00 PM,7/14/2025 11:00:00 AM,RFC,MIDATL,AE,AECO,1684.157,True
7/14/2025 4:00:00 PM,7/14/2025 12:00:00 PM,RFC,MIDATL,AE,AECO,1701.126,True
7/14/2025 5:00:00 PM,7/14/2025 1:00:00 PM,RFC,MIDATL,AE,AECO,1802.630,True
7/14/2025 6:00:00 PM,7/14/2025 2:00:00 PM,RFC,MIDATL,AE,AECO,1860.152,True
7/14/2025 7:00:00 PM,7/14/2025 3:00:00 PM,RFC,MIDATL,AE,AECO,1961.368,True
7/14/2025 8:00:00 PM,7/14/2025 4:00:00 PM,RFC,MIDATL,AE,AECO,2130.414,True
7/14/2025 9:00:00 PM,7/14/2025 5:00:00 PM,RFC,MIDATL,AE,AECO,2156.371,True
7/14/2025 10:00:00 PM,7/14/2025 6:00:00 PM,RFC,MIDATL,AE,AECO,2085.834,True
7/14/2025 11:00:00 PM,7/14/2025 7:00:00 PM,RFC,MIDATL,AE,AECO,1989.589,True
7/15/2025 12:00:00 AM,7/14/2025 8:00:00 PM,RFC,MIDATL,AE,AECO,1899.188,True
7/15/2025 1:00:00 AM,7/14/2025 9:00:00 PM,RFC,MIDATL,AE,AECO,1801.413,True
7/15/2025 2:00:00 AM,7/14/2025 10:00:00 PM,RFC,MIDATL,AE,AECO,1675.563,True
7/15/2025 3:00:00 AM,7/14/2025 11:00:00 PM,RFC,MIDATL,AE,AECO,1509.812,True
7/15/2025 4:00:00 AM,7/15/2025 12:00:00 AM,RFC,MIDATL,AE,AECO,1383.703,True
7/15/2025 5:00:00 AM,7/15/2025 1:00:00 AM,RFC,MIDATL,AE,AECO,1286.256,True
7/15/2025 6:00:00 AM,7/15/2025 2:00:00 AM,RFC,MIDATL,AE,AECO,1222.977,True
7/15/2025 7:00:00 AM,7/15/2025 3:00:00 AM,RFC,MIDATL,AE,AECO,1187.343,True
7/15/2025 8:00:00 AM,7/15/2025 4:00:00 AM,RFC,MIDATL,AE,AECO,1176.873,True
7/15/2025 9:00:00 AM,7/15/2025 5:00:00 AM,RFC,MIDATL,AE,AECO,1204.329,True
7/15/2025 10:00:00 AM,7/15/2025 6:00:00 AM,RFC,MIDATL,AE,AECO,1246.541,True
7/15/2025 11:00:00 AM,7/15/2025 7:00:00 AM,RFC,MIDATL,AE,AECO,1293.707,True
7/15/2025 12:00:00 PM,7/15/2025 8:00:00 AM,RFC,MIDATL,AE,AECO,1361.810,True
7/15/2025 1:00:00 PM,7/15/2025 9:00:00 AM,RFC,MIDATL,AE,AECO,1416.510,True
7/15/2025 2:00:00 PM,7/15/2025 10:00:00 AM,RFC,MIDATL,AE,AECO,1461.444,True
7/15/2025 3:00:00 PM,7/15/2025 11:00:00 AM,RFC,MIDATL,AE,AECO,1517.162,True
7/15/2025 4:00:00 PM,7/15/2025 12:00:00 PM,RFC,MIDATL,AE,AECO,1605.993,True
7/15/2025 5:00:00 PM,7/15/2025 1:00:00 PM,RFC,MIDATL,AE,AECO,1685.572,True
7/15/2025 6:00:00 PM,7/15/2025 2:00:00 PM,RFC,MIDATL,AE,AECO,1751.278,True
7/15/2025 7:00:00 PM,7/15/2025 3:00:00 PM,RFC,MIDATL,AE,AECO,1848.228,True
7/15/2025 8:00:00 PM,7/15/2025 4:00:00 PM,RFC,MIDATL,AE,AECO,1966.588,True
7/15/2025 9:00:00 PM,7/15/2025 5:00:00 PM,RFC,MIDATL,AE,AECO,2065.914,True
7/15/2025 10:00:00 PM,7/15/2025 6:00:00 PM,RFC,MIDATL,AE,AECO,2103.445,True
7/15/2025 11:00:00 PM,7/15/2025 7:00:00 PM,RFC,MIDATL,AE,AECO,2039.644,True
7/16/2025 12:00:00 AM,7/15/2025 8:00:00 PM,RFC,MIDATL,AE,AECO,1960.404,True
7/16/2025 1:00:00 AM,7/15/2025 9:00:00 PM,RFC,MIDATL,AE,AECO,1868.595,True
7/16/2025 2:00:00 AM,7/15/2025 10:00:00 PM,RFC,MIDATL,AE,AECO,1702.842,True
7/16/2025 3:00:00 AM,7/15/2025 11:00:00 PM,RFC,MIDATL,AE,AECO,1574.365,True
7/16/2025 4:00:00 AM,7/16/2025 12:00:00 AM,RFC,MIDATL,AE,AECO,1436.860,True
7/16/2025 5:00:00 AM,7/16/2025 1:00:00 AM,RFC,MIDATL,AE,AECO,1337.326,True
7/16/2025 6:00:00 AM,7/16/2025 2:00:00 AM,RFC,MIDATL,AE,AECO,1269.091,True
7/16/2025 7:00:00 AM,7/16/2025 3:00:00 AM,RFC,MIDATL,AE,AECO,1221.957,True
7/16/2025 8:00:00 AM,7/16/2025 4:00:00 AM,RFC,MIDATL,AE,AECO,1211.710,True
7/16/2025 9:00:00 AM,7/16/2025 5:00:00 AM,RFC,MIDATL,AE,AECO,1228.254,True
7/16/2025 10:00:00 AM,7/16/2025 6:00:00 AM,RFC,MIDATL,AE,AECO,1275.094,True
7/16/2025 11:00:00 AM,7/16/2025 7:00:00 AM,RFC,MIDATL,AE,AECO,1370.876,True
7/16/2025 12:00:00 PM,7/16/2025 8:00:00 AM,RFC,MIDATL,AE,AECO,1468.351,True
7/16/2025 1:00:00 PM,7/16/2025 9:00:00 AM,RFC,MIDATL,AE,AECO,1557.592,True
7/16/2025 2:00:00 PM,7/16/2025 10:00:00 AM,RFC,MIDATL,AE,AECO,1654.568,True
7/16/2025 3:00:00 PM,7/16/2025 11:00:00 AM,RFC,MIDATL,AE,AECO,1760.628,True
7/16/2025 4:00:00 PM,7/16/2025 12:00:00 PM,RFC,MIDATL,AE,AECO,1848.692,True
7/16/2025 5:00:00 PM,7/16/2025 1:00:00 PM,RFC,MIDATL,AE,AECO,1940.348,True
7/16/2025 6:00:00 PM,7/16/2025 2:00:00 PM,RFC,MIDATL,AE,AECO,2034.475,True
7/16/2025 7:00:00 PM,7/16/2025 3:00:00 PM,RFC,MIDATL,AE,AECO,2113.330,True
7/16/2025 8:00:00 PM,7/16/2025 4:00:00 PM,RFC,MIDATL,AE,AECO,2239.686,True
7/16/2025 9:00:00 PM,7/16/2025 5:00:00 PM,RFC,MIDATL,AE,AECO,2260.454,True
7/16/2025 10:00:00 PM,7/16/2025 6:00:00 PM,RFC,MIDATL,AE,AECO,2218.902,True
7/16/2025 11:00:00 PM,7/16/2025 7:00:00 PM,RFC,MIDATL,AE,AECO,2140.718,True
7/17/2025 12:00:00 AM,7/16/2025 8:00:00 PM,RFC,MIDATL,AE,AECO,2062.501,True
7/17/2025 1:00:00 AM,7/16/2025 9:00:00 PM,RFC,MIDATL,AE,AECO,1973.609,True
7/17/2025 2:00:00 AM,7/16/2025 10:00:00 PM,RFC,MIDATL,AE,AECO,1833.205,True
7/17/2025 3:00:00 AM,7/16/2025 11:00:00 PM,RFC,MIDATL,AE,AECO,1692.908,True
7/17/2025 4:00:00 AM,7/17/2025 12:00:00 AM,RFC,MIDATL,AE,AECO,1523.894,True
7/17/2025 5:00:00 AM,7/17/2025 1:00:00 AM,RFC,MIDATL,AE,AECO,1398.678,True
7/17/2025 6:00:00 AM,7/17/2025 2:00:00 AM,RFC,MIDATL,AE,AECO,1311.665,True
7/17/2025 7:00:00 AM,7/17/2025 3:00:00 AM,RFC,MIDATL,AE,AECO,1255.796,True
7/17/2025 8:00:00 AM,7/17/2025 4:00:00 AM,RFC,MIDATL,AE,AECO,1239.360,True
7/17/2025 9:00:00 AM,7/17/2025 5:00:00 AM,RFC,MIDATL,AE,AECO,1263.124,True
7/17/2025 10:00:00 AM,7/17/2025 6:00:00 AM,RFC,MIDATL,AE,AECO,1298.637,True
7/17/2025 11:00:00 AM,7/17/2025 7:00:00 AM,RFC,MIDATL,AE,AECO,1384.596,True
7/17/2025 12:00:00 PM,7/17/2025 8:00:00 AM,RFC,MIDATL,AE,AECO,1479.666,True
7/17/2025 1:00:00 PM,7/17/2025 9:00:00 AM,RFC,MIDATL,AE,AECO,1551.337,True
7/17/2025 2:00:00 PM,7/17/2025 10:00:00 AM,RFC,MIDATL,AE,AECO,1627.015,True
7/17/2025 3:00:00 PM,7/17/2025 11:00:00 AM,RFC,MIDATL,AE,AECO,1775.110,True
7/17/2025 4:00:00 PM,7/17/2025 12:00:00 PM,RFC,MIDATL,AE,AECO,1877.958,True
7/17/2025 5:00:00 PM,7/17/2025 1:00:00 PM,RFC,MIDATL,AE,AECO,2002.634,True
7/17/2025 6:00:00 PM,7/17/2025 2:00:00 PM,RFC,MIDATL,AE,AECO,2111.167,True
7/17/2025 7:00:00 PM,7/17/2025 3:00:00 PM,RFC,MIDATL,AE,AECO,2221.569,True
7/17/2025 8:00:00 PM,7/17/2025 4:00:00 PM,RFC,MIDATL,AE,AECO,2324.682,True
7/17/2025 9:00:00 PM,7/17/2025 5:00:00 PM,RFC,MIDATL,AE,AECO,2427.293,True
7/17/2025 10:00:00 PM,7/17/2025 6:00:00 PM,RFC,MIDATL,AE,AECO,2486.718,True
7/17/2025 11:00:00 PM,7/17/2025 7:00:00 PM,RFC,MIDATL,AE,AECO,2441.242,True
7/18/2025 12:00:00 AM,7/17/2025 8:00:00 PM,RFC,MIDATL,AE,AECO,2355.508,True
7/18/2025 1:00:00 AM,7/17/2025 9:00:00 PM,RFC,MIDATL,AE,AECO,2263.240,True
7/18/2025 2:00:00 AM,7/17/2025 10:00:00 PM,RFC,MIDATL,AE,AECO,2124.001,True
7/18/2025 3:00:00 AM,7/17/2025 11:00:00 PM,RFC,MIDATL,AE,AECO,1943.209,True
7/18/2025 4:00:00 AM,7/18/2025 12:00:00 AM,RFC,MIDATL,AE,AECO,1826.229,True
7/18/2025 5:00:00 AM,7/18/2025 1:00:00 AM,RFC,MIDATL,AE,AECO,1671.679,True
7/18/2025 6:00:00 AM,7/18/2025 2:00:00 AM,RFC,MIDATL,AE,AECO,1549.309,True
7/18/2025 7:00:00 AM,7/18/2025 3:00:00 AM,RFC,MIDATL,AE,AECO,1445.192,True
7/18/2025 8:00:00 AM,7/18/2025 4:00:00 AM,RFC,MIDATL,AE,AECO,1388.590,True
7/18/2025 9:00:00 AM,7/18/2025 5:00:00 AM,RFC,MIDATL,AE,AECO,1372.326,True
7/18/2025 10:00:00 AM,7/18/2025 6:00:00 AM,RFC,MIDATL,AE,AECO,1368.138,True
7/18/2025 11:00:00 AM,7/18/2025 7:00:00 AM,RFC,MIDATL,AE,AECO,1418.505,True
7/18/2025 12:00:00 PM,7/18/2025 8:00:00 AM,RFC,MIDATL,AE,AECO,1485.304,True
7/18/2025 1:00:00 PM,7/18/2025 9:00:00 AM,RFC,MIDATL,AE,AECO,1545.001,True
7/18/2025 2:00:00 PM,7/18/2025 10:00:00 AM,RFC,MIDATL,AE,AECO,1624.277,True
7/18/2025 3:00:00 PM,7/18/2025 11:00:00 AM,RFC,MIDATL,AE,AECO,1696.931,True
7/18/2025 4:00:00 PM,7/18/2025 12:00:00 PM,RFC,MIDATL,AE,AECO,1719.829,True
7/18/2025 5:00:00 PM,7/18/2025 1:00:00 PM,RFC,MIDATL,AE,AECO,1838.344,True
7/18/2025 6:00:00 PM,7/18/2025 2:00:00 PM,RFC,MIDATL,AE,AECO,1963.735,True
7/18/2025 7:00:00 PM,7/18/2025 3:00:00 PM,RFC,MIDATL,AE,AECO,1954.828,True
7/18/2025 8:00:00 PM,7/18/2025 4:00:00 PM,RFC,MIDATL,AE,AECO,1936.936,True
7/18/2025 9:00:00 PM,7/18/2025 5:00:00 PM,RFC,MIDATL,AE,AECO,2017.942,True
7/18/2025 10:00:00 PM,7/18/2025 6:00:00 PM,RFC,MIDATL,AE,AECO,2023.365,True
7/18/2025 11:00:00 PM,7/18/2025 7:00:00 PM,RFC,MIDATL,AE,AECO,1975.273,True
7/19/2025 12:00:00 AM,7/18/2025 8:00:00 PM,RFC,MIDATL,AE,AECO,1881.534,True
7/19/2025 1:00:00 AM,7/18/2025 9:00:00 PM,RFC,MIDATL,AE,AECO,1744.888,True
7/19/2025 2:00:00 AM,7/18/2025 10:00:00 PM,RFC,MIDATL,AE,AECO,1655.292,True
7/19/2025 3:00:00 AM,7/18/2025 11:00:00 PM,RFC,MIDATL,AE,AECO,1524.918,True
7/19/2025 4:00:00 AM,7/19/2025 12:00:00 AM,RFC,MIDATL,AE,AECO,1362.525,True
7/19/2025 5:00:00 AM,7/19/2025 1:00:00 AM,RFC,MIDATL,AE,AECO,1288.700,True
7/19/2025 6:00:00 AM,7/19/2025 2:00:00 AM,RFC,MIDATL,AE,AECO,1251.528,True
7/19/2025 7:00:00 AM,7/19/2025 3:00:00 AM,RFC,MIDATL,AE,AECO,1232.761,True
7/19/2025 8:00:00 AM,7/19/2025 4:00:00 AM,RFC,MIDATL,AE,AECO,1223.029,True
7/19/2025 9:00:00 AM,7/19/2025 5:00:00 AM,RFC,MIDATL,AE,AECO,1237.186,True
7/19/2025 10:00:00 AM,7/19/2025 6:00:00 AM,RFC,MIDATL,AE,AECO,1249.887,True
7/19/2025 11:00:00 AM,7/19/2025 7:00:00 AM,RFC,MIDATL,AE,AECO,1287.110,True
7/19/2025 12:00:00 PM,7/19/2025 8:00:00 AM,RFC,MIDATL,AE,AECO,1320.479,True
7/19/2025 1:00:00 PM,7/19/2025 9:00:00 AM,RFC,MIDATL,AE,AECO,1325.048,True
7/19/2025 2:00:00 PM,7/19/2025 10:00:00 AM,RFC,MIDATL,AE,AECO,1345.934,True
7/19/2025 3:00:00 PM,7/19/2025 11:00:00 AM,RFC,MIDATL,AE,AECO,1397.134,True
7/19/2025 4:00:00 PM,7/19/2025 12:00:00 PM,RFC,MIDATL,AE,AECO,1443.034,True
7/19/2025 5:00:00 PM,7/19/2025 1:00:00 PM,RFC,MIDATL,AE,AECO,1455.086,True
7/19/2025 6:00:00 PM,7/19/2025 2:00:00 PM,RFC,MIDATL,AE,AECO,1519.648,True
7/19/2025 7:00:00 PM,7/19/2025 3:00:00 PM,RFC,MIDATL,AE,AECO,1531.545,True
7/19/2025 8:00:00 PM,7/19/2025 4:00:00 PM,RFC,MIDATL,AE,AECO,1532.800,True
7/19/2025 9:00:00 PM,7/19/2025 5:00:00 PM,RFC,MIDATL,AE,AECO,1613.071,True
7/19/2025 10:00:00 PM,7/19/2025 6:00:00 PM,RFC,MIDATL,AE,AECO,1636.676,True
7/19/2025 11:00:00 PM,7/19/2025 7:00:00 PM,RFC,MIDATL,AE,AECO,1623.388,True
7/20/2025 12:00:00 AM,7/19/2025 8:00:00 PM,RFC,MIDATL,AE,AECO,1600.440,True
7/20/2025 1:00:00 AM,7/19/2025 9:00:00 PM,RFC,MIDATL,AE,AECO,1550.545,True
7/20/2025 2:00:00 AM,7/19/2025 10:00:00 PM,RFC,MIDATL,AE,AECO,1480.442,True
7/20/2025 3:00:00 AM,7/19/2025 11:00:00 PM,RFC,MIDATL,AE,AECO,1395.109,True
7/20/2025 4:00:00 AM,7/20/2025 12:00:00 AM,RFC,MIDATL,AE,AECO,1381.142,True
7/20/2025 5:00:00 AM,7/20/2025 1:00:00 AM,RFC,MIDATL,AE,AECO,1330.441,True
7/20/2025 6:00:00 AM,7/20/2025 2:00:00 AM,RFC,MIDATL,AE,AECO,1293.286,True
7/20/2025 7:00:00 AM,7/20/2025 3:00:00 AM,RFC,MIDATL,AE,AECO,1270.643,True
7/20/2025 8:00:00 AM,7/20/2025 4:00:00 AM,RFC,MIDATL,AE,AECO,1280.825,True
7/20/2025 9:00:00 AM,7/20/2025 5:00:00 AM,RFC,MIDATL,AE,AECO,1279.437,True
7/20/2025 10:00:00 AM,7/20/2025 6:00:00 AM,RFC,MIDATL,AE,AECO,1279.946,True
7/20/2025 11:00:00 AM,7/20/2025 7:00:00 AM,RFC,MIDATL,AE,AECO,1306.780,True
7/20/2025 12:00:00 PM,7/20/2025 8:00:00 AM,RFC,MIDATL,AE,AECO,1346.945,True
7/20/2025 1:00:00 PM,7/20/2025 9:00:00 AM,RFC,MIDATL,AE,AECO,1410.975,True
7/20/2025 2:00:00 PM,7/20/2025 10:00:00 AM,RFC,MIDATL,AE,AECO,1496.206,True
7/20/2025 3:00:00 PM,7/20/2025 11:00:00 AM,RFC,MIDATL,AE,AECO,1549.922,True
7/20/2025 4:00:00 PM,7/20/2025 12:00:00 PM,RFC,MIDATL,AE,AECO,1658.075,True
7/20/2025 5:00:00 PM,7/20/2025 1:00:00 PM,RFC,MIDATL,AE,AECO,1730.009,True
7/20/2025 6:00:00 PM,7/20/2025 2:00:00 PM,RFC,MIDATL,AE,AECO,1818.798,True
7/20/2025 7:00:00 PM,7/20/2025 3:00:00 PM,RFC,MIDATL,AE,AECO,1873.677,True
7/20/2025 8:00:00 PM,7/20/2025 4:00:00 PM,RFC,MIDATL,AE,AECO,1954.856,True
7/20/2025 9:00:00 PM,7/20/2025 5:00:00 PM,RFC,MIDATL,AE,AECO,2030.664,True
7/20/2025 10:00:00 PM,7/20/2025 6:00:00 PM,RFC,MIDATL,AE,AECO,2025.084,True
7/20/2025 11:00:00 PM,7/20/2025 7:00:00 PM,RFC,MIDATL,AE,AECO,1981.722,True
7/21/2025 12:00:00 AM,7/20/2025 8:00:00 PM,RFC,MIDATL,AE,AECO,1915.063,True
7/21/2025 1:00:00 AM,7/20/2025 9:00:00 PM,RFC,MIDATL,AE,AECO,1742.061,True
7/21/2025 2:00:00 AM,7/20/2025 10:00:00 PM,RFC,MIDATL,AE,AECO,1626.118,True
7/21/2025 3:00:00 AM,7/20/2025 11:00:00 PM,RFC,MIDATL,AE,AECO,1569.242,True
7/21/2025 4:00:00 AM,7/21/2025 12:00:00 AM,RFC,MIDATL,AE,AECO,1461.189,True
7/21/2025 5:00:00 AM,7/21/2025 1:00:00 AM,RFC,MIDATL,AE,AECO,1360.517,True
7/21/2025 6:00:00 AM,7/21/2025 2:00:00 AM,RFC,MIDATL,AE,AECO,1282.682,True
7/21/2025 7:00:00 AM,7/21/2025 3:00:00 AM,RFC,MIDATL,AE,AECO,1223.689,True
7/21/2025 8:00:00 AM,7/21/2025 4:00:00 AM,RFC,MIDATL,AE,AECO,1190.639,True
7/21/2025 9:00:00 AM,7/21/2025 5:00:00 AM,RFC,MIDATL,AE,AECO,1183.259,True
7/21/2025 10:00:00 AM,7/21/2025 6:00:00 AM,RFC,MIDATL,AE,AECO,1201.581,True
7/21/2025 11:00:00 AM,7/21/2025 7:00:00 AM,RFC,MIDATL,AE,AECO,1267.251,True
7/21/2025 12:00:00 PM,7/21/2025 8:00:00 AM,RFC,MIDATL,AE,AECO,1330.847,True
7/21/2025 1:00:00 PM,7/21/2025 9:00:00 AM,RFC,MIDATL,AE,AECO,1362.543,True
7/21/2025 2:00:00 PM,7/21/2025 10:00:00 AM,RFC,MIDATL,AE,AECO,1406.383,True
7/21/2025 3:00:00 PM,7/21/2025 11:00:00 AM,RFC,MIDATL,AE,AECO,1491.148,True
7/21/2025 4:00:00 PM,7/21/2025 12:00:00 PM,RFC,MIDATL,AE,AECO,1575.831,True
7/21/2025 5:00:00 PM,7/21/2025 1:00:00 PM,RFC,MIDATL,AE,AECO,1621.445,True
7/21/2025 6:00:00 PM,7/21/2025 2:00:00 PM,RFC,MIDATL,AE,AECO,1697.916,True
7/21/2025 7:00:00 PM,7/21/2025 3:00:00 PM,RFC,MIDATL,AE,AECO,1812.038,True
7/21/2025 8:00:00 PM,7/21/2025 4:00:00 PM,RFC,MIDATL,AE,AECO,1902.198,True
7/21/2025 9:00:00 PM,7/21/2025 5:00:00 PM,RFC,MIDATL,AE,AECO,1994.536,True
7/21/2025 10:00:00 PM,7/21/2025 6:00:00 PM,RFC,MIDATL,AE,AECO,2019.832,True
7/21/2025 11:00:00 PM,7/21/2025 7:00:00 PM,RFC,MIDATL,AE,AECO,1959.500,True
7/22/2025 12:00:00 AM,7/21/2025 8:00:00 PM,RFC,MIDATL,AE,AECO,1835.491,True
7/22/2025 1:00:00 AM,7/21/2025 9:00:00 PM,RFC,MIDATL,AE,AECO,1708.339,True
7/22/2025 2:00:00 AM,7/21/2025 10:00:00 PM,RFC,MIDATL,AE,AECO,1552.022,True
7/22/2025 3:00:00 AM,7/21/2025 11:00:00 PM,RFC,MIDATL,AE,AECO,1393.717,True
7/22/2025 4:00:00 AM,7/22/2025 12:00:00 AM,RFC,MIDATL,AE,AECO,1259.012,True
7/22/2025 5:00:00 AM,7/22/2025 1:00:00 AM,RFC,MIDATL,AE,AECO,1140.019,True
7/22/2025 6:00:00 AM,7/22/2025 2:00:00 AM,RFC,MIDATL,AE,AECO,1067.232,True
7/22/2025 7:00:00 AM,7/22/2025 3:00:00 AM,RFC,MIDATL,AE,AECO,1023.639,True
7/22/2025 8:00:00 AM,7/22/2025 4:00:00 AM,RFC,MIDATL,AE,AECO,1010.997,True
7/22/2025 9:00:00 AM,7/22/2025 5:00:00 AM,RFC,MIDATL,AE,AECO,1027.475,True
7/22/2025 10:00:00 AM,7/22/2025 6:00:00 AM,RFC,MIDATL,AE,AECO,1053.559,True
7/22/2025 11:00:00 AM,7/22/2025 7:00:00 AM,RFC,MIDATL,AE,AECO,1108.312,True
7/22/2025 12:00:00 PM,7/22/2025 8:00:00 AM,RFC,MIDATL,AE,AECO,1155.585,True
7/22/2025 1:00:00 PM,7/22/2025 9:00:00 AM,RFC,MIDATL,AE,AECO,1207.936,True
7/22/2025 2:00:00 PM,7/22/2025 10:00:00 AM,RFC,MIDATL,AE,AECO,1266.039,True
7/22/2025 3:00:00 PM,7/22/2025 11:00:00 AM,RFC,MIDATL,AE,AECO,1349.852,True
7/22/2025 4:00:00 PM,7/22/2025 12:00:00 PM,RFC,MIDATL,AE,AECO,1453.884,True
7/22/2025 5:00:00 PM,7/22/2025 1:00:00 PM,RFC,MIDATL,AE,AECO,1556.668,True
7/22/2025 6:00:00 PM,7/22/2025 2:00:00 PM,RFC,MIDATL,AE,AECO,1613.208,True
7/22/2025 7:00:00 PM,7/22/2025 3:00:00 PM,RFC,MIDATL,AE,AECO,1670.649,True
7/22/2025 8:00:00 PM,7/22/2025 4:00:00 PM,RFC,MIDATL,AE,AECO,1740.529,True
7/22/2025 9:00:00 PM,7/22/2025 5:00:00 PM,RFC,MIDATL,AE,AECO,1771.461,True
7/22/2025 10:00:00 PM,7/22/2025 6:00:00 PM,RFC,MIDATL,AE,AECO,1754.768,True
7/22/2025 11:00:00 PM,7/22/2025 7:00:00 PM,RFC,MIDATL,AE,AECO,1700.641,True
7/23/2025 12:00:00 AM,7/22/2025 8:00:00 PM,RFC,MIDATL,AE,AECO,1629.508,True
7/23/2025 1:00:00 AM,7/22/2025 9:00:00 PM,RFC,MIDATL,AE,AECO,1543.767,True
7/23/2025 2:00:00 AM,7/22/2025 10:00:00 PM,RFC,MIDATL,AE,AECO,1441.347,True
7/23/2025 3:00:00 AM,7/22/2025 11:00:00 PM,RFC,MIDATL,AE,AECO,1307.087,True
7/23/2025 4:00:00 AM,7/23/2025 12:00:00 AM,RFC,MIDATL,AE,AECO,1184.189,True
7/23/2025 5:00:00 AM,7/23/2025 1:00:00 AM,RFC,MIDATL,AE,AECO,1091.640,True
7/23/2025 6:00:00 AM,7/23/2025 2:00:00 AM,RFC,MIDATL,AE,AECO,1034.778,True
7/23/2025 7:00:00 AM,7/23/2025 3:00:00 AM,RFC,MIDATL,AE,AECO,1003.883,True
7/23/2025 8:00:00 AM,7/23/2025 4:00:00 AM,RFC,MIDATL,AE,AECO,997.817,True
7/23/2025 9:00:00 AM,7/23/2025 5:00:00 AM,RFC,MIDATL,AE,AECO,1025.097,True
7/23/2025 10:00:00 AM,7/23/2025 6:00:00 AM,RFC,MIDATL,AE,AECO,1050.948,True
7/23/2025 11:00:00 AM,7/23/2025 7:00:00 AM,RFC,MIDATL,AE,AECO,1121.522,True
7/23/2025 12:00:00 PM,7/23/2025 8:00:00 AM,RFC,MIDATL,AE,AECO,1181.953,True
7/23/2025 1:00:00 PM,7/23/2025 9:00:00 AM,RFC,MIDATL,AE,AECO,1228.675,True
7/23/2025 2:00:00 PM,7/23/2025 10:00:00 AM,RFC,MIDATL,AE,AECO,1273.820,True
7/23/2025 3:00:00 PM,7/23/2025 11:00:00 AM,RFC,MIDATL,AE,AECO,1282.535,True
7/23/2025 4:00:00 PM,7/23/2025 12:00:00 PM,RFC,MIDATL,AE,AECO,1373.661,True
7/23/2025 5:00:00 PM,7/23/2025 1:00:00 PM,RFC,MIDATL,AE,AECO,1463.782,True
7/23/2025 6:00:00 PM,7/23/2025 2:00:00 PM,RFC,MIDATL,AE,AECO,1524.884,True
7/23/2025 7:00:00 PM,7/23/2025 3:00:00 PM,RFC,MIDATL,AE,AECO,1601.550,True
7/23/2025 8:00:00 PM,7/23/2025 4:00:00 PM,RFC,MIDATL,AE,AECO,1697.836,True
7/23/2025 9:00:00 PM,7/23/2025 5:00:00 PM,RFC,MIDATL,AE,AECO,1797.856,True
7/23/2025 10:00:00 PM,7/23/2025 6:00:00 PM,RFC,MIDATL,AE,AECO,1832.234,True
7/23/2025 11:00:00 PM,7/23/2025 7:00:00 PM,RFC,MIDATL,AE,AECO,1759.620,True
7/24/2025 12:00:00 AM,7/23/2025 8:00:00 PM,RFC,MIDATL,AE,AECO,1620.413,True
7/24/2025 1:00:00 AM,7/23/2025 9:00:00 PM,RFC,MIDATL,AE,AECO,1528.198,True
7/24/2025 2:00:00 AM,7/23/2025 10:00:00 PM,RFC,MIDATL,AE,AECO,1411.803,True
7/24/2025 3:00:00 AM,7/23/2025 11:00:00 PM,RFC,MIDATL,AE,AECO,1269.005,True
7/24/2025 4:00:00 AM,7/24/2025 12:00:00 AM,RFC,MIDATL,AE,AECO,1154.895,True
7/24/2025 5:00:00 AM,7/24/2025 1:00:00 AM,RFC,MIDATL,AE,AECO,1066.226,True
7/24/2025 6:00:00 AM,7/24/2025 2:00:00 AM,RFC,MIDATL,AE,AECO,1007.146,True
7/24/2025 7:00:00 AM,7/24/2025 3:00:00 AM,RFC,MIDATL,AE,AECO,975.319,True
7/24/2025 8:00:00 AM,7/24/2025 4:00:00 AM,RFC,MIDATL,AE,AECO,969.279,True
7/24/2025 9:00:00 AM,7/24/2025 5:00:00 AM,RFC,MIDATL,AE,AECO,987.431,True
7/24/2025 10:00:00 AM,7/24/2025 6:00:00 AM,RFC,MIDATL,AE,AECO,1024.225,True
7/24/2025 11:00:00 AM,7/24/2025 7:00:00 AM,RFC,MIDATL,AE,AECO,1087.296,True
7/24/2025 12:00:00 PM,7/24/2025 8:00:00 AM,RFC,MIDATL,AE,AECO,1150.939,True
7/24/2025 1:00:00 PM,7/24/2025 9:00:00 AM,RFC,MIDATL,AE,AECO,1187.470,True
7/24/2025 2:00:00 PM,7/24/2025 10:00:00 AM,RFC,MIDATL,AE,AECO,1256.474,True
7/24/2025 3:00:00 PM,7/24/2025 11:00:00 AM,RFC,MIDATL,AE,AECO,1326.101,True
7/24/2025 4:00:00 PM,7/24/2025 12:00:00 PM,RFC,MIDATL,AE,AECO,1419.232,True
7/24/2025 5:00:00 PM,7/24/2025 1:00:00 PM,RFC,MIDATL,AE,AECO,1506.907,True
7/24/2025 6:00:00 PM,7/24/2025 2:00:00 PM,RFC,MIDATL,AE,AECO,1612.854,True
7/24/2025 7:00:00 PM,7/24/2025 3:00:00 PM,RFC,MIDATL,AE,AECO,1739.511,True
7/24/2025 8:00:00 PM,7/24/2025 4:00:00 PM,RFC,MIDATL,AE,AECO,1865.202,True
7/24/2025 9:00:00 PM,7/24/2025 5:00:00 PM,RFC,MIDATL,AE,AECO,1983.280,True
7/24/2025 10:00:00 PM,7/24/2025 6:00:00 PM,RFC,MIDATL,AE,AECO,2023.418,True
7/24/2025 11:00:00 PM,7/24/2025 7:00:00 PM,RFC,MIDATL,AE,AECO,1960.615,True
7/25/2025 12:00:00 AM,7/24/2025 8:00:00 PM,RFC,MIDATL,AE,AECO,1838.937,True
7/25/2025 1:00:00 AM,7/24/2025 9:00:00 PM,RFC,MIDATL,AE,AECO,1753.241,True
7/25/2025 2:00:00 AM,7/24/2025 10:00:00 PM,RFC,MIDATL,AE,AECO,1569.862,True
7/25/2025 3:00:00 AM,7/24/2025 11:00:00 PM,RFC,MIDATL,AE,AECO,1454.431,True
7/25/2025 4:00:00 AM,7/25/2025 12:00:00 AM,RFC,MIDATL,AE,AECO,1336.890,True
7/25/2025 5:00:00 AM,7/25/2025 1:00:00 AM,RFC,MIDATL,AE,AECO,1236.248,True
7/25/2025 6:00:00 AM,7/25/2025 2:00:00 AM,RFC,MIDATL,AE,AECO,1165.897,True
7/25/2025 7:00:00 AM,7/25/2025 3:00:00 AM,RFC,MIDATL,AE,AECO,1128.170,True
7/25/2025 8:00:00 AM,7/25/2025 4:00:00 AM,RFC,MIDATL,AE,AECO,1119.101,True
7/25/2025 9:00:00 AM,7/25/2025 5:00:00 AM,RFC,MIDATL,AE,AECO,1144.863,True
7/25/2025 10:00:00 AM,7/25/2025 6:00:00 AM,RFC,MIDATL,AE,AECO,1190.977,True
7/25/2025 11:00:00 AM,7/25/2025 7:00:00 AM,RFC,MIDATL,AE,AECO,1301.134,True
7/25/2025 12:00:00 PM,7/25/2025 8:00:00 AM,RFC,MIDATL,AE,AECO,1437.064,True
7/25/2025 1:00:00 PM,7/25/2025 9:00:00 AM,RFC,MIDATL,AE,AECO,1525.359,True
7/25/2025 2:00:00 PM,7/25/2025 10:00:00 AM,RFC,MIDATL,AE,AECO,1645.103,True
7/25/2025 3:00:00 PM,7/25/2025 11:00:00 AM,RFC,MIDATL,AE,AECO,1799.098,True
7/25/2025 4:00:00 PM,7/25/2025 12:00:00 PM,RFC,MIDATL,AE,AECO,1908.723,True
7/25/2025 5:00:00 PM,7/25/2025 1:00:00 PM,RFC,MIDATL,AE,AECO,2039.573,True
7/25/2025 6:00:00 PM,7/25/2025 2:00:00 PM,RFC,MIDATL,AE,AECO,2173.660,True
7/25/2025 7:00:00 PM,7/25/2025 3:00:00 PM,RFC,MIDATL,AE,AECO,2278.686,True
7/25/2025 8:00:00 PM,7/25/2025 4:00:00 PM,RFC,MIDATL,AE,AECO,2391.576,True
7/25/2025 9:00:00 PM,7/25/2025 5:00:00 PM,RFC,MIDATL,AE,AECO,2494.532,True
7/25/2025 10:00:00 PM,7/25/2025 6:00:00 PM,RFC,MIDATL,AE,AECO,2446.789,True
7/25/2025 11:00:00 PM,7/25/2025 7:00:00 PM,RFC,MIDATL,AE,AECO,2276.965,True
7/26/2025 12:00:00 AM,7/25/2025 8:00:00 PM,RFC,MIDATL,AE,AECO,2149.704,True
7/26/2025 1:00:00 AM,7/25/2025 9:00:00 PM,RFC,MIDATL,AE,AECO,2022.677,True
7/26/2025 2:00:00 AM,7/25/2025 10:00:00 PM,RFC,MIDATL,AE,AECO,1860.704,True
7/26/2025 3:00:00 AM,7/25/2025 11:00:00 PM,RFC,MIDATL,AE,AECO,1681.654,True
7/26/2025 4:00:00 AM,7/26/2025 12:00:00 AM,RFC,MIDATL,AE,AECO,1555.073,True
7/26/2025 5:00:00 AM,7/26/2025 1:00:00 AM,RFC,MIDATL,AE,AECO,1443.900,True
7/26/2025 6:00:00 AM,7/26/2025 2:00:00 AM,RFC,MIDATL,AE,AECO,1366.188,True
7/26/2025 7:00:00 AM,7/26/2025 3:00:00 AM,RFC,MIDATL,AE,AECO,1316.668,True
7/26/2025 8:00:00 AM,7/26/2025 4:00:00 AM,RFC,MIDATL,AE,AECO,1280.907,True
7/26/2025 9:00:00 AM,7/26/2025 5:00:00 AM,RFC,MIDATL,AE,AECO,1263.008,True
7/26/2025 10:00:00 AM,7/26/2025 6:00:00 AM,RFC,MIDATL,AE,AECO,1270.280,True
7/26/2025 11:00:00 AM,7/26/2025 7:00:00 AM,RFC,MIDATL,AE,AECO,1338.186,True
7/26/2025 12:00:00 PM,7/26/2025 8:00:00 AM,RFC,MIDATL,AE,AECO,1433.083,True
7/26/2025 1:00:00 PM,7/26/2025 9:00:00 AM,RFC,MIDATL,AE,AECO,1506.337,True
7/26/2025 2:00:00 PM,7/26/2025 10:00:00 AM,RFC,MIDATL,AE,AECO,1608.433,True
7/26/2025 3:00:00 PM,7/26/2025 11:00:00 AM,RFC,MIDATL,AE,AECO,1641.472,True
7/26/2025 4:00:00 PM,7/26/2025 12:00:00 PM,RFC,MIDATL,AE,AECO,1663.826,True
7/26/2025 5:00:00 PM,7/26/2025 1:00:00 PM,RFC,MIDATL,AE,AECO,1698.000,True
7/26/2025 6:00:00 PM,7/26/2025 2:00:00 PM,RFC,MIDATL,AE,AECO,1746.763,True
7/26/2025 7:00:00 PM,7/26/2025 3:00:00 PM,RFC,MIDATL,AE,AECO,1806.247,True
7/26/2025 8:00:00 PM,7/26/2025 4:00:00 PM,RFC,MIDATL,AE,AECO,1895.705,True
7/26/2025 9:00:00 PM,7/26/2025 5:00:00 PM,RFC,MIDATL,AE,AECO,1936.256,True
7/26/2025 10:00:00 PM,7/26/2025 6:00:00 PM,RFC,MIDATL,AE,AECO,1915.322,True
7/26/2025 11:00:00 PM,7/26/2025 7:00:00 PM,RFC,MIDATL,AE,AECO,1831.424,True
7/27/2025 12:00:00 AM,7/26/2025 8:00:00 PM,RFC,MIDATL,AE,AECO,1750.335,True
7/27/2025 1:00:00 AM,7/26/2025 9:00:00 PM,RFC,MIDATL,AE,AECO,1635.367,True
7/27/2025 2:00:00 AM,7/26/2025 10:00:00 PM,RFC,MIDATL,AE,AECO,1580.878,True
7/27/2025 3:00:00 AM,7/26/2025 11:00:00 PM,RFC,MIDATL,AE,AECO,1457.867,True
7/27/2025 4:00:00 AM,7/27/2025 12:00:00 AM,RFC,MIDATL,AE,AECO,1342.364,True
7/27/2025 5:00:00 AM,7/27/2025 1:00:00 AM,RFC,MIDATL,AE,AECO,1258.792,True
7/27/2025 6:00:00 AM,7/27/2025 2:00:00 AM,RFC,MIDATL,AE,AECO,1199.368,True
7/27/2025 7:00:00 AM,7/27/2025 3:00:00 AM,RFC,MIDATL,AE,AECO,1162.410,True
7/27/2025 8:00:00 AM,7/27/2025 4:00:00 AM,RFC,MIDATL,AE,AECO,1145.109,True
7/27/2025 9:00:00 AM,7/27/2025 5:00:00 AM,RFC,MIDATL,AE,AECO,1133.437,True
7/27/2025 10:00:00 AM,7/27/2025 6:00:00 AM,RFC,MIDATL,AE,AECO,1125.104,True
7/27/2025 11:00:00 AM,7/27/2025 7:00:00 AM,RFC,MIDATL,AE,AECO,1173.092,True
7/27/2025 12:00:00 PM,7/27/2025 8:00:00 AM,RFC,MIDATL,AE,AECO,1278.615,True
7/27/2025 1:00:00 PM,7/27/2025 9:00:00 AM,RFC,MIDATL,AE,AECO,1402.204,True
7/27/2025 2:00:00 PM,7/27/2025 10:00:00 AM,RFC,MIDATL,AE,AECO,1545.239,True
7/27/2025 3:00:00 PM,7/27/2025 11:00:00 AM,RFC,MIDATL,AE,AECO,1614.900,True
7/27/2025 4:00:00 PM,7/27/2025 12:00:00 PM,RFC,MIDATL,AE,AECO,1641.497,True
7/27/2025 5:00:00 PM,7/27/2025 1:00:00 PM,RFC,MIDATL,AE,AECO,1737.229,True
7/27/2025 6:00:00 PM,7/27/2025 2:00:00 PM,RFC,MIDATL,AE,AECO,1877.292,True
7/27/2025 7:00:00 PM,7/27/2025 3:00:00 PM,RFC,MIDATL,AE,AECO,2043.456,True
7/27/2025 8:00:00 PM,7/27/2025 4:00:00 PM,RFC,MIDATL,AE,AECO,2107.578,True
7/27/2025 9:00:00 PM,7/27/2025 5:00:00 PM,RFC,MIDATL,AE,AECO,2046.326,True
7/27/2025 10:00:00 PM,7/27/2025 6:00:00 PM,RFC,MIDATL,AE,AECO,1970.572,True
7/27/2025 11:00:00 PM,7/27/2025 7:00:00 PM,RFC,MIDATL,AE,AECO,1909.902,True
7/28/2025 12:00:00 AM,7/27/2025 8:00:00 PM,RFC,MIDATL,AE,AECO,1855.468,True
7/28/2025 1:00:00 AM,7/27/2025 9:00:00 PM,RFC,MIDATL,AE,AECO,1781.995,True
7/28/2025 2:00:00 AM,7/27/2025 10:00:00 PM,RFC,MIDATL,AE,AECO,1641.720,True
7/28/2025 3:00:00 AM,7/27/2025 11:00:00 PM,RFC,MIDATL,AE,AECO,1524.501,True
7/28/2025 4:00:00 AM,7/28/2025 12:00:00 AM,RFC,MIDATL,AE,AECO,1428.970,True
7/28/2025 5:00:00 AM,7/28/2025 1:00:00 AM,RFC,MIDATL,AE,AECO,1335.023,True
7/28/2025 6:00:00 AM,7/28/2025 2:00:00 AM,RFC,MIDATL,AE,AECO,1273.755,True
7/28/2025 7:00:00 AM,7/28/2025 3:00:00 AM,RFC,MIDATL,AE,AECO,1240.093,True
7/28/2025 8:00:00 AM,7/28/2025 4:00:00 AM,RFC,MIDATL,AE,AECO,1232.484,True
7/28/2025 9:00:00 AM,7/28/2025 5:00:00 AM,RFC,MIDATL,AE,AECO,1251.051,True
7/28/2025 10:00:00 AM,7/28/2025 6:00:00 AM,RFC,MIDATL,AE,AECO,1289.878,True
7/28/2025 11:00:00 AM,7/28/2025 7:00:00 AM,RFC,MIDATL,AE,AECO,1384.363,True
7/28/2025 12:00:00 PM,7/28/2025 8:00:00 AM,RFC,MIDATL,AE,AECO,1492.687,True
7/28/2025 1:00:00 PM,7/28/2025 9:00:00 AM,RFC,MIDATL,AE,AECO,1593.034,True
7/28/2025 2:00:00 PM,7/28/2025 10:00:00 AM,RFC,MIDATL,AE,AECO,1664.145,True
7/28/2025 3:00:00 PM,7/28/2025 11:00:00 AM,RFC,MIDATL,AE,AECO,1805.378,True
7/28/2025 4:00:00 PM,7/28/2025 12:00:00 PM,RFC,MIDATL,AE,AECO,1900.892,True
7/28/2025 5:00:00 PM,7/28/2025 1:00:00 PM,RFC,MIDATL,AE,AECO,1982.286,True
7/28/2025 6:00:00 PM,7/28/2025 2:00:00 PM,RFC,MIDATL,AE,AECO,2067.699,True
7/28/2025 7:00:00 PM,7/28/2025 3:00:00 PM,RFC,MIDATL,AE,AECO,2152.072,True
7/28/2025 8:00:00 PM,7/28/2025 4:00:00 PM,RFC,MIDATL,AE,AECO,2261.819,True
7/28/2025 9:00:00 PM,7/28/2025 5:00:00 PM,RFC,MIDATL,AE,AECO,2347.378,True
7/28/2025 10:00:00 PM,7/28/2025 6:00:00 PM,RFC,MIDATL,AE,AECO,2387.262,True
7/28/2025 11:00:00 PM,7/28/2025 7:00:00 PM,RFC,MIDATL,AE,AECO,2336.182,True
7/29/2025 12:00:00 AM,7/28/2025 8:00:00 PM,RFC,MIDATL,AE,AECO,2225.509,True
7/29/2025 1:00:00 AM,7/28/2025 9:00:00 PM,RFC,MIDATL,AE,AECO,2072.459,True
7/29/2025 2:00:00 AM,7/28/2025 10:00:00 PM,RFC,MIDATL,AE,AECO,1882.830,True
7/29/2025 3:00:00 AM,7/28/2025 11:00:00 PM,RFC,MIDATL,AE,AECO,1663.242,True
7/29/2025 4:00:00 AM,7/29/2025 12:00:00 AM,RFC,MIDATL,AE,AECO,1566.091,True
7/29/2025 5:00:00 AM,7/29/2025 1:00:00 AM,RFC,MIDATL,AE,AECO,1451.693,True
7/29/2025 6:00:00 AM,7/29/2025 2:00:00 AM,RFC,MIDATL,AE,AECO,1368.529,True
7/29/2025 7:00:00 AM,7/29/2025 3:00:00 AM,RFC,MIDATL,AE,AECO,1304.980,True
7/29/2025 8:00:00 AM,7/29/2025 4:00:00 AM,RFC,MIDATL,AE,AECO,1285.013,True
7/29/2025 9:00:00 AM,7/29/2025 5:00:00 AM,RFC,MIDATL,AE,AECO,1297.623,True
7/29/2025 10:00:00 AM,7/29/2025 6:00:00 AM,RFC,MIDATL,AE,AECO,1320.026,True
7/29/2025 11:00:00 AM,7/29/2025 7:00:00 AM,RFC,MIDATL,AE,AECO,1412.008,True
7/29/2025 12:00:00 PM,7/29/2025 8:00:00 AM,RFC,MIDATL,AE,AECO,1534.286,True
7/29/2025 1:00:00 PM,7/29/2025 9:00:00 AM,RFC,MIDATL,AE,AECO,1686.842,True
7/29/2025 2:00:00 PM,7/29/2025 10:00:00 AM,RFC,MIDATL,AE,AECO,1804.233,True
7/29/2025 3:00:00 PM,7/29/2025 11:00:00 AM,RFC,MIDATL,AE,AECO,1928.936,True
7/29/2025 4:00:00 PM,7/29/2025 12:00:00 PM,RFC,MIDATL,AE,AECO,2033.150,True
7/29/2025 5:00:00 PM,7/29/2025 1:00:00 PM,RFC,MIDATL,AE,AECO,2125.786,True
7/29/2025 6:00:00 PM,7/29/2025 2:00:00 PM,RFC,MIDATL,AE,AECO,2228.866,True
7/29/2025 7:00:00 PM,7/29/2025 3:00:00 PM,RFC,MIDATL,AE,AECO,2323.957,True
7/29/2025 8:00:00 PM,7/29/2025 4:00:00 PM,RFC,MIDATL,AE,AECO,2411.356,True
7/29/2025 9:00:00 PM,7/29/2025 5:00:00 PM,RFC,MIDATL,AE,AECO,2492.130,True
7/29/2025 10:00:00 PM,7/29/2025 6:00:00 PM,RFC,MIDATL,AE,AECO,2517.922,True
7/29/2025 11:00:00 PM,7/29/2025 7:00:00 PM,RFC,MIDATL,AE,AECO,2450.695,True
7/30/2025 12:00:00 AM,7/29/2025 8:00:00 PM,RFC,MIDATL,AE,AECO,2337.485,True
7/30/2025 1:00:00 AM,7/29/2025 9:00:00 PM,RFC,MIDATL,AE,AECO,2203.119,True
7/30/2025 2:00:00 AM,7/29/2025 10:00:00 PM,RFC,MIDATL,AE,AECO,2028.256,True
7/30/2025 3:00:00 AM,7/29/2025 11:00:00 PM,RFC,MIDATL,AE,AECO,1786.757,True
7/30/2025 4:00:00 AM,7/30/2025 12:00:00 AM,RFC,MIDATL,AE,AECO,1690.531,True
7/30/2025 5:00:00 AM,7/30/2025 1:00:00 AM,RFC,MIDATL,AE,AECO,1534.946,True
7/30/2025 6:00:00 AM,7/30/2025 2:00:00 AM,RFC,MIDATL,AE,AECO,1454.582,True
7/30/2025 7:00:00 AM,7/30/2025 3:00:00 AM,RFC,MIDATL,AE,AECO,1390.067,True
7/30/2025 8:00:00 AM,7/30/2025 4:00:00 AM,RFC,MIDATL,AE,AECO,1354.430,True
7/30/2025 9:00:00 AM,7/30/2025 5:00:00 AM,RFC,MIDATL,AE,AECO,1360.696,True
7/30/2025 10:00:00 AM,7/30/2025 6:00:00 AM,RFC,MIDATL,AE,AECO,1381.392,True
7/30/2025 11:00:00 AM,7/30/2025 7:00:00 AM,RFC,MIDATL,AE,AECO,1474.868,True
7/30/2025 12:00:00 PM,7/30/2025 8:00:00 AM,RFC,MIDATL,AE,AECO,1612.131,True
7/30/2025 1:00:00 PM,7/30/2025 9:00:00 AM,RFC,MIDATL,AE,AECO,1734.082,True
7/30/2025 2:00:00 PM,7/30/2025 10:00:00 AM,RFC,MIDATL,AE,AECO,1841.101,True
7/30/2025 3:00:00 PM,7/30/2025 11:00:00 AM,RFC,MIDATL,AE,AECO,1973.392,True
7/30/2025 4:00:00 PM,7/30/2025 12:00:00 PM,RFC,MIDATL,AE,AECO,2067.520,True
7/30/2025 5:00:00 PM,7/30/2025 1:00:00 PM,RFC,MIDATL,AE,AECO,2151.564,True
7/30/2025 6:00:00 PM,7/30/2025 2:00:00 PM,RFC,MIDATL,AE,AECO,2244.015,True
7/30/2025 7:00:00 PM,7/30/2025 3:00:00 PM,RFC,MIDATL,AE,AECO,2312.991,True
7/30/2025 8:00:00 PM,7/30/2025 4:00:00 PM,RFC,MIDATL,AE,AECO,2380.597,True
7/30/2025 9:00:00 PM,7/30/2025 5:00:00 PM,RFC,MIDATL,AE,AECO,2468.877,True
7/30/2025 10:00:00 PM,7/30/2025 6:00:00 PM,RFC,MIDATL,AE,AECO,2508.217,True
7/30/2025 11:00:00 PM,7/30/2025 7:00:00 PM,RFC,MIDATL,AE,AECO,2435.143,True
7/31/2025 12:00:00 AM,7/30/2025 8:00:00 PM,RFC,MIDATL,AE,AECO,2321.692,True
7/31/2025 1:00:00 AM,7/30/2025 9:00:00 PM,RFC,MIDATL,AE,AECO,2166.960,True
7/31/2025 2:00:00 AM,7/30/2025 10:00:00 PM,RFC,MIDATL,AE,AECO,1973.722,True
7/31/2025 3:00:00 AM,7/30/2025 11:00:00 PM,RFC,MIDATL,AE,AECO,1795.394,True
7/31/2025 4:00:00 AM,7/31/2025 12:00:00 AM,RFC,MIDATL,AE,AECO,1622.243,True
7/31/2025 5:00:00 AM,7/31/2025 1:00:00 AM,RFC,MIDATL,AE,AECO,1536.252,True
7/31/2025 6:00:00 AM,7/31/2025 2:00:00 AM,RFC,MIDATL,AE,AECO,1443.897,True
7/31/2025 7:00:00 AM,7/31/2025 3:00:00 AM,RFC,MIDATL,AE,AECO,1386.682,True
7/31/2025 8:00:00 AM,7/31/2025 4:00:00 AM,RFC,MIDATL,AE,AECO,1349.125,True
7/31/2025 9:00:00 AM,7/31/2025 5:00:00 AM,RFC,MIDATL,AE,AECO,1354.103,True
7/31/2025 10:00:00 AM,7/31/2025 6:00:00 AM,RFC,MIDATL,AE,AECO,1373.124,True
7/31/2025 11:00:00 AM,7/31/2025 7:00:00 AM,RFC,MIDATL,AE,AECO,1460.837,True
7/31/2025 12:00:00 PM,7/31/2025 8:00:00 AM,RFC,MIDATL,AE,AECO,1574.415,True
7/31/2025 1:00:00 PM,7/31/2025 9:00:00 AM,RFC,MIDATL,AE,AECO,1689.836,True
7/31/2025 2:00:00 PM,7/31/2025 10:00:00 AM,RFC,MIDATL,AE,AECO,1819.055,True
7/31/2025 3:00:00 PM,7/31/2025 11:00:00 AM,RFC,MIDATL,AE,AECO,1928.020,True
7/31/2025 4:00:00 PM,7/31/2025 12:00:00 PM,RFC,MIDATL,AE,AECO,2013.247,True
7/31/2025 5:00:00 PM,7/31/2025 1:00:00 PM,RFC,MIDATL,AE,AECO,2131.244,True
7/31/2025 6:00:00 PM,7/31/2025 2:00:00 PM,RFC,MIDATL,AE,AECO,2299.727,True
7/31/2025 7:00:00 PM,7/31/2025 3:00:00 PM,RFC,MIDATL,AE,AECO,2221.764,True
7/31/2025 8:00:00 PM,7/31/2025 4:00:00 PM,RFC,MIDATL,AE,AECO,2093.800,True
7/31/2025 9:00:00 PM,7/31/2025 5:00:00 PM,RFC,MIDATL,AE,AECO,2002.060,True
7/31/2025 10:00:00 PM,7/31/2025 6:00:00 PM,RFC,MIDATL,AE,AECO,1851.621,True
7/31/2025 11:00:00 PM,7/31/2025 7:00:00 PM,RFC,MIDATL,AE,AECO,1708.239,True
8/1/2025 12:00:00 AM,7/31/2025 8:00:00 PM,RFC,MIDATL,AE,AECO,1693.921,True
8/1/2025 1:00:00 AM,7/31/2025 9:00:00 PM,RFC,MIDATL,AE,AECO,1633.022,True
8/1/2025 2:00:00 AM,7/31/2025 10:00:00 PM,RFC,MIDATL,AE,AECO,1517.670,True
8/1/2025 3:00:00 AM,7/31/2025 11:00:00 PM,RFC,MIDATL,AE,AECO,1390.960,True
8/1/2025 4:00:00 AM,8/1/2025 12:00:00 AM,RFC,MIDATL,AE,AECO,1283.830,True
8/1/2025 5:00:00 AM,8/1/2025 1:00:00 AM,RFC,MIDATL,AE,AECO,1188.301,True
8/1/2025 6:00:00 AM,8/1/2025 2:00:00 AM,RFC,MIDATL,AE,AECO,1134.984,True
8/1/2025 7:00:00 AM,8/1/2025 3:00:00 AM,RFC,MIDATL,AE,AECO,1090.719,True
8/1/2025 8:00:00 AM,8/1/2025 4:00:00 AM,RFC,MIDATL,AE,AECO,1068.871,True
8/1/2025 9:00:00 AM,8/1/2025 5:00:00 AM,RFC,MIDATL,AE,AECO,1080.918,True
8/1/2025 10:00:00 AM,8/1/2025 6:00:00 AM,RFC,MIDATL,AE,AECO,1103.981,True
8/1/2025 11:00:00 AM,8/1/2025 7:00:00 AM,RFC,MIDATL,AE,AECO,1141.702,True
8/1/2025 12:00:00 PM,8/1/2025 8:00:00 AM,RFC,MIDATL,AE,AECO,1179.508,True
8/1/2025 1:00:00 PM,8/1/2025 9:00:00 AM,RFC,MIDATL,AE,AECO,1195.607,True
8/1/2025 2:00:00 PM,8/1/2025 10:00:00 AM,RFC,MIDATL,AE,AECO,1212.505,True
8/1/2025 3:00:00 PM,8/1/2025 11:00:00 AM,RFC,MIDATL,AE,AECO,1231.961,True
8/1/2025 4:00:00 PM,8/1/2025 12:00:00 PM,RFC,MIDATL,AE,AECO,1246.730,True
8/1/2025 5:00:00 PM,8/1/2025 1:00:00 PM,RFC,MIDATL,AE,AECO,1246.108,True
8/1/2025 6:00:00 PM,8/1/2025 2:00:00 PM,RFC,MIDATL,AE,AECO,1232.802,True
8/1/2025 7:00:00 PM,8/1/2025 3:00:00 PM,RFC,MIDATL,AE,AECO,1231.214,True
8/1/2025 8:00:00 PM,8/1/2025 4:00:00 PM,RFC,MIDATL,AE,AECO,1257.390,True
8/1/2025 9:00:00 PM,8/1/2025 5:00:00 PM,RFC,MIDATL,AE,AECO,1258.318,True
8/1/2025 10:00:00 PM,8/1/2025 6:00:00 PM,RFC,MIDATL,AE,AECO,1266.118,True
8/1/2025 11:00:00 PM,8/1/2025 7:00:00 PM,RFC,MIDATL,AE,AECO,1273.518,True
8/2/2025 12:00:00 AM,8/1/2025 8:00:00 PM,RFC,MIDATL,AE,AECO,1281.492,True
8/2/2025 1:00:00 AM,8/1/2025 9:00:00 PM,RFC,MIDATL,AE,AECO,1262.262,True
8/2/2025 2:00:00 AM,8/1/2025 10:00:00 PM,RFC,MIDATL,AE,AECO,1189.547,True
8/2/2025 3:00:00 AM,8/1/2025 11:00:00 PM,RFC,MIDATL,AE,AECO,1107.774,True
8/2/2025 4:00:00 AM,8/2/2025 12:00:00 AM,RFC,MIDATL,AE,AECO,1017.231,True
8/2/2025 5:00:00 AM,8/2/2025 1:00:00 AM,RFC,MIDATL,AE,AECO,944.020,True
8/2/2025 6:00:00 AM,8/2/2025 2:00:00 AM,RFC,MIDATL,AE,AECO,891.455,True
8/2/2025 7:00:00 AM,8/2/2025 3:00:00 AM,RFC,MIDATL,AE,AECO,869.382,True
8/2/2025 8:00:00 AM,8/2/2025 4:00:00 AM,RFC,MIDATL,AE,AECO,858.759,True
8/2/2025 9:00:00 AM,8/2/2025 5:00:00 AM,RFC,MIDATL,AE,AECO,859.201,True
8/2/2025 10:00:00 AM,8/2/2025 6:00:00 AM,RFC,MIDATL,AE,AECO,861.879,True
8/2/2025 11:00:00 AM,8/2/2025 7:00:00 AM,RFC,MIDATL,AE,AECO,895.068,True
8/2/2025 12:00:00 PM,8/2/2025 8:00:00 AM,RFC,MIDATL,AE,AECO,915.073,True
8/2/2025 1:00:00 PM,8/2/2025 9:00:00 AM,RFC,MIDATL,AE,AECO,930.728,True
8/2/2025 2:00:00 PM,8/2/2025 10:00:00 AM,RFC,MIDATL,AE,AECO,946.560,True
8/2/2025 3:00:00 PM,8/2/2025 11:00:00 AM,RFC,MIDATL,AE,AECO,1037.477,True
8/2/2025 4:00:00 PM,8/2/2025 12:00:00 PM,RFC,MIDATL,AE,AECO,1113.242,True
8/2/2025 5:00:00 PM,8/2/2025 1:00:00 PM,RFC,MIDATL,AE,AECO,1143.232,True
8/2/2025 6:00:00 PM,8/2/2025 2:00:00 PM,RFC,MIDATL,AE,AECO,1215.142,True
8/2/2025 7:00:00 PM,8/2/2025 3:00:00 PM,RFC,MIDATL,AE,AECO,1315.878,True
8/2/2025 8:00:00 PM,8/2/2025 4:00:00 PM,RFC,MIDATL,AE,AECO,1401.436,True
8/2/2025 9:00:00 PM,8/2/2025 5:00:00 PM,RFC,MIDATL,AE,AECO,1472.511,True
8/2/2025 10:00:00 PM,8/2/2025 6:00:00 PM,RFC,MIDATL,AE,AECO,1521.515,True
8/2/2025 11:00:00 PM,8/2/2025 7:00:00 PM,RFC,MIDATL,AE,AECO,1469.458,True
8/3/2025 12:00:00 AM,8/2/2025 8:00:00 PM,RFC,MIDATL,AE,AECO,1389.508,True
8/3/2025 1:00:00 AM,8/2/2025 9:00:00 PM,RFC,MIDATL,AE,AECO,1334.491,True
8/3/2025 2:00:00 AM,8/2/2025 10:00:00 PM,RFC,MIDATL,AE,AECO,1233.890,True
8/3/2025 3:00:00 AM,8/2/2025 11:00:00 PM,RFC,MIDATL,AE,AECO,1125.403,True
8/3/2025 4:00:00 AM,8/3/2025 12:00:00 AM,RFC,MIDATL,AE,AECO,1028.322,True
8/3/2025 5:00:00 AM,8/3/2025 1:00:00 AM,RFC,MIDATL,AE,AECO,948.553,True
8/3/2025 6:00:00 AM,8/3/2025 2:00:00 AM,RFC,MIDATL,AE,AECO,896.631,True
8/3/2025 7:00:00 AM,8/3/2025 3:00:00 AM,RFC,MIDATL,AE,AECO,864.264,True
8/3/2025 8:00:00 AM,8/3/2025 4:00:00 AM,RFC,MIDATL,AE,AECO,851.603,True
8/3/2025 9:00:00 AM,8/3/2025 5:00:00 AM,RFC,MIDATL,AE,AECO,854.915,True
8/3/2025 10:00:00 AM,8/3/2025 6:00:00 AM,RFC,MIDATL,AE,AECO,836.970,True
8/3/2025 11:00:00 AM,8/3/2025 7:00:00 AM,RFC,MIDATL,AE,AECO,862.965,True
8/3/2025 12:00:00 PM,8/3/2025 8:00:00 AM,RFC,MIDATL,AE,AECO,886.986,True
8/3/2025 1:00:00 PM,8/3/2025 9:00:00 AM,RFC,MIDATL,AE,AECO,897.728,True
8/3/2025 2:00:00 PM,8/3/2025 10:00:00 AM,RFC,MIDATL,AE,AECO,922.570,True
8/3/2025 3:00:00 PM,8/3/2025 11:00:00 AM,RFC,MIDATL,AE,AECO,980.531,True
8/3/2025 4:00:00 PM,8/3/2025 12:00:00 PM,RFC,MIDATL,AE,AECO,1025.572,True
8/3/2025 5:00:00 PM,8/3/2025 1:00:00 PM,RFC,MIDATL,AE,AECO,1095.272,True
8/3/2025 6:00:00 PM,8/3/2025 2:00:00 PM,RFC,MIDATL,AE,AECO,1179.038,True
8/3/2025 7:00:00 PM,8/3/2025 3:00:00 PM,RFC,MIDATL,AE,AECO,1300.669,True
8/3/2025 8:00:00 PM,8/3/2025 4:00:00 PM,RFC,MIDATL,AE,AECO,1448.165,True
8/3/2025 9:00:00 PM,8/3/2025 5:00:00 PM,RFC,MIDATL,AE,AECO,1566.004,True
8/3/2025 10:00:00 PM,8/3/2025 6:00:00 PM,RFC,MIDATL,AE,AECO,1610.432,True
8/3/2025 11:00:00 PM,8/3/2025 7:00:00 PM,RFC,MIDATL,AE,AECO,1540.735,True
8/4/2025 12:00:00 AM,8/3/2025 8:00:00 PM,RFC,MIDATL,AE,AECO,1457.447,True
8/4/2025 1:00:00 AM,8/3/2025 9:00:00 PM,RFC,MIDATL,AE,AECO,1367.220,True
8/4/2025 2:00:00 AM,8/3/2025 10:00:00 PM,RFC,MIDATL,AE,AECO,1246.734,True
8/4/2025 3:00:00 AM,8/3/2025 11:00:00 PM,RFC,MIDATL,AE,AECO,1117.567,True
8/4/2025 4:00:00 AM,8/4/2025 12:00:00 AM,RFC,MIDATL,AE,AECO,1011.084,True
8/4/2025 5:00:00 AM,8/4/2025 1:00:00 AM,RFC,MIDATL,AE,AECO,932.282,True
8/4/2025 6:00:00 AM,8/4/2025 2:00:00 AM,RFC,MIDATL,AE,AECO,884.433,True
8/4/2025 7:00:00 AM,8/4/2025 3:00:00 AM,RFC,MIDATL,AE,AECO,863.483,True
8/4/2025 8:00:00 AM,8/4/2025 4:00:00 AM,RFC,MIDATL,AE,AECO,864.442,True
8/4/2025 9:00:00 AM,8/4/2025 5:00:00 AM,RFC,MIDATL,AE,AECO,896.856,True
8/4/2025 10:00:00 AM,8/4/2025 6:00:00 AM,RFC,MIDATL,AE,AECO,916.398,True
8/4/2025 11:00:00 AM,8/4/2025 7:00:00 AM,RFC,MIDATL,AE,AECO,951.543,True
8/4/2025 12:00:00 PM,8/4/2025 8:00:00 AM,RFC,MIDATL,AE,AECO,978.687,True
8/4/2025 1:00:00 PM,8/4/2025 9:00:00 AM,RFC,MIDATL,AE,AECO,992.493,True
8/4/2025 2:00:00 PM,8/4/2025 10:00:00 AM,RFC,MIDATL,AE,AECO,1019.002,True
8/4/2025 3:00:00 PM,8/4/2025 11:00:00 AM,RFC,MIDATL,AE,AECO,1086.260,True
8/4/2025 4:00:00 PM,8/4/2025 12:00:00 PM,RFC,MIDATL,AE,AECO,1181.761,True
8/4/2025 5:00:00 PM,8/4/2025 1:00:00 PM,RFC,MIDATL,AE,AECO,1293.962,True
8/4/2025 6:00:00 PM,8/4/2025 2:00:00 PM,RFC,MIDATL,AE,AECO,1433.835,True
8/4/2025 7:00:00 PM,8/4/2025 3:00:00 PM,RFC,MIDATL,AE,AECO,1592.267,True
8/4/2025 8:00:00 PM,8/4/2025 4:00:00 PM,RFC,MIDATL,AE,AECO,1670.182,True
8/4/2025 9:00:00 PM,8/4/2025 5:00:00 PM,RFC,MIDATL,AE,AECO,1796.981,True
8/4/2025 10:00:00 PM,8/4/2025 6:00:00 PM,RFC,MIDATL,AE,AECO,1834.709,True
8/4/2025 11:00:00 PM,8/4/2025 7:00:00 PM,RFC,MIDATL,AE,AECO,1751.738,True
8/5/2025 12:00:00 AM,8/4/2025 8:00:00 PM,RFC,MIDATL,AE,AECO,1635.972,True
8/5/2025 1:00:00 AM,8/4/2025 9:00:00 PM,RFC,MIDATL,AE,AECO,1543.260,True
8/5/2025 2:00:00 AM,8/4/2025 10:00:00 PM,RFC,MIDATL,AE,AECO,1401.885,True
8/5/2025 3:00:00 AM,8/4/2025 11:00:00 PM,RFC,MIDATL,AE,AECO,1252.720,True
8/5/2025 4:00:00 AM,8/5/2025 12:00:00 AM,RFC,MIDATL,AE,AECO,1135.810,True
8/5/2025 5:00:00 AM,8/5/2025 1:00:00 AM,RFC,MIDATL,AE,AECO,1053.999,True
8/5/2025 6:00:00 AM,8/5/2025 2:00:00 AM,RFC,MIDATL,AE,AECO,994.943,True
8/5/2025 7:00:00 AM,8/5/2025 3:00:00 AM,RFC,MIDATL,AE,AECO,957.446,True
8/5/2025 8:00:00 AM,8/5/2025 4:00:00 AM,RFC,MIDATL,AE,AECO,949.643,True
8/5/2025 9:00:00 AM,8/5/2025 5:00:00 AM,RFC,MIDATL,AE,AECO,971.436,True
8/5/2025 10:00:00 AM,8/5/2025 6:00:00 AM,RFC,MIDATL,AE,AECO,1001.215,True
8/5/2025 11:00:00 AM,8/5/2025 7:00:00 AM,RFC,MIDATL,AE,AECO,1041.623,True
8/5/2025 12:00:00 PM,8/5/2025 8:00:00 AM,RFC,MIDATL,AE,AECO,1089.720,True
8/5/2025 1:00:00 PM,8/5/2025 9:00:00 AM,RFC,MIDATL,AE,AECO,1156.167,True
8/5/2025 2:00:00 PM,8/5/2025 10:00:00 AM,RFC,MIDATL,AE,AECO,1230.252,True
8/5/2025 3:00:00 PM,8/5/2025 11:00:00 AM,RFC,MIDATL,AE,AECO,1273.898,True
8/5/2025 4:00:00 PM,8/5/2025 12:00:00 PM,RFC,MIDATL,AE,AECO,1328.856,True
8/5/2025 5:00:00 PM,8/5/2025 1:00:00 PM,RFC,MIDATL,AE,AECO,1424.349,True
8/5/2025 6:00:00 PM,8/5/2025 2:00:00 PM,RFC,MIDATL,AE,AECO,1401.866,True
8/5/2025 7:00:00 PM,8/5/2025 3:00:00 PM,RFC,MIDATL,AE,AECO,1524.242,True
8/5/2025 8:00:00 PM,8/5/2025 4:00:00 PM,RFC,MIDATL,AE,AECO,1582.097,True
8/5/2025 9:00:00 PM,8/5/2025 5:00:00 PM,RFC,MIDATL,AE,AECO,1648.286,True
8/5/2025 10:00:00 PM,8/5/2025 6:00:00 PM,RFC,MIDATL,AE,AECO,1620.756,True
8/5/2025 11:00:00 PM,8/5/2025 7:00:00 PM,RFC,MIDATL,AE,AECO,1579.059,True
8/6/2025 12:00:00 AM,8/5/2025 8:00:00 PM,RFC,MIDATL,AE,AECO,1554.526,True
8/6/2025 1:00:00 AM,8/5/2025 9:00:00 PM,RFC,MIDATL,AE,AECO,1489.783,True
8/6/2025 2:00:00 AM,8/5/2025 10:00:00 PM,RFC,MIDATL,AE,AECO,1380.078,True
8/6/2025 3:00:00 AM,8/5/2025 11:00:00 PM,RFC,MIDATL,AE,AECO,1261.818,True
8/6/2025 4:00:00 AM,8/6/2025 12:00:00 AM,RFC,MIDATL,AE,AECO,1160.208,True
8/6/2025 5:00:00 AM,8/6/2025 1:00:00 AM,RFC,MIDATL,AE,AECO,1092.172,True
8/6/2025 6:00:00 AM,8/6/2025 2:00:00 AM,RFC,MIDATL,AE,AECO,1042.080,True
8/6/2025 7:00:00 AM,8/6/2025 3:00:00 AM,RFC,MIDATL,AE,AECO,1012.449,True
8/6/2025 8:00:00 AM,8/6/2025 4:00:00 AM,RFC,MIDATL,AE,AECO,1021.878,True
8/6/2025 9:00:00 AM,8/6/2025 5:00:00 AM,RFC,MIDATL,AE,AECO,1043.508,True
8/6/2025 10:00:00 AM,8/6/2025 6:00:00 AM,RFC,MIDATL,AE,AECO,1092.387,True
8/6/2025 11:00:00 AM,8/6/2025 7:00:00 AM,RFC,MIDATL,AE,AECO,1144.223,True
8/6/2025 12:00:00 PM,8/6/2025 8:00:00 AM,RFC,MIDATL,AE,AECO,1187.084,True
8/6/2025 1:00:00 PM,8/6/2025 9:00:00 AM,RFC,MIDATL,AE,AECO,1211.300,True
8/6/2025 2:00:00 PM,8/6/2025 10:00:00 AM,RFC,MIDATL,AE,AECO,1308.044,True
8/6/2025 3:00:00 PM,8/6/2025 11:00:00 AM,RFC,MIDATL,AE,AECO,1334.754,True
8/6/2025 4:00:00 PM,8/6/2025 12:00:00 PM,RFC,MIDATL,AE,AECO,1384.881,True
8/6/2025 5:00:00 PM,8/6/2025 1:00:00 PM,RFC,MIDATL,AE,AECO,1440.198,True
8/6/2025 6:00:00 PM,8/6/2025 2:00:00 PM,RFC,MIDATL,AE,AECO,1472.356,True
8/6/2025 7:00:00 PM,8/6/2025 3:00:00 PM,RFC,MIDATL,AE,AECO,1461.128,True
8/6/2025 8:00:00 PM,8/6/2025 4:00:00 PM,RFC,MIDATL,AE,AECO,1457.035,True
8/6/2025 9:00:00 PM,8/6/2025 5:00:00 PM,RFC,MIDATL,AE,AECO,1461.755,True
8/6/2025 10:00:00 PM,8/6/2025 6:00:00 PM,RFC,MIDATL,AE,AECO,1447.682,True
8/6/2025 11:00:00 PM,8/6/2025 7:00:00 PM,RFC,MIDATL,AE,AECO,1425.760,True
8/7/2025 12:00:00 AM,8/6/2025 8:00:00 PM,RFC,MIDATL,AE,AECO,1411.015,True
8/7/2025 1:00:00 AM,8/6/2025 9:00:00 PM,RFC,MIDATL,AE,AECO,1367.864,True
8/7/2025 2:00:00 AM,8/6/2025 10:00:00 PM,RFC,MIDATL,AE,AECO,1266.249,True
8/7/2025 3:00:00 AM,8/6/2025 11:00:00 PM,RFC,MIDATL,AE,AECO,1159.818,True
8/7/2025 4:00:00 AM,8/7/2025 12:00:00 AM,RFC,MIDATL,AE,AECO,1076.604,True
8/7/2025 5:00:00 AM,8/7/2025 1:00:00 AM,RFC,MIDATL,AE,AECO,1009.839,True
8/7/2025 6:00:00 AM,8/7/2025 2:00:00 AM,RFC,MIDATL,AE,AECO,967.629,True
8/7/2025 7:00:00 AM,8/7/2025 3:00:00 AM,RFC,MIDATL,AE,AECO,947.859,True
8/7/2025 8:00:00 AM,8/7/2025 4:00:00 AM,RFC,MIDATL,AE,AECO,955.596,True
8/7/2025 9:00:00 AM,8/7/2025 5:00:00 AM,RFC,MIDATL,AE,AECO,987.953,True
8/7/2025 10:00:00 AM,8/7/2025 6:00:00 AM,RFC,MIDATL,AE,AECO,1016.938,True
8/7/2025 11:00:00 AM,8/7/2025 7:00:00 AM,RFC,MIDATL,AE,AECO,1062.589,True
8/7/2025 12:00:00 PM,8/7/2025 8:00:00 AM,RFC,MIDATL,AE,AECO,1102.482,True
8/7/2025 1:00:00 PM,8/7/2025 9:00:00 AM,RFC,MIDATL,AE,AECO,1131.728,True
8/7/2025 2:00:00 PM,8/7/2025 10:00:00 AM,RFC,MIDATL,AE,AECO,1189.276,True
8/7/2025 3:00:00 PM,8/7/2025 11:00:00 AM,RFC,MIDATL,AE,AECO,1225.316,True
8/7/2025 4:00:00 PM,8/7/2025 12:00:00 PM,RFC,MIDATL,AE,AECO,1278.732,True
8/7/2025 5:00:00 PM,8/7/2025 1:00:00 PM,RFC,MIDATL,AE,AECO,1329.018,True
8/7/2025 6:00:00 PM,8/7/2025 2:00:00 PM,RFC,MIDATL,AE,AECO,1393.523,True
8/7/2025 7:00:00 PM,8/7/2025 3:00:00 PM,RFC,MIDATL,AE,AECO,1461.577,True
8/7/2025 8:00:00 PM,8/7/2025 4:00:00 PM,RFC,MIDATL,AE,AECO,1556.015,True
8/7/2025 9:00:00 PM,8/7/2025 5:00:00 PM,RFC,MIDATL,AE,AECO,1635.212,True
8/7/2025 10:00:00 PM,8/7/2025 6:00:00 PM,RFC,MIDATL,AE,AECO,1639.984,True
8/7/2025 11:00:00 PM,8/7/2025 7:00:00 PM,RFC,MIDATL,AE,AECO,1563.361,True
8/8/2025 12:00:00 AM,8/7/2025 8:00:00 PM,RFC,MIDATL,AE,AECO,1479.870,True
8/8/2025 1:00:00 AM,8/7/2025 9:00:00 PM,RFC,MIDATL,AE,AECO,1412.567,True
8/8/2025 2:00:00 AM,8/7/2025 10:00:00 PM,RFC,MIDATL,AE,AECO,1298.918,True
8/8/2025 3:00:00 AM,8/7/2025 11:00:00 PM,RFC,MIDATL,AE,AECO,1167.762,True
8/8/2025 4:00:00 AM,8/8/2025 12:00:00 AM,RFC,MIDATL,AE,AECO,1055.395,True
8/8/2025 5:00:00 AM,8/8/2025 1:00:00 AM,RFC,MIDATL,AE,AECO,979.158,True
8/8/2025 6:00:00 AM,8/8/2025 2:00:00 AM,RFC,MIDATL,AE,AECO,930.414,True
8/8/2025 7:00:00 AM,8/8/2025 3:00:00 AM,RFC,MIDATL,AE,AECO,905.486,True
8/8/2025 8:00:00 AM,8/8/2025 4:00:00 AM,RFC,MIDATL,AE,AECO,894.692,True
8/8/2025 9:00:00 AM,8/8/2025 5:00:00 AM,RFC,MIDATL,AE,AECO,919.267,True
8/8/2025 10:00:00 AM,8/8/2025 6:00:00 AM,RFC,MIDATL,AE,AECO,946.198,True
8/8/2025 11:00:00 AM,8/8/2025 7:00:00 AM,RFC,MIDATL,AE,AECO,983.162,True
8/8/2025 12:00:00 PM,8/8/2025 8:00:00 AM,RFC,MIDATL,AE,AECO,1024.793,True
8/8/2025 1:00:00 PM,8/8/2025 9:00:00 AM,RFC,MIDATL,AE,AECO,1032.919,True
8/8/2025 2:00:00 PM,8/8/2025 10:00:00 AM,RFC,MIDATL,AE,AECO,1073.587,True
8/8/2025 3:00:00 PM,8/8/2025 11:00:00 AM,RFC,MIDATL,AE,AECO,1105.360,True
8/8/2025 4:00:00 PM,8/8/2025 12:00:00 PM,RFC,MIDATL,AE,AECO,1161.205,True
8/8/2025 5:00:00 PM,8/8/2025 1:00:00 PM,RFC,MIDATL,AE,AECO,1250.188,True
8/8/2025 6:00:00 PM,8/8/2025 2:00:00 PM,RFC,MIDATL,AE,AECO,1320.108,True
8/8/2025 7:00:00 PM,8/8/2025 3:00:00 PM,RFC,MIDATL,AE,AECO,1385.935,True
8/8/2025 8:00:00 PM,8/8/2025 4:00:00 PM,RFC,MIDATL,AE,AECO,1478.979,True
8/8/2025 9:00:00 PM,8/8/2025 5:00:00 PM,RFC,MIDATL,AE,AECO,1567.800,True
8/8/2025 10:00:00 PM,8/8/2025 6:00:00 PM,RFC,MIDATL,AE,AECO,1596.549,True
8/8/2025 11:00:00 PM,8/8/2025 7:00:00 PM,RFC,MIDATL,AE,AECO,1515.655,True
8/9/2025 12:00:00 AM,8/8/2025 8:00:00 PM,RFC,MIDATL,AE,AECO,1440.325,True
8/9/2025 1:00:00 AM,8/8/2025 9:00:00 PM,RFC,MIDATL,AE,AECO,1357.091,True
8/9/2025 2:00:00 AM,8/8/2025 10:00:00 PM,RFC,MIDATL,AE,AECO,1242.344,True
8/9/2025 3:00:00 AM,8/8/2025 11:00:00 PM,RFC,MIDATL,AE,AECO,1130.497,True
8/9/2025 4:00:00 AM,8/9/2025 12:00:00 AM,RFC,MIDATL,AE,AECO,1021.767,True
8/9/2025 5:00:00 AM,8/9/2025 1:00:00 AM,RFC,MIDATL,AE,AECO,933.684,True
8/9/2025 6:00:00 AM,8/9/2025 2:00:00 AM,RFC,MIDATL,AE,AECO,887.144,True
8/9/2025 7:00:00 AM,8/9/2025 3:00:00 AM,RFC,MIDATL,AE,AECO,853.349,True
8/9/2025 8:00:00 AM,8/9/2025 4:00:00 AM,RFC,MIDATL,AE,AECO,843.750,True
8/9/2025 9:00:00 AM,8/9/2025 5:00:00 AM,RFC,MIDATL,AE,AECO,846.561,True
8/9/2025 10:00:00 AM,8/9/2025 6:00:00 AM,RFC,MIDATL,AE,AECO,849.188,True
8/9/2025 11:00:00 AM,8/9/2025 7:00:00 AM,RFC,MIDATL,AE,AECO,873.829,True
8/9/2025 12:00:00 PM,8/9/2025 8:00:00 AM,RFC,MIDATL,AE,AECO,890.182,True
8/9/2025 1:00:00 PM,8/9/2025 9:00:00 AM,RFC,MIDATL,AE,AECO,884.409,True
8/9/2025 2:00:00 PM,8/9/2025 10:00:00 AM,RFC,MIDATL,AE,AECO,885.996,True
8/9/2025 3:00:00 PM,8/9/2025 11:00:00 AM,RFC,MIDATL,AE,AECO,923.941,True
8/9/2025 4:00:00 PM,8/9/2025 12:00:00 PM,RFC,MIDATL,AE,AECO,957.337,True
8/9/2025 5:00:00 PM,8/9/2025 1:00:00 PM,RFC,MIDATL,AE,AECO,1007.630,True
8/9/2025 6:00:00 PM,8/9/2025 2:00:00 PM,RFC,MIDATL,AE,AECO,1112.382,True
8/9/2025 7:00:00 PM,8/9/2025 3:00:00 PM,RFC,MIDATL,AE,AECO,1244.491,True
8/9/2025 8:00:00 PM,8/9/2025 4:00:00 PM,RFC,MIDATL,AE,AECO,1405.093,True
8/9/2025 9:00:00 PM,8/9/2025 5:00:00 PM,RFC,MIDATL,AE,AECO,1559.434,True
8/9/2025 10:00:00 PM,8/9/2025 6:00:00 PM,RFC,MIDATL,AE,AECO,1626.766,True
8/9/2025 11:00:00 PM,8/9/2025 7:00:00 PM,RFC,MIDATL,AE,AECO,1551.459,True
8/10/2025 12:00:00 AM,8/9/2025 8:00:00 PM,RFC,MIDATL,AE,AECO,1473.631,True
8/10/2025 1:00:00 AM,8/9/2025 9:00:00 PM,RFC,MIDATL,AE,AECO,1370.392,True
8/10/2025 2:00:00 AM,8/9/2025 10:00:00 PM,RFC,MIDATL,AE,AECO,1259.950,True
8/10/2025 3:00:00 AM,8/9/2025 11:00:00 PM,RFC,MIDATL,AE,AECO,1139.785,True
8/10/2025 4:00:00 AM,8/10/2025 12:00:00 AM,RFC,MIDATL,AE,AECO,1038.406,True
8/10/2025 5:00:00 AM,8/10/2025 1:00:00 AM,RFC,MIDATL,AE,AECO,953.259,True
8/10/2025 6:00:00 AM,8/10/2025 2:00:00 AM,RFC,MIDATL,AE,AECO,901.534,True
8/10/2025 7:00:00 AM,8/10/2025 3:00:00 AM,RFC,MIDATL,AE,AECO,874.812,True
8/10/2025 8:00:00 AM,8/10/2025 4:00:00 AM,RFC,MIDATL,AE,AECO,865.632,True
8/10/2025 9:00:00 AM,8/10/2025 5:00:00 AM,RFC,MIDATL,AE,AECO,861.182,True
8/10/2025 10:00:00 AM,8/10/2025 6:00:00 AM,RFC,MIDATL,AE,AECO,858.274,True
8/10/2025 11:00:00 AM,8/10/2025 7:00:00 AM,RFC,MIDATL,AE,AECO,881.765,True
8/10/2025 12:00:00 PM,8/10/2025 8:00:00 AM,RFC,MIDATL,AE,AECO,915.152,True
8/10/2025 1:00:00 PM,8/10/2025 9:00:00 AM,RFC,MIDATL,AE,AECO,929.976,True
8/10/2025 2:00:00 PM,8/10/2025 10:00:00 AM,RFC,MIDATL,AE,AECO,963.637,True
8/10/2025 3:00:00 PM,8/10/2025 11:00:00 AM,RFC,MIDATL,AE,AECO,1021.264,True
8/10/2025 4:00:00 PM,8/10/2025 12:00:00 PM,RFC,MIDATL,AE,AECO,1105.203,True
8/10/2025 5:00:00 PM,8/10/2025 1:00:00 PM,RFC,MIDATL,AE,AECO,1198.485,True
8/10/2025 6:00:00 PM,8/10/2025 2:00:00 PM,RFC,MIDATL,AE,AECO,1315.590,True
8/10/2025 7:00:00 PM,8/10/2025 3:00:00 PM,RFC,MIDATL,AE,AECO,1454.701,True
8/10/2025 8:00:00 PM,8/10/2025 4:00:00 PM,RFC,MIDATL,AE,AECO,1603.565,True
8/10/2025 9:00:00 PM,8/10/2025 5:00:00 PM,RFC,MIDATL,AE,AECO,1721.270,True
8/10/2025 10:00:00 PM,8/10/2025 6:00:00 PM,RFC,MIDATL,AE,AECO,1752.907,True
8/10/2025 11:00:00 PM,8/10/2025 7:00:00 PM,RFC,MIDATL,AE,AECO,1668.273,True
8/11/2025 12:00:00 AM,8/10/2025 8:00:00 PM,RFC,MIDATL,AE,AECO,1561.560,True
8/11/2025 1:00:00 AM,8/10/2025 9:00:00 PM,RFC,MIDATL,AE,AECO,1478.657,True
8/11/2025 2:00:00 AM,8/10/2025 10:00:00 PM,RFC,MIDATL,AE,AECO,1322.700,True
8/11/2025 3:00:00 AM,8/10/2025 11:00:00 PM,RFC,MIDATL,AE,AECO,1157.573,True
8/11/2025 4:00:00 AM,8/11/2025 12:00:00 AM,RFC,MIDATL,AE,AECO,1064.329,True
8/11/2025 5:00:00 AM,8/11/2025 1:00:00 AM,RFC,MIDATL,AE,AECO,982.529,True
8/11/2025 6:00:00 AM,8/11/2025 2:00:00 AM,RFC,MIDATL,AE,AECO,926.049,True
8/11/2025 7:00:00 AM,8/11/2025 3:00:00 AM,RFC,MIDATL,AE,AECO,901.479,True
8/11/2025 8:00:00 AM,8/11/2025 4:00:00 AM,RFC,MIDATL,AE,AECO,901.620,True
8/11/2025 9:00:00 AM,8/11/2025 5:00:00 AM,RFC,MIDATL,AE,AECO,933.190,True
8/11/2025 10:00:00 AM,8/11/2025 6:00:00 AM,RFC,MIDATL,AE,AECO,961.355,True
8/11/2025 11:00:00 AM,8/11/2025 7:00:00 AM,RFC,MIDATL,AE,AECO,1010.996,True
8/11/2025 12:00:00 PM,8/11/2025 8:00:00 AM,RFC,MIDATL,AE,AECO,1054.228,True
8/11/2025 1:00:00 PM,8/11/2025 9:00:00 AM,RFC,MIDATL,AE,AECO,1090.896,True
8/11/2025 2:00:00 PM,8/11/2025 10:00:00 AM,RFC,MIDATL,AE,AECO,1119.293,True
8/11/2025 3:00:00 PM,8/11/2025 11:00:00 AM,RFC,MIDATL,AE,AECO,1168.364,True
8/11/2025 4:00:00 PM,8/11/2025 12:00:00 PM,RFC,MIDATL,AE,AECO,1253.013,True
8/11/2025 5:00:00 PM,8/11/2025 1:00:00 PM,RFC,MIDATL,AE,AECO,1336.645,True
8/11/2025 6:00:00 PM,8/11/2025 2:00:00 PM,RFC,MIDATL,AE,AECO,1468.510,True
8/11/2025 7:00:00 PM,8/11/2025 3:00:00 PM,RFC,MIDATL,AE,AECO,1600.270,True
8/11/2025 8:00:00 PM,8/11/2025 4:00:00 PM,RFC,MIDATL,AE,AECO,1729.121,True
8/11/2025 9:00:00 PM,8/11/2025 5:00:00 PM,RFC,MIDATL,AE,AECO,1853.513,True
8/11/2025 10:00:00 PM,8/11/2025 6:00:00 PM,RFC,MIDATL,AE,AECO,1893.848,True
8/11/2025 11:00:00 PM,8/11/2025 7:00:00 PM,RFC,MIDATL,AE,AECO,1804.278,True
8/12/2025 12:00:00 AM,8/11/2025 8:00:00 PM,RFC,MIDATL,AE,AECO,1697.571,True
8/12/2025 1:00:00 AM,8/11/2025 9:00:00 PM,RFC,MIDATL,AE,AECO,1599.393,True
8/12/2025 2:00:00 AM,8/11/2025 10:00:00 PM,RFC,MIDATL,AE,AECO,1416.798,True
8/12/2025 3:00:00 AM,8/11/2025 11:00:00 PM,RFC,MIDATL,AE,AECO,1294.851,True
8/12/2025 4:00:00 AM,8/12/2025 12:00:00 AM,RFC,MIDATL,AE,AECO,1166.149,True
8/12/2025 5:00:00 AM,8/12/2025 1:00:00 AM,RFC,MIDATL,AE,AECO,1085.012,True
8/12/2025 6:00:00 AM,8/12/2025 2:00:00 AM,RFC,MIDATL,AE,AECO,1029.696,True
8/12/2025 7:00:00 AM,8/12/2025 3:00:00 AM,RFC,MIDATL,AE,AECO,998.066,True
8/12/2025 8:00:00 AM,8/12/2025 4:00:00 AM,RFC,MIDATL,AE,AECO,996.743,True
8/12/2025 9:00:00 AM,8/12/2025 5:00:00 AM,RFC,MIDATL,AE,AECO,1025.517,True
8/12/2025 10:00:00 AM,8/12/2025 6:00:00 AM,RFC,MIDATL,AE,AECO,1066.956,True
8/12/2025 11:00:00 AM,8/12/2025 7:00:00 AM,RFC,MIDATL,AE,AECO,1121.170,True
8/12/2025 12:00:00 PM,8/12/2025 8:00:00 AM,RFC,MIDATL,AE,AECO,1181.126,True
8/12/2025 1:00:00 PM,8/12/2025 9:00:00 AM,RFC,MIDATL,AE,AECO,1227.247,True
8/12/2025 2:00:00 PM,8/12/2025 10:00:00 AM,RFC,MIDATL,AE,AECO,1275.148,True
8/12/2025 3:00:00 PM,8/12/2025 11:00:00 AM,RFC,MIDATL,AE,AECO,1390.878,True
8/12/2025 4:00:00 PM,8/12/2025 12:00:00 PM,RFC,MIDATL,AE,AECO,1484.236,True
8/12/2025 5:00:00 PM,8/12/2025 1:00:00 PM,RFC,MIDATL,AE,AECO,1601.761,True
8/12/2025 6:00:00 PM,8/12/2025 2:00:00 PM,RFC,MIDATL,AE,AECO,1676.105,True
8/12/2025 7:00:00 PM,8/12/2025 3:00:00 PM,RFC,MIDATL,AE,AECO,1818.049,True
8/12/2025 8:00:00 PM,8/12/2025 4:00:00 PM,RFC,MIDATL,AE,AECO,1938.483,True
8/12/2025 9:00:00 PM,8/12/2025 5:00:00 PM,RFC,MIDATL,AE,AECO,2037.401,True
8/12/2025 10:00:00 PM,8/12/2025 6:00:00 PM,RFC,MIDATL,AE,AECO,2074.991,True
8/12/2025 11:00:00 PM,8/12/2025 7:00:00 PM,RFC,MIDATL,AE,AECO,1996.688,True
8/13/2025 12:00:00 AM,8/12/2025 8:00:00 PM,RFC,MIDATL,AE,AECO,1883.140,True
8/13/2025 1:00:00 AM,8/12/2025 9:00:00 PM,RFC,MIDATL,AE,AECO,1750.004,True
8/13/2025 2:00:00 AM,8/12/2025 10:00:00 PM,RFC,MIDATL,AE,AECO,1625.265,True
8/13/2025 3:00:00 AM,8/12/2025 11:00:00 PM,RFC,MIDATL,AE,AECO,1449.737,True
8/13/2025 4:00:00 AM,8/13/2025 12:00:00 AM,RFC,MIDATL,AE,AECO,1339.231,True
8/13/2025 5:00:00 AM,8/13/2025 1:00:00 AM,RFC,MIDATL,AE,AECO,1245.142,True
8/13/2025 6:00:00 AM,8/13/2025 2:00:00 AM,RFC,MIDATL,AE,AECO,1178.777,True
8/13/2025 7:00:00 AM,8/13/2025 3:00:00 AM,RFC,MIDATL,AE,AECO,1139.010,True
8/13/2025 8:00:00 AM,8/13/2025 4:00:00 AM,RFC,MIDATL,AE,AECO,1129.426,True
8/13/2025 9:00:00 AM,8/13/2025 5:00:00 AM,RFC,MIDATL,AE,AECO,1158.240,True
8/13/2025 10:00:00 AM,8/13/2025 6:00:00 AM,RFC,MIDATL,AE,AECO,1204.646,True
8/13/2025 11:00:00 AM,8/13/2025 7:00:00 AM,RFC,MIDATL,AE,AECO,1266.411,True
8/13/2025 12:00:00 PM,8/13/2025 8:00:00 AM,RFC,MIDATL,AE,AECO,1339.255,True
8/13/2025 1:00:00 PM,8/13/2025 9:00:00 AM,RFC,MIDATL,AE,AECO,1387.720,True
8/13/2025 2:00:00 PM,8/13/2025 10:00:00 AM,RFC,MIDATL,AE,AECO,1481.474,True
8/13/2025 3:00:00 PM,8/13/2025 11:00:00 AM,RFC,MIDATL,AE,AECO,1531.783,True
8/13/2025 4:00:00 PM,8/13/2025 12:00:00 PM,RFC,MIDATL,AE,AECO,1660.627,True
8/13/2025 5:00:00 PM,8/13/2025 1:00:00 PM,RFC,MIDATL,AE,AECO,1762.057,True
8/13/2025 6:00:00 PM,8/13/2025 2:00:00 PM,RFC,MIDATL,AE,AECO,1867.643,True
8/13/2025 7:00:00 PM,8/13/2025 3:00:00 PM,RFC,MIDATL,AE,AECO,1974.555,True
8/13/2025 8:00:00 PM,8/13/2025 4:00:00 PM,RFC,MIDATL,AE,AECO,2128.096,True
8/13/2025 9:00:00 PM,8/13/2025 5:00:00 PM,RFC,MIDATL,AE,AECO,2159.376,True
8/13/2025 10:00:00 PM,8/13/2025 6:00:00 PM,RFC,MIDATL,AE,AECO,2043.768,True
8/13/2025 11:00:00 PM,8/13/2025 7:00:00 PM,RFC,MIDATL,AE,AECO,1931.120,True
8/14/2025 12:00:00 AM,8/13/2025 8:00:00 PM,RFC,MIDATL,AE,AECO,1807.455,True
8/14/2025 1:00:00 AM,8/13/2025 9:00:00 PM,RFC,MIDATL,AE,AECO,1708.589,True
8/14/2025 2:00:00 AM,8/13/2025 10:00:00 PM,RFC,MIDATL,AE,AECO,1575.495,True
8/14/2025 3:00:00 AM,8/13/2025 11:00:00 PM,RFC,MIDATL,AE,AECO,1437.534,True
8/14/2025 4:00:00 AM,8/14/2025 12:00:00 AM,RFC,MIDATL,AE,AECO,1325.490,True
8/14/2025 5:00:00 AM,8/14/2025 1:00:00 AM,RFC,MIDATL,AE,AECO,1245.616,True
8/14/2025 6:00:00 AM,8/14/2025 2:00:00 AM,RFC,MIDATL,AE,AECO,1188.694,True
8/14/2025 7:00:00 AM,8/14/2025 3:00:00 AM,RFC,MIDATL,AE,AECO,1154.005,True
8/14/2025 8:00:00 AM,8/14/2025 4:00:00 AM,RFC,MIDATL,AE,AECO,1146.521,True
8/14/2025 9:00:00 AM,8/14/2025 5:00:00 AM,RFC,MIDATL,AE,AECO,1171.497,True
8/14/2025 10:00:00 AM,8/14/2025 6:00:00 AM,RFC,MIDATL,AE,AECO,1212.813,True
8/14/2025 11:00:00 AM,8/14/2025 7:00:00 AM,RFC,MIDATL,AE,AECO,1264.604,True
8/14/2025 12:00:00 PM,8/14/2025 8:00:00 AM,RFC,MIDATL,AE,AECO,1337.227,True
8/14/2025 1:00:00 PM,8/14/2025 9:00:00 AM,RFC,MIDATL,AE,AECO,1388.909,True
8/14/2025 2:00:00 PM,8/14/2025 10:00:00 AM,RFC,MIDATL,AE,AECO,1475.667,True
8/14/2025 3:00:00 PM,8/14/2025 11:00:00 AM,RFC,MIDATL,AE,AECO,1600.422,True
8/14/2025 4:00:00 PM,8/14/2025 12:00:00 PM,RFC,MIDATL,AE,AECO,1739.196,True
8/14/2025 5:00:00 PM,8/14/2025 1:00:00 PM,RFC,MIDATL,AE,AECO,1854.798,True
8/14/2025 6:00:00 PM,8/14/2025 2:00:00 PM,RFC,MIDATL,AE,AECO,1944.207,True
8/14/2025 7:00:00 PM,8/14/2025 3:00:00 PM,RFC,MIDATL,AE,AECO,2054.082,True
8/14/2025 8:00:00 PM,8/14/2025 4:00:00 PM,RFC,MIDATL,AE,AECO,2016.550,True
8/14/2025 9:00:00 PM,8/14/2025 5:00:00 PM,RFC,MIDATL,AE,AECO,1895.448,True
8/14/2025 10:00:00 PM,8/14/2025 6:00:00 PM,RFC,MIDATL,AE,AECO,1799.670,True
8/14/2025 11:00:00 PM,8/14/2025 7:00:00 PM,RFC,MIDATL,AE,AECO,1743.155,True
8/15/2025 12:00:00 AM,8/14/2025 8:00:00 PM,RFC,MIDATL,AE,AECO,1717.271,True
8/15/2025 1:00:00 AM,8/14/2025 9:00:00 PM,RFC,MIDATL,AE,AECO,1627.533,True
8/15/2025 2:00:00 AM,8/14/2025 10:00:00 PM,RFC,MIDATL,AE,AECO,1532.461,True
8/15/2025 3:00:00 AM,8/14/2025 11:00:00 PM,RFC,MIDATL,AE,AECO,1387.909,True
8/15/2025 4:00:00 AM,8/15/2025 12:00:00 AM,RFC,MIDATL,AE,AECO,1275.045,True
8/15/2025 5:00:00 AM,8/15/2025 1:00:00 AM,RFC,MIDATL,AE,AECO,1185.781,True
8/15/2025 6:00:00 AM,8/15/2025 2:00:00 AM,RFC,MIDATL,AE,AECO,1125.756,True
8/15/2025 7:00:00 AM,8/15/2025 3:00:00 AM,RFC,MIDATL,AE,AECO,1089.538,True
8/15/2025 8:00:00 AM,8/15/2025 4:00:00 AM,RFC,MIDATL,AE,AECO,1080.548,True
8/15/2025 9:00:00 AM,8/15/2025 5:00:00 AM,RFC,MIDATL,AE,AECO,1106.261,True
8/15/2025 10:00:00 AM,8/15/2025 6:00:00 AM,RFC,MIDATL,AE,AECO,1144.023,True
8/15/2025 11:00:00 AM,8/15/2025 7:00:00 AM,RFC,MIDATL,AE,AECO,1226.297,True
8/15/2025 12:00:00 PM,8/15/2025 8:00:00 AM,RFC,MIDATL,AE,AECO,1319.240,True
8/15/2025 1:00:00 PM,8/15/2025 9:00:00 AM,RFC,MIDATL,AE,AECO,1391.502,True
8/15/2025 2:00:00 PM,8/15/2025 10:00:00 AM,RFC,MIDATL,AE,AECO,1466.889,True
8/15/2025 3:00:00 PM,8/15/2025 11:00:00 AM,RFC,MIDATL,AE,AECO,1567.284,True
8/15/2025 4:00:00 PM,8/15/2025 12:00:00 PM,RFC,MIDATL,AE,AECO,1668.429,True
8/15/2025 5:00:00 PM,8/15/2025 1:00:00 PM,RFC,MIDATL,AE,AECO,1763.795,True
8/15/2025 6:00:00 PM,8/15/2025 2:00:00 PM,RFC,MIDATL,AE,AECO,1863.615,True
8/15/2025 7:00:00 PM,8/15/2025 3:00:00 PM,RFC,MIDATL,AE,AECO,1930.394,True
8/15/2025 8:00:00 PM,8/15/2025 4:00:00 PM,RFC,MIDATL,AE,AECO,2011.075,True
8/15/2025 9:00:00 PM,8/15/2025 5:00:00 PM,RFC,MIDATL,AE,AECO,2068.170,True
8/15/2025 10:00:00 PM,8/15/2025 6:00:00 PM,RFC,MIDATL,AE,AECO,2035.285,True
8/15/2025 11:00:00 PM,8/15/2025 7:00:00 PM,RFC,MIDATL,AE,AECO,1946.514,True
8/16/2025 12:00:00 AM,8/15/2025 8:00:00 PM,RFC,MIDATL,AE,AECO,1878.879,True
8/16/2025 1:00:00 AM,8/15/2025 9:00:00 PM,RFC,MIDATL,AE,AECO,1762.417,True
8/16/2025 2:00:00 AM,8/15/2025 10:00:00 PM,RFC,MIDATL,AE,AECO,1632.602,True
8/16/2025 3:00:00 AM,8/15/2025 11:00:00 PM,RFC,MIDATL,AE,AECO,1509.186,True
8/16/2025 4:00:00 AM,8/16/2025 12:00:00 AM,RFC,MIDATL,AE,AECO,1348.137,True
8/16/2025 5:00:00 AM,8/16/2025 1:00:00 AM,RFC,MIDATL,AE,AECO,1263.845,True
8/16/2025 6:00:00 AM,8/16/2025 2:00:00 AM,RFC,MIDATL,AE,AECO,1202.427,True
8/16/2025 7:00:00 AM,8/16/2025 3:00:00 AM,RFC,MIDATL,AE,AECO,1163.669,True
8/16/2025 8:00:00 AM,8/16/2025 4:00:00 AM,RFC,MIDATL,AE,AECO,1145.167,True
8/16/2025 9:00:00 AM,8/16/2025 5:00:00 AM,RFC,MIDATL,AE,AECO,1149.926,True
8/16/2025 10:00:00 AM,8/16/2025 6:00:00 AM,RFC,MIDATL,AE,AECO,1156.854,True
8/16/2025 11:00:00 AM,8/16/2025 7:00:00 AM,RFC,MIDATL,AE,AECO,1204.928,True
8/16/2025 12:00:00 PM,8/16/2025 8:00:00 AM,RFC,MIDATL,AE,AECO,1275.974,True
8/16/2025 1:00:00 PM,8/16/2025 9:00:00 AM,RFC,MIDATL,AE,AECO,1360.547,True
8/16/2025 2:00:00 PM,8/16/2025 10:00:00 AM,RFC,MIDATL,AE,AECO,1401.001,True
8/16/2025 3:00:00 PM,8/16/2025 11:00:00 AM,RFC,MIDATL,AE,AECO,1474.043,True
8/16/2025 4:00:00 PM,8/16/2025 12:00:00 PM,RFC,MIDATL,AE,AECO,1540.386,True
8/16/2025 5:00:00 PM,8/16/2025 1:00:00 PM,RFC,MIDATL,AE,AECO,1607.740,True
8/16/2025 6:00:00 PM,8/16/2025 2:00:00 PM,RFC,MIDATL,AE,AECO,1670.816,True
8/16/2025 7:00:00 PM,8/16/2025 3:00:00 PM,RFC,MIDATL,AE,AECO,1767.619,True
8/16/2025 8:00:00 PM,8/16/2025 4:00:00 PM,RFC,MIDATL,AE,AECO,1895.444,True
8/16/2025 9:00:00 PM,8/16/2025 5:00:00 PM,RFC,MIDATL,AE,AECO,1998.724,True
8/16/2025 10:00:00 PM,8/16/2025 6:00:00 PM,RFC,MIDATL,AE,AECO,2015.856,True
8/16/2025 11:00:00 PM,8/16/2025 7:00:00 PM,RFC,MIDATL,AE,AECO,1906.106,True
8/17/2025 12:00:00 AM,8/16/2025 8:00:00 PM,RFC,MIDATL,AE,AECO,1836.228,True
8/17/2025 1:00:00 AM,8/16/2025 9:00:00 PM,RFC,MIDATL,AE,AECO,1692.238,True
8/17/2025 2:00:00 AM,8/16/2025 10:00:00 PM,RFC,MIDATL,AE,AECO,1559.699,True
8/17/2025 3:00:00 AM,8/16/2025 11:00:00 PM,RFC,MIDATL,AE,AECO,1427.621,True
8/17/2025 4:00:00 AM,8/17/2025 12:00:00 AM,RFC,MIDATL,AE,AECO,1304.286,True
8/17/2025 5:00:00 AM,8/17/2025 1:00:00 AM,RFC,MIDATL,AE,AECO,1206.227,True
8/17/2025 6:00:00 AM,8/17/2025 2:00:00 AM,RFC,MIDATL,AE,AECO,1143.743,True
8/17/2025 7:00:00 AM,8/17/2025 3:00:00 AM,RFC,MIDATL,AE,AECO,1103.083,True
8/17/2025 8:00:00 AM,8/17/2025 4:00:00 AM,RFC,MIDATL,AE,AECO,1083.512,True
8/17/2025 9:00:00 AM,8/17/2025 5:00:00 AM,RFC,MIDATL,AE,AECO,1079.691,True
8/17/2025 10:00:00 AM,8/17/2025 6:00:00 AM,RFC,MIDATL,AE,AECO,1068.341,True
8/17/2025 11:00:00 AM,8/17/2025 7:00:00 AM,RFC,MIDATL,AE,AECO,1118.912,True
8/17/2025 12:00:00 PM,8/17/2025 8:00:00 AM,RFC,MIDATL,AE,AECO,1211.208,True
8/17/2025 1:00:00 PM,8/17/2025 9:00:00 AM,RFC,MIDATL,AE,AECO,1304.700,True
8/17/2025 2:00:00 PM,8/17/2025 10:00:00 AM,RFC,MIDATL,AE,AECO,1399.893,True
8/17/2025 3:00:00 PM,8/17/2025 11:00:00 AM,RFC,MIDATL,AE,AECO,1486.318,True
8/17/2025 4:00:00 PM,8/17/2025 12:00:00 PM,RFC,MIDATL,AE,AECO,1604.153,True
8/17/2025 5:00:00 PM,8/17/2025 1:00:00 PM,RFC,MIDATL,AE,AECO,1726.228,True
8/17/2025 6:00:00 PM,8/17/2025 2:00:00 PM,RFC,MIDATL,AE,AECO,1823.765,True
8/17/2025 7:00:00 PM,8/17/2025 3:00:00 PM,RFC,MIDATL,AE,AECO,1930.608,True
8/17/2025 8:00:00 PM,8/17/2025 4:00:00 PM,RFC,MIDATL,AE,AECO,2053.864,True
8/17/2025 9:00:00 PM,8/17/2025 5:00:00 PM,RFC,MIDATL,AE,AECO,2167.495,True
8/17/2025 10:00:00 PM,8/17/2025 6:00:00 PM,RFC,MIDATL,AE,AECO,2156.596,True
8/17/2025 11:00:00 PM,8/17/2025 7:00:00 PM,RFC,MIDATL,AE,AECO,2030.106,True
8/18/2025 12:00:00 AM,8/17/2025 8:00:00 PM,RFC,MIDATL,AE,AECO,1927.498,True
8/18/2025 1:00:00 AM,8/17/2025 9:00:00 PM,RFC,MIDATL,AE,AECO,1818.172,True
8/18/2025 2:00:00 AM,8/17/2025 10:00:00 PM,RFC,MIDATL,AE,AECO,1680.823,True
8/18/2025 3:00:00 AM,8/17/2025 11:00:00 PM,RFC,MIDATL,AE,AECO,1518.387,True
8/18/2025 4:00:00 AM,8/18/2025 12:00:00 AM,RFC,MIDATL,AE,AECO,1379.320,True
8/18/2025 5:00:00 AM,8/18/2025 1:00:00 AM,RFC,MIDATL,AE,AECO,1280.724,True
8/18/2025 6:00:00 AM,8/18/2025 2:00:00 AM,RFC,MIDATL,AE,AECO,1215.430,True
8/18/2025 7:00:00 AM,8/18/2025 3:00:00 AM,RFC,MIDATL,AE,AECO,1176.216,True
8/18/2025 8:00:00 AM,8/18/2025 4:00:00 AM,RFC,MIDATL,AE,AECO,1167.286,True
8/18/2025 9:00:00 AM,8/18/2025 5:00:00 AM,RFC,MIDATL,AE,AECO,1195.952,True
8/18/2025 10:00:00 AM,8/18/2025 6:00:00 AM,RFC,MIDATL,AE,AECO,1229.955,True
8/18/2025 11:00:00 AM,8/18/2025 7:00:00 AM,RFC,MIDATL,AE,AECO,1268.034,True
8/18/2025 12:00:00 PM,8/18/2025 8:00:00 AM,RFC,MIDATL,AE,AECO,1300.165,True
8/18/2025 1:00:00 PM,8/18/2025 9:00:00 AM,RFC,MIDATL,AE,AECO,1317.765,True
8/18/2025 2:00:00 PM,8/18/2025 10:00:00 AM,RFC,MIDATL,AE,AECO,1300.245,True
8/18/2025 3:00:00 PM,8/18/2025 11:00:00 AM,RFC,MIDATL,AE,AECO,1276.428,True
8/18/2025 4:00:00 PM,8/18/2025 12:00:00 PM,RFC,MIDATL,AE,AECO,1280.407,True
8/18/2025 5:00:00 PM,8/18/2025 1:00:00 PM,RFC,MIDATL,AE,AECO,1276.553,True
8/18/2025 6:00:00 PM,8/18/2025 2:00:00 PM,RFC,MIDATL,AE,AECO,1259.060,True
8/18/2025 7:00:00 PM,8/18/2025 3:00:00 PM,RFC,MIDATL,AE,AECO,1247.789,True
8/18/2025 8:00:00 PM,8/18/2025 4:00:00 PM,RFC,MIDATL,AE,AECO,1256.521,True
8/18/2025 9:00:00 PM,8/18/2025 5:00:00 PM,RFC,MIDATL,AE,AECO,1261.155,True
8/18/2025 10:00:00 PM,8/18/2025 6:00:00 PM,RFC,MIDATL,AE,AECO,1271.609,True
8/18/2025 11:00:00 PM,8/18/2025 7:00:00 PM,RFC,MIDATL,AE,AECO,1264.568,True
8/19/2025 12:00:00 AM,8/18/2025 8:00:00 PM,RFC,MIDATL,AE,AECO,1264.311,True
8/19/2025 1:00:00 AM,8/18/2025 9:00:00 PM,RFC,MIDATL,AE,AECO,1221.567,True
8/19/2025 2:00:00 AM,8/18/2025 10:00:00 PM,RFC,MIDATL,AE,AECO,1128.943,True
8/19/2025 3:00:00 AM,8/18/2025 11:00:00 PM,RFC,MIDATL,AE,AECO,1048.364,True
8/19/2025 4:00:00 AM,8/19/2025 12:00:00 AM,RFC,MIDATL,AE,AECO,964.855,True
8/19/2025 5:00:00 AM,8/19/2025 1:00:00 AM,RFC,MIDATL,AE,AECO,929.238,True
8/19/2025 6:00:00 AM,8/19/2025 2:00:00 AM,RFC,MIDATL,AE,AECO,900.406,True
8/19/2025 7:00:00 AM,8/19/2025 3:00:00 AM,RFC,MIDATL,AE,AECO,886.221,True
8/19/2025 8:00:00 AM,8/19/2025 4:00:00 AM,RFC,MIDATL,AE,AECO,874.081,True
8/19/2025 9:00:00 AM,8/19/2025 5:00:00 AM,RFC,MIDATL,AE,AECO,915.054,True
8/19/2025 10:00:00 AM,8/19/2025 6:00:00 AM,RFC,MIDATL,AE,AECO,962.374,True
8/19/2025 11:00:00 AM,8/19/2025 7:00:00 AM,RFC,MIDATL,AE,AECO,994.526,True
8/19/2025 12:00:00 PM,8/19/2025 8:00:00 AM,RFC,MIDATL,AE,AECO,1033.057,True
8/19/2025 1:00:00 PM,8/19/2025 9:00:00 AM,RFC,MIDATL,AE,AECO,1040.866,True
8/19/2025 2:00:00 PM,8/19/2025 10:00:00 AM,RFC,MIDATL,AE,AECO,1033.349,True
8/19/2025 3:00:00 PM,8/19/2025 11:00:00 AM,RFC,MIDATL,AE,AECO,1041.177,True
8/19/2025 4:00:00 PM,8/19/2025 12:00:00 PM,RFC,MIDATL,AE,AECO,1092.562,True
8/19/2025 5:00:00 PM,8/19/2025 1:00:00 PM,RFC,MIDATL,AE,AECO,1099.212,True
8/19/2025 6:00:00 PM,8/19/2025 2:00:00 PM,RFC,MIDATL,AE,AECO,1135.539,True
8/19/2025 7:00:00 PM,8/19/2025 3:00:00 PM,RFC,MIDATL,AE,AECO,1174.631,True
8/19/2025 8:00:00 PM,8/19/2025 4:00:00 PM,RFC,MIDATL,AE,AECO,1200.049,True
8/19/2025 9:00:00 PM,8/19/2025 5:00:00 PM,RFC,MIDATL,AE,AECO,1263.906,True
8/19/2025 10:00:00 PM,8/19/2025 6:00:00 PM,RFC,MIDATL,AE,AECO,1292.098,True
8/19/2025 11:00:00 PM,8/19/2025 7:00:00 PM,RFC,MIDATL,AE,AECO,1293.146,True
8/20/2025 12:00:00 AM,8/19/2025 8:00:00 PM,RFC,MIDATL,AE,AECO,1305.087,True
8/20/2025 1:00:00 AM,8/19/2025 9:00:00 PM,RFC,MIDATL,AE,AECO,1254.931,True
8/20/2025 2:00:00 AM,8/19/2025 10:00:00 PM,RFC,MIDATL,AE,AECO,1177.270,True
8/20/2025 3:00:00 AM,8/19/2025 11:00:00 PM,RFC,MIDATL,AE,AECO,1073.318,True
8/20/2025 4:00:00 AM,8/20/2025 12:00:00 AM,RFC,MIDATL,AE,AECO,1007.717,True
8/20/2025 5:00:00 AM,8/20/2025 1:00:00 AM,RFC,MIDATL,AE,AECO,951.757,True
8/20/2025 6:00:00 AM,8/20/2025 2:00:00 AM,RFC,MIDATL,AE,AECO,921.817,True
8/20/2025 7:00:00 AM,8/20/2025 3:00:00 AM,RFC,MIDATL,AE,AECO,908.910,True
8/20/2025 8:00:00 AM,8/20/2025 4:00:00 AM,RFC,MIDATL,AE,AECO,917.995,True
8/20/2025 9:00:00 AM,8/20/2025 5:00:00 AM,RFC,MIDATL,AE,AECO,955.941,True
8/20/2025 10:00:00 AM,8/20/2025 6:00:00 AM,RFC,MIDATL,AE,AECO,1013.087,True
8/20/2025 11:00:00 AM,8/20/2025 7:00:00 AM,RFC,MIDATL,AE,AECO,1068.146,True
8/20/2025 12:00:00 PM,8/20/2025 8:00:00 AM,RFC,MIDATL,AE,AECO,1122.162,True
8/20/2025 1:00:00 PM,8/20/2025 9:00:00 AM,RFC,MIDATL,AE,AECO,1152.909,True
8/20/2025 2:00:00 PM,8/20/2025 10:00:00 AM,RFC,MIDATL,AE,AECO,1181.006,True
8/20/2025 3:00:00 PM,8/20/2025 11:00:00 AM,RFC,MIDATL,AE,AECO,1224.723,True
8/20/2025 4:00:00 PM,8/20/2025 12:00:00 PM,RFC,MIDATL,AE,AECO,1243.132,True
8/20/2025 5:00:00 PM,8/20/2025 1:00:00 PM,RFC,MIDATL,AE,AECO,1283.782,True
8/20/2025 6:00:00 PM,8/20/2025 2:00:00 PM,RFC,MIDATL,AE,AECO,1304.782,True
8/20/2025 7:00:00 PM,8/20/2025 3:00:00 PM,RFC,MIDATL,AE,AECO,1344.461,True
8/20/2025 8:00:00 PM,8/20/2025 4:00:00 PM,RFC,MIDATL,AE,AECO,1385.650,True
8/20/2025 9:00:00 PM,8/20/2025 5:00:00 PM,RFC,MIDATL,AE,AECO,1433.920,True
8/20/2025 10:00:00 PM,8/20/2025 6:00:00 PM,RFC,MIDATL,AE,AECO,1462.555,True
8/20/2025 11:00:00 PM,8/20/2025 7:00:00 PM,RFC,MIDATL,AE,AECO,1454.515,True
8/21/2025 12:00:00 AM,8/20/2025 8:00:00 PM,RFC,MIDATL,AE,AECO,1450.350,True
8/21/2025 1:00:00 AM,8/20/2025 9:00:00 PM,RFC,MIDATL,AE,AECO,1388.923,True
8/21/2025 2:00:00 AM,8/20/2025 10:00:00 PM,RFC,MIDATL,AE,AECO,1288.471,True
8/21/2025 3:00:00 AM,8/20/2025 11:00:00 PM,RFC,MIDATL,AE,AECO,1178.214,True
8/21/2025 4:00:00 AM,8/21/2025 12:00:00 AM,RFC,MIDATL,AE,AECO,1079.376,True
8/21/2025 5:00:00 AM,8/21/2025 1:00:00 AM,RFC,MIDATL,AE,AECO,1001.211,True
8/21/2025 6:00:00 AM,8/21/2025 2:00:00 AM,RFC,MIDATL,AE,AECO,948.194,True
8/21/2025 7:00:00 AM,8/21/2025 3:00:00 AM,RFC,MIDATL,AE,AECO,923.675,True
8/21/2025 8:00:00 AM,8/21/2025 4:00:00 AM,RFC,MIDATL,AE,AECO,923.401,True
8/21/2025 9:00:00 AM,8/21/2025 5:00:00 AM,RFC,MIDATL,AE,AECO,959.987,True
8/21/2025 10:00:00 AM,8/21/2025 6:00:00 AM,RFC,MIDATL,AE,AECO,1018.398,True
8/21/2025 11:00:00 AM,8/21/2025 7:00:00 AM,RFC,MIDATL,AE,AECO,1071.471,True
8/21/2025 12:00:00 PM,8/21/2025 8:00:00 AM,RFC,MIDATL,AE,AECO,1108.448,True
8/21/2025 1:00:00 PM,8/21/2025 9:00:00 AM,RFC,MIDATL,AE,AECO,1137.016,True
8/21/2025 2:00:00 PM,8/21/2025 10:00:00 AM,RFC,MIDATL,AE,AECO,1139.089,True
8/21/2025 3:00:00 PM,8/21/2025 11:00:00 AM,RFC,MIDATL,AE,AECO,1134.305,True
8/21/2025 4:00:00 PM,8/21/2025 12:00:00 PM,RFC,MIDATL,AE,AECO,1125.644,True
8/21/2025 5:00:00 PM,8/21/2025 1:00:00 PM,RFC,MIDATL,AE,AECO,1100.796,True
8/21/2025 6:00:00 PM,8/21/2025 2:00:00 PM,RFC,MIDATL,AE,AECO,1071.522,True
8/21/2025 7:00:00 PM,8/21/2025 3:00:00 PM,RFC,MIDATL,AE,AECO,1077.958,True
8/21/2025 8:00:00 PM,8/21/2025 4:00:00 PM,RFC,MIDATL,AE,AECO,1065.312,True
8/21/2025 9:00:00 PM,8/21/2025 5:00:00 PM,RFC,MIDATL,AE,AECO,1119.161,True
8/21/2025 10:00:00 PM,8/21/2025 6:00:00 PM,RFC,MIDATL,AE,AECO,1187.482,True
8/21/2025 11:00:00 PM,8/21/2025 7:00:00 PM,RFC,MIDATL,AE,AECO,1215.566,True
8/22/2025 12:00:00 AM,8/21/2025 8:00:00 PM,RFC,MIDATL,AE,AECO,1227.848,True
8/22/2025 1:00:00 AM,8/21/2025 9:00:00 PM,RFC,MIDATL,AE,AECO,1185.236,True
8/22/2025 2:00:00 AM,8/21/2025 10:00:00 PM,RFC,MIDATL,AE,AECO,1099.972,True
8/22/2025 3:00:00 AM,8/21/2025 11:00:00 PM,RFC,MIDATL,AE,AECO,1007.824,True
8/22/2025 4:00:00 AM,8/22/2025 12:00:00 AM,RFC,MIDATL,AE,AECO,925.846,True
8/22/2025 5:00:00 AM,8/22/2025 1:00:00 AM,RFC,MIDATL,AE,AECO,868.255,True
8/22/2025 6:00:00 AM,8/22/2025 2:00:00 AM,RFC,MIDATL,AE,AECO,831.190,True
8/22/2025 7:00:00 AM,8/22/2025 3:00:00 AM,RFC,MIDATL,AE,AECO,812.103,True
8/22/2025 8:00:00 AM,8/22/2025 4:00:00 AM,RFC,MIDATL,AE,AECO,808.943,True
8/22/2025 9:00:00 AM,8/22/2025 5:00:00 AM,RFC,MIDATL,AE,AECO,836.680,True
8/22/2025 10:00:00 AM,8/22/2025 6:00:00 AM,RFC,MIDATL,AE,AECO,873.532,True
8/22/2025 11:00:00 AM,8/22/2025 7:00:00 AM,RFC,MIDATL,AE,AECO,888.725,True
8/22/2025 12:00:00 PM,8/22/2025 8:00:00 AM,RFC,MIDATL,AE,AECO,875.529,True
8/22/2025 1:00:00 PM,8/22/2025 9:00:00 AM,RFC,MIDATL,AE,AECO,833.673,True
8/22/2025 2:00:00 PM,8/22/2025 10:00:00 AM,RFC,MIDATL,AE,AECO,799.816,True
8/22/2025 3:00:00 PM,8/22/2025 11:00:00 AM,RFC,MIDATL,AE,AECO,800.769,True
8/22/2025 4:00:00 PM,8/22/2025 12:00:00 PM,RFC,MIDATL,AE,AECO,836.593,True
8/22/2025 5:00:00 PM,8/22/2025 1:00:00 PM,RFC,MIDATL,AE,AECO,910.331,True
8/22/2025 6:00:00 PM,8/22/2025 2:00:00 PM,RFC,MIDATL,AE,AECO,1007.206,True
8/22/2025 7:00:00 PM,8/22/2025 3:00:00 PM,RFC,MIDATL,AE,AECO,1145.092,True
8/22/2025 8:00:00 PM,8/22/2025 4:00:00 PM,RFC,MIDATL,AE,AECO,1305.659,True
8/22/2025 9:00:00 PM,8/22/2025 5:00:00 PM,RFC,MIDATL,AE,AECO,1439.395,True
8/22/2025 10:00:00 PM,8/22/2025 6:00:00 PM,RFC,MIDATL,AE,AECO,1495.909,True
8/22/2025 11:00:00 PM,8/22/2025 7:00:00 PM,RFC,MIDATL,AE,AECO,1432.595,True
8/23/2025 12:00:00 AM,8/22/2025 8:00:00 PM,RFC,MIDATL,AE,AECO,1368.651,True
8/23/2025 1:00:00 AM,8/22/2025 9:00:00 PM,RFC,MIDATL,AE,AECO,1277.013,True
8/23/2025 2:00:00 AM,8/22/2025 10:00:00 PM,RFC,MIDATL,AE,AECO,1186.310,True
8/23/2025 3:00:00 AM,8/22/2025 11:00:00 PM,RFC,MIDATL,AE,AECO,1073.415,True
8/23/2025 4:00:00 AM,8/23/2025 12:00:00 AM,RFC,MIDATL,AE,AECO,976.315,True
8/23/2025 5:00:00 AM,8/23/2025 1:00:00 AM,RFC,MIDATL,AE,AECO,904.079,True
8/23/2025 6:00:00 AM,8/23/2025 2:00:00 AM,RFC,MIDATL,AE,AECO,859.851,True
8/23/2025 7:00:00 AM,8/23/2025 3:00:00 AM,RFC,MIDATL,AE,AECO,833.555,True
8/23/2025 8:00:00 AM,8/23/2025 4:00:00 AM,RFC,MIDATL,AE,AECO,824.014,True
8/23/2025 9:00:00 AM,8/23/2025 5:00:00 AM,RFC,MIDATL,AE,AECO,831.804,True
8/23/2025 10:00:00 AM,8/23/2025 6:00:00 AM,RFC,MIDATL,AE,AECO,840.735,True
8/23/2025 11:00:00 AM,8/23/2025 7:00:00 AM,RFC,MIDATL,AE,AECO,857.376,True
8/23/2025 12:00:00 PM,8/23/2025 8:00:00 AM,RFC,MIDATL,AE,AECO,870.785,True
8/23/2025 1:00:00 PM,8/23/2025 9:00:00 AM,RFC,MIDATL,AE,AECO,864.751,True
8/23/2025 2:00:00 PM,8/23/2025 10:00:00 AM,RFC,MIDATL,AE,AECO,867.507,True
8/23/2025 3:00:00 PM,8/23/2025 11:00:00 AM,RFC,MIDATL,AE,AECO,900.869,True
8/23/2025 4:00:00 PM,8/23/2025 12:00:00 PM,RFC,MIDATL,AE,AECO,949.068,True
8/23/2025 5:00:00 PM,8/23/2025 1:00:00 PM,RFC,MIDATL,AE,AECO,1022.563,True
8/23/2025 6:00:00 PM,8/23/2025 2:00:00 PM,RFC,MIDATL,AE,AECO,1105.660,True
8/23/2025 7:00:00 PM,8/23/2025 3:00:00 PM,RFC,MIDATL,AE,AECO,1219.461,True
8/23/2025 8:00:00 PM,8/23/2025 4:00:00 PM,RFC,MIDATL,AE,AECO,1354.591,True
8/23/2025 9:00:00 PM,8/23/2025 5:00:00 PM,RFC,MIDATL,AE,AECO,1472.788,True
8/23/2025 10:00:00 PM,8/23/2025 6:00:00 PM,RFC,MIDATL,AE,AECO,1494.786,True
8/23/2025 11:00:00 PM,8/23/2025 7:00:00 PM,RFC,MIDATL,AE,AECO,1435.592,True
8/24/2025 12:00:00 AM,8/23/2025 8:00:00 PM,RFC,MIDATL,AE,AECO,1373.762,True
8/24/2025 1:00:00 AM,8/23/2025 9:00:00 PM,RFC,MIDATL,AE,AECO,1304.007,True
8/24/2025 2:00:00 AM,8/23/2025 10:00:00 PM,RFC,MIDATL,AE,AECO,1214.071,True
8/24/2025 3:00:00 AM,8/23/2025 11:00:00 PM,RFC,MIDATL,AE,AECO,1111.191,True
8/24/2025 4:00:00 AM,8/24/2025 12:00:00 AM,RFC,MIDATL,AE,AECO,1029.873,True
8/24/2025 5:00:00 AM,8/24/2025 1:00:00 AM,RFC,MIDATL,AE,AECO,966.983,True
8/24/2025 6:00:00 AM,8/24/2025 2:00:00 AM,RFC,MIDATL,AE,AECO,925.752,True
8/24/2025 7:00:00 AM,8/24/2025 3:00:00 AM,RFC,MIDATL,AE,AECO,893.897,True
8/24/2025 8:00:00 AM,8/24/2025 4:00:00 AM,RFC,MIDATL,AE,AECO,885.995,True
8/24/2025 9:00:00 AM,8/24/2025 5:00:00 AM,RFC,MIDATL,AE,AECO,885.950,True
8/24/2025 10:00:00 AM,8/24/2025 6:00:00 AM,RFC,MIDATL,AE,AECO,900.585,True
8/24/2025 11:00:00 AM,8/24/2025 7:00:00 AM,RFC,MIDATL,AE,AECO,910.498,True
8/24/2025 12:00:00 PM,8/24/2025 8:00:00 AM,RFC,MIDATL,AE,AECO,965.207,True
8/24/2025 1:00:00 PM,8/24/2025 9:00:00 AM,RFC,MIDATL,AE,AECO,983.149,True
8/24/2025 2:00:00 PM,8/24/2025 10:00:00 AM,RFC,MIDATL,AE,AECO,1018.638,True
8/24/2025 3:00:00 PM,8/24/2025 11:00:00 AM,RFC,MIDATL,AE,AECO,1069.644,True
8/24/2025 4:00:00 PM,8/24/2025 12:00:00 PM,RFC,MIDATL,AE,AECO,1129.338,True
8/24/2025 5:00:00 PM,8/24/2025 1:00:00 PM,RFC,MIDATL,AE,AECO,1217.809,True
8/24/2025 6:00:00 PM,8/24/2025 2:00:00 PM,RFC,MIDATL,AE,AECO,1311.058,True
8/24/2025 7:00:00 PM,8/24/2025 3:00:00 PM,RFC,MIDATL,AE,AECO,1374.596,True
8/24/2025 8:00:00 PM,8/24/2025 4:00:00 PM,RFC,MIDATL,AE,AECO,1468.782,True
8/24/2025 9:00:00 PM,8/24/2025 5:00:00 PM,RFC,MIDATL,AE,AECO,1557.795,True
8/24/2025 10:00:00 PM,8/24/2025 6:00:00 PM,RFC,MIDATL,AE,AECO,1601.303,True
8/24/2025 11:00:00 PM,8/24/2025 7:00:00 PM,RFC,MIDATL,AE,AECO,1526.714,True
8/25/2025 12:00:00 AM,8/24/2025 8:00:00 PM,RFC,MIDATL,AE,AECO,1455.375,True
8/25/2025 1:00:00 AM,8/24/2025 9:00:00 PM,RFC,MIDATL,AE,AECO,1372.767,True
8/25/2025 2:00:00 AM,8/24/2025 10:00:00 PM,RFC,MIDATL,AE,AECO,1270.139,True
8/25/2025 3:00:00 AM,8/24/2025 11:00:00 PM,RFC,MIDATL,AE,AECO,1137.851,True
8/25/2025 4:00:00 AM,8/25/2025 12:00:00 AM,RFC,MIDATL,AE,AECO,1050.069,True
8/25/2025 5:00:00 AM,8/25/2025 1:00:00 AM,RFC,MIDATL,AE,AECO,979.937,True
8/25/2025 6:00:00 AM,8/25/2025 2:00:00 AM,RFC,MIDATL,AE,AECO,935.506,True
8/25/2025 7:00:00 AM,8/25/2025 3:00:00 AM,RFC,MIDATL,AE,AECO,916.067,True
8/25/2025 8:00:00 AM,8/25/2025 4:00:00 AM,RFC,MIDATL,AE,AECO,920.643,True
8/25/2025 9:00:00 AM,8/25/2025 5:00:00 AM,RFC,MIDATL,AE,AECO,955.858,True
8/25/2025 10:00:00 AM,8/25/2025 6:00:00 AM,RFC,MIDATL,AE,AECO,1001.056,True
8/25/2025 11:00:00 AM,8/25/2025 7:00:00 AM,RFC,MIDATL,AE,AECO,1038.660,True
8/25/2025 12:00:00 PM,8/25/2025 8:00:00 AM,RFC,MIDATL,AE,AECO,1076.928,True
8/25/2025 1:00:00 PM,8/25/2025 9:00:00 AM,RFC,MIDATL,AE,AECO,1110.756,True
8/25/2025 2:00:00 PM,8/25/2025 10:00:00 AM,RFC,MIDATL,AE,AECO,1152.989,True
8/25/2025 3:00:00 PM,8/25/2025 11:00:00 AM,RFC,MIDATL,AE,AECO,1195.619,True
8/25/2025 4:00:00 PM,8/25/2025 12:00:00 PM,RFC,MIDATL,AE,AECO,1251.809,True
8/25/2025 5:00:00 PM,8/25/2025 1:00:00 PM,RFC,MIDATL,AE,AECO,1335.684,True
8/25/2025 6:00:00 PM,8/25/2025 2:00:00 PM,RFC,MIDATL,AE,AECO,1434.301,True
8/25/2025 7:00:00 PM,8/25/2025 3:00:00 PM,RFC,MIDATL,AE,AECO,1560.259,True
8/25/2025 8:00:00 PM,8/25/2025 4:00:00 PM,RFC,MIDATL,AE,AECO,1657.866,True
8/25/2025 9:00:00 PM,8/25/2025 5:00:00 PM,RFC,MIDATL,AE,AECO,1752.298,True
8/25/2025 10:00:00 PM,8/25/2025 6:00:00 PM,RFC,MIDATL,AE,AECO,1745.746,True
8/25/2025 11:00:00 PM,8/25/2025 7:00:00 PM,RFC,MIDATL,AE,AECO,1640.129,True
8/26/2025 12:00:00 AM,8/25/2025 8:00:00 PM,RFC,MIDATL,AE,AECO,1538.017,True
8/26/2025 1:00:00 AM,8/25/2025 9:00:00 PM,RFC,MIDATL,AE,AECO,1413.845,True
8/26/2025 2:00:00 AM,8/25/2025 10:00:00 PM,RFC,MIDATL,AE,AECO,1263.124,True
8/26/2025 3:00:00 AM,8/25/2025 11:00:00 PM,RFC,MIDATL,AE,AECO,1141.833,True
8/26/2025 4:00:00 AM,8/26/2025 12:00:00 AM,RFC,MIDATL,AE,AECO,1034.438,True
8/26/2025 5:00:00 AM,8/26/2025 1:00:00 AM,RFC,MIDATL,AE,AECO,945.788,True
8/26/2025 6:00:00 AM,8/26/2025 2:00:00 AM,RFC,MIDATL,AE,AECO,891.173,True
8/26/2025 7:00:00 AM,8/26/2025 3:00:00 AM,RFC,MIDATL,AE,AECO,855.886,True
8/26/2025 8:00:00 AM,8/26/2025 4:00:00 AM,RFC,MIDATL,AE,AECO,850.613,True
8/26/2025 9:00:00 AM,8/26/2025 5:00:00 AM,RFC,MIDATL,AE,AECO,874.538,True
8/26/2025 10:00:00 AM,8/26/2025 6:00:00 AM,RFC,MIDATL,AE,AECO,903.907,True
8/26/2025 11:00:00 AM,8/26/2025 7:00:00 AM,RFC,MIDATL,AE,AECO,918.090,True
8/26/2025 12:00:00 PM,8/26/2025 8:00:00 AM,RFC,MIDATL,AE,AECO,918.184,True
8/26/2025 1:00:00 PM,8/26/2025 9:00:00 AM,RFC,MIDATL,AE,AECO,885.484,True
8/26/2025 2:00:00 PM,8/26/2025 10:00:00 AM,RFC,MIDATL,AE,AECO,865.023,True
8/26/2025 3:00:00 PM,8/26/2025 11:00:00 AM,RFC,MIDATL,AE,AECO,873.966,True
8/26/2025 4:00:00 PM,8/26/2025 12:00:00 PM,RFC,MIDATL,AE,AECO,922.815,True
8/26/2025 5:00:00 PM,8/26/2025 1:00:00 PM,RFC,MIDATL,AE,AECO,998.415,True
8/26/2025 6:00:00 PM,8/26/2025 2:00:00 PM,RFC,MIDATL,AE,AECO,1103.243,True
8/26/2025 7:00:00 PM,8/26/2025 3:00:00 PM,RFC,MIDATL,AE,AECO,1224.868,True
8/26/2025 8:00:00 PM,8/26/2025 4:00:00 PM,RFC,MIDATL,AE,AECO,1361.452,True
8/26/2025 9:00:00 PM,8/26/2025 5:00:00 PM,RFC,MIDATL,AE,AECO,1472.220,True
8/26/2025 10:00:00 PM,8/26/2025 6:00:00 PM,RFC,MIDATL,AE,AECO,1501.474,True
8/26/2025 11:00:00 PM,8/26/2025 7:00:00 PM,RFC,MIDATL,AE,AECO,1438.399,True
8/27/2025 12:00:00 AM,8/26/2025 8:00:00 PM,RFC,MIDATL,AE,AECO,1373.846,True
8/27/2025 1:00:00 AM,8/26/2025 9:00:00 PM,RFC,MIDATL,AE,AECO,1274.100,True
8/27/2025 2:00:00 AM,8/26/2025 10:00:00 PM,RFC,MIDATL,AE,AECO,1151.038,True
8/27/2025 3:00:00 AM,8/26/2025 11:00:00 PM,RFC,MIDATL,AE,AECO,1048.940,True
8/27/2025 4:00:00 AM,8/27/2025 12:00:00 AM,RFC,MIDATL,AE,AECO,955.635,True
8/27/2025 5:00:00 AM,8/27/2025 1:00:00 AM,RFC,MIDATL,AE,AECO,881.093,True
8/27/2025 6:00:00 AM,8/27/2025 2:00:00 AM,RFC,MIDATL,AE,AECO,845.188,True
8/27/2025 7:00:00 AM,8/27/2025 3:00:00 AM,RFC,MIDATL,AE,AECO,819.623,True
8/27/2025 8:00:00 AM,8/27/2025 4:00:00 AM,RFC,MIDATL,AE,AECO,826.560,True
8/27/2025 9:00:00 AM,8/27/2025 5:00:00 AM,RFC,MIDATL,AE,AECO,847.523,True
8/27/2025 10:00:00 AM,8/27/2025 6:00:00 AM,RFC,MIDATL,AE,AECO,887.910,True
8/27/2025 11:00:00 AM,8/27/2025 7:00:00 AM,RFC,MIDATL,AE,AECO,900.359,True
8/27/2025 12:00:00 PM,8/27/2025 8:00:00 AM,RFC,MIDATL,AE,AECO,885.800,True
8/27/2025 1:00:00 PM,8/27/2025 9:00:00 AM,RFC,MIDATL,AE,AECO,831.505,True
8/27/2025 2:00:00 PM,8/27/2025 10:00:00 AM,RFC,MIDATL,AE,AECO,785.039,True
8/27/2025 3:00:00 PM,8/27/2025 11:00:00 AM,RFC,MIDATL,AE,AECO,764.492,True
8/27/2025 4:00:00 PM,8/27/2025 12:00:00 PM,RFC,MIDATL,AE,AECO,795.690,True
8/27/2025 5:00:00 PM,8/27/2025 1:00:00 PM,RFC,MIDATL,AE,AECO,880.109,True
8/27/2025 6:00:00 PM,8/27/2025 2:00:00 PM,RFC,MIDATL,AE,AECO,971.121,True
8/27/2025 7:00:00 PM,8/27/2025 3:00:00 PM,RFC,MIDATL,AE,AECO,1039.393,True
8/27/2025 8:00:00 PM,8/27/2025 4:00:00 PM,RFC,MIDATL,AE,AECO,1177.967,True
8/27/2025 9:00:00 PM,8/27/2025 5:00:00 PM,RFC,MIDATL,AE,AECO,1278.069,True
8/27/2025 10:00:00 PM,8/27/2025 6:00:00 PM,RFC,MIDATL,AE,AECO,1325.040,True
8/27/2025 11:00:00 PM,8/27/2025 7:00:00 PM,RFC,MIDATL,AE,AECO,1296.602,True
8/28/2025 12:00:00 AM,8/27/2025 8:00:00 PM,RFC,MIDATL,AE,AECO,1251.690,True
8/28/2025 1:00:00 AM,8/27/2025 9:00:00 PM,RFC,MIDATL,AE,AECO,1166.420,True
8/28/2025 2:00:00 AM,8/27/2025 10:00:00 PM,RFC,MIDATL,AE,AECO,1075.046,True
8/28/2025 3:00:00 AM,8/27/2025 11:00:00 PM,RFC,MIDATL,AE,AECO,971.659,True
8/28/2025 4:00:00 AM,8/28/2025 12:00:00 AM,RFC,MIDATL,AE,AECO,893.513,True
8/28/2025 5:00:00 AM,8/28/2025 1:00:00 AM,RFC,MIDATL,AE,AECO,840.052,True
8/28/2025 6:00:00 AM,8/28/2025 2:00:00 AM,RFC,MIDATL,AE,AECO,809.422,True
8/28/2025 7:00:00 AM,8/28/2025 3:00:00 AM,RFC,MIDATL,AE,AECO,794.236,True
8/28/2025 8:00:00 AM,8/28/2025 4:00:00 AM,RFC,MIDATL,AE,AECO,797.733,True
8/28/2025 9:00:00 AM,8/28/2025 5:00:00 AM,RFC,MIDATL,AE,AECO,826.540,True
8/28/2025 10:00:00 AM,8/28/2025 6:00:00 AM,RFC,MIDATL,AE,AECO,867.583,True
8/28/2025 11:00:00 AM,8/28/2025 7:00:00 AM,RFC,MIDATL,AE,AECO,894.999,True
8/28/2025 12:00:00 PM,8/28/2025 8:00:00 AM,RFC,MIDATL,AE,AECO,883.117,True
8/28/2025 1:00:00 PM,8/28/2025 9:00:00 AM,RFC,MIDATL,AE,AECO,865.378,True
8/28/2025 2:00:00 PM,8/28/2025 10:00:00 AM,RFC,MIDATL,AE,AECO,887.106,True
8/28/2025 3:00:00 PM,8/28/2025 11:00:00 AM,RFC,MIDATL,AE,AECO,889.283,True
8/28/2025 4:00:00 PM,8/28/2025 12:00:00 PM,RFC,MIDATL,AE,AECO,973.898,True
8/28/2025 5:00:00 PM,8/28/2025 1:00:00 PM,RFC,MIDATL,AE,AECO,995.955,True
8/28/2025 6:00:00 PM,8/28/2025 2:00:00 PM,RFC,MIDATL,AE,AECO,1067.532,True
8/28/2025 7:00:00 PM,8/28/2025 3:00:00 PM,RFC,MIDATL,AE,AECO,1184.783,True
8/28/2025 8:00:00 PM,8/28/2025 4:00:00 PM,RFC,MIDATL,AE,AECO,1217.231,True
8/28/2025 9:00:00 PM,8/28/2025 5:00:00 PM,RFC,MIDATL,AE,AECO,1275.420,True
8/28/2025 10:00:00 PM,8/28/2025 6:00:00 PM,RFC,MIDATL,AE,AECO,1319.626,True
8/28/2025 11:00:00 PM,8/28/2025 7:00:00 PM,RFC,MIDATL,AE,AECO,1312.885,True
8/29/2025 12:00:00 AM,8/28/2025 8:00:00 PM,RFC,MIDATL,AE,AECO,1298.524,True
8/29/2025 1:00:00 AM,8/28/2025 9:00:00 PM,RFC,MIDATL,AE,AECO,1252.072,True
8/29/2025 2:00:00 AM,8/28/2025 10:00:00 PM,RFC,MIDATL,AE,AECO,1171.365,True
8/29/2025 3:00:00 AM,8/28/2025 11:00:00 PM,RFC,MIDATL,AE,AECO,1059.788,True
8/29/2025 4:00:00 AM,8/29/2025 12:00:00 AM,RFC,MIDATL,AE,AECO,982.250,True
8/29/2025 5:00:00 AM,8/29/2025 1:00:00 AM,RFC,MIDATL,AE,AECO,919.652,True
8/29/2025 6:00:00 AM,8/29/2025 2:00:00 AM,RFC,MIDATL,AE,AECO,879.579,True
8/29/2025 7:00:00 AM,8/29/2025 3:00:00 AM,RFC,MIDATL,AE,AECO,854.507,True
8/29/2025 8:00:00 AM,8/29/2025 4:00:00 AM,RFC,MIDATL,AE,AECO,856.169,True
8/29/2025 9:00:00 AM,8/29/2025 5:00:00 AM,RFC,MIDATL,AE,AECO,889.552,True
8/29/2025 10:00:00 AM,8/29/2025 6:00:00 AM,RFC,MIDATL,AE,AECO,912.398,True
8/29/2025 11:00:00 AM,8/29/2025 7:00:00 AM,RFC,MIDATL,AE,AECO,955.869,True
8/29/2025 12:00:00 PM,8/29/2025 8:00:00 AM,RFC,MIDATL,AE,AECO,1008.812,True
8/29/2025 1:00:00 PM,8/29/2025 9:00:00 AM,RFC,MIDATL,AE,AECO,980.734,True
8/29/2025 2:00:00 PM,8/29/2025 10:00:00 AM,RFC,MIDATL,AE,AECO,915.460,True
8/29/2025 3:00:00 PM,8/29/2025 11:00:00 AM,RFC,MIDATL,AE,AECO,919.966,True
8/29/2025 4:00:00 PM,8/29/2025 12:00:00 PM,RFC,MIDATL,AE,AECO,1038.138,True
8/29/2025 5:00:00 PM,8/29/2025 1:00:00 PM,RFC,MIDATL,AE,AECO,1137.926,True
8/29/2025 6:00:00 PM,8/29/2025 2:00:00 PM,RFC,MIDATL,AE,AECO,1144.418,True
8/29/2025 7:00:00 PM,8/29/2025 3:00:00 PM,RFC,MIDATL,AE,AECO,1209.443,True
8/29/2025 8:00:00 PM,8/29/2025 4:00:00 PM,RFC,MIDATL,AE,AECO,1322.001,True
8/29/2025 9:00:00 PM,8/29/2025 5:00:00 PM,RFC,MIDATL,AE,AECO,1439.250,True
8/29/2025 10:00:00 PM,8/29/2025 6:00:00 PM,RFC,MIDATL,AE,AECO,1472.802,True
8/29/2025 11:00:00 PM,8/29/2025 7:00:00 PM,RFC,MIDATL,AE,AECO,1415.668,True
8/30/2025 12:00:00 AM,8/29/2025 8:00:00 PM,RFC,MIDATL,AE,AECO,1360.367,True
8/30/2025 1:00:00 AM,8/29/2025 9:00:00 PM,RFC,MIDATL,AE,AECO,1269.481,True
8/30/2025 2:00:00 AM,8/29/2025 10:00:00 PM,RFC,MIDATL,AE,AECO,1180.068,True
8/30/2025 3:00:00 AM,8/29/2025 11:00:00 PM,RFC,MIDATL,AE,AECO,1061.687,True
8/30/2025 4:00:00 AM,8/30/2025 12:00:00 AM,RFC,MIDATL,AE,AECO,975.651,True
8/30/2025 5:00:00 AM,8/30/2025 1:00:00 AM,RFC,MIDATL,AE,AECO,900.118,True
8/30/2025 6:00:00 AM,8/30/2025 2:00:00 AM,RFC,MIDATL,AE,AECO,853.585,True
8/30/2025 7:00:00 AM,8/30/2025 3:00:00 AM,RFC,MIDATL,AE,AECO,812.472,True
8/30/2025 8:00:00 AM,8/30/2025 4:00:00 AM,RFC,MIDATL,AE,AECO,806.309,True
8/30/2025 9:00:00 AM,8/30/2025 5:00:00 AM,RFC,MIDATL,AE,AECO,812.741,True
8/30/2025 10:00:00 AM,8/30/2025 6:00:00 AM,RFC,MIDATL,AE,AECO,813.234,True
8/30/2025 11:00:00 AM,8/30/2025 7:00:00 AM,RFC,MIDATL,AE,AECO,820.393,True
8/30/2025 12:00:00 PM,8/30/2025 8:00:00 AM,RFC,MIDATL,AE,AECO,812.664,True
8/30/2025 1:00:00 PM,8/30/2025 9:00:00 AM,RFC,MIDATL,AE,AECO,775.969,True
8/30/2025 2:00:00 PM,8/30/2025 10:00:00 AM,RFC,MIDATL,AE,AECO,709.748,True
8/30/2025 3:00:00 PM,8/30/2025 11:00:00 AM,RFC,MIDATL,AE,AECO,688.443,True
8/30/2025 4:00:00 PM,8/30/2025 12:00:00 PM,RFC,MIDATL,AE,AECO,697.872,True
8/30/2025 5:00:00 PM,8/30/2025 1:00:00 PM,RFC,MIDATL,AE,AECO,734.933,True
8/30/2025 6:00:00 PM,8/30/2025 2:00:00 PM,RFC,MIDATL,AE,AECO,814.598,True
8/30/2025 7:00:00 PM,8/30/2025 3:00:00 PM,RFC,MIDATL,AE,AECO,938.189,True
8/30/2025 8:00:00 PM,8/30/2025 4:00:00 PM,RFC,MIDATL,AE,AECO,1089.519,True
8/30/2025 9:00:00 PM,8/30/2025 5:00:00 PM,RFC,MIDATL,AE,AECO,1230.962,True
8/30/2025 10:00:00 PM,8/30/2025 6:00:00 PM,RFC,MIDATL,AE,AECO,1294.423,True
8/30/2025 11:00:00 PM,8/30/2025 7:00:00 PM,RFC,MIDATL,AE,AECO,1258.653,True
8/31/2025 12:00:00 AM,8/30/2025 8:00:00 PM,RFC,MIDATL,AE,AECO,1212.136,True
8/31/2025 1:00:00 AM,8/30/2025 9:00:00 PM,RFC,MIDATL,AE,AECO,1149.670,True
8/31/2025 2:00:00 AM,8/30/2025 10:00:00 PM,RFC,MIDATL,AE,AECO,1069.164,True
8/31/2025 3:00:00 AM,8/30/2025 11:00:00 PM,RFC,MIDATL,AE,AECO,987.875,True
8/31/2025 4:00:00 AM,8/31/2025 12:00:00 AM,RFC,MIDATL,AE,AECO,906.716,True
8/31/2025 5:00:00 AM,8/31/2025 1:00:00 AM,RFC,MIDATL,AE,AECO,843.916,True
8/31/2025 6:00:00 AM,8/31/2025 2:00:00 AM,RFC,MIDATL,AE,AECO,813.181,True
8/31/2025 7:00:00 AM,8/31/2025 3:00:00 AM,RFC,MIDATL,AE,AECO,779.454,True
8/31/2025 8:00:00 AM,8/31/2025 4:00:00 AM,RFC,MIDATL,AE,AECO,779.220,True
8/31/2025 9:00:00 AM,8/31/2025 5:00:00 AM,RFC,MIDATL,AE,AECO,785.893,True
8/31/2025 10:00:00 AM,8/31/2025 6:00:00 AM,RFC,MIDATL,AE,AECO,794.223,True
8/31/2025 11:00:00 AM,8/31/2025 7:00:00 AM,RFC,MIDATL,AE,AECO,789.671,True
8/31/2025 12:00:00 PM,8/31/2025 8:00:00 AM,RFC,MIDATL,AE,AECO,786.752,True
8/31/2025 1:00:00 PM,8/31/2025 9:00:00 AM,RFC,MIDATL,AE,AECO,739.300,True
8/31/2025 2:00:00 PM,8/31/2025 10:00:00 AM,RFC,MIDATL,AE,AECO,728.285,True
8/31/2025 3:00:00 PM,8/31/2025 11:00:00 AM,RFC,MIDATL,AE,AECO,747.023,True
8/31/2025 4:00:00 PM,8/31/2025 12:00:00 PM,RFC,MIDATL,AE,AECO,775.349,True
8/31/2025 5:00:00 PM,8/31/2025 1:00:00 PM,RFC,MIDATL,AE,AECO,821.836,True
8/31/2025 6:00:00 PM,8/31/2025 2:00:00 PM,RFC,MIDATL,AE,AECO,897.759,True
8/31/2025 7:00:00 PM,8/31/2025 3:00:00 PM,RFC,MIDATL,AE,AECO,1034.365,True
8/31/2025 8:00:00 PM,8/31/2025 4:00:00 PM,RFC,MIDATL,AE,AECO,1129.243,True
8/31/2025 9:00:00 PM,8/31/2025 5:00:00 PM,RFC,MIDATL,AE,AECO,1208.844,True
8/31/2025 10:00:00 PM,8/31/2025 6:00:00 PM,RFC,MIDATL,AE,AECO,1237.389,True
8/31/2025 11:00:00 PM,8/31/2025 7:00:00 PM,RFC,MIDATL,AE,AECO,1219.877,True
9/1/2025 12:00:00 AM,8/31/2025 8:00:00 PM,RFC,MIDATL,AE,AECO,1210.082,True
9/1/2025 1:00:00 AM,8/31/2025 9:00:00 PM,RFC,MIDATL,AE,AECO,1151.705,True
9/1/2025 2:00:00 AM,8/31/2025 10:00:00 PM,RFC,MIDATL,AE,AECO,1083.265,True
9/1/2025 3:00:00 AM,8/31/2025 11:00:00 PM,RFC,MIDATL,AE,AECO,989.201,True
9/1/2025 4:00:00 AM,9/1/2025 12:00:00 AM,RFC,MIDATL,AE,AECO,915.054,True
9/1/2025 5:00:00 AM,9/1/2025 1:00:00 AM,RFC,MIDATL,AE,AECO,860.284,True
9/1/2025 6:00:00 AM,9/1/2025 2:00:00 AM,RFC,MIDATL,AE,AECO,814.755,True
9/1/2025 7:00:00 AM,9/1/2025 3:00:00 AM,RFC,MIDATL,AE,AECO,804.950,True
9/1/2025 8:00:00 AM,9/1/2025 4:00:00 AM,RFC,MIDATL,AE,AECO,796.723,True
9/1/2025 9:00:00 AM,9/1/2025 5:00:00 AM,RFC,MIDATL,AE,AECO,806.698,True
9/1/2025 10:00:00 AM,9/1/2025 6:00:00 AM,RFC,MIDATL,AE,AECO,823.143,True
9/1/2025 11:00:00 AM,9/1/2025 7:00:00 AM,RFC,MIDATL,AE,AECO,816.478,True
9/1/2025 12:00:00 PM,9/1/2025 8:00:00 AM,RFC,MIDATL,AE,AECO,824.489,True
9/1/2025 1:00:00 PM,9/1/2025 9:00:00 AM,RFC,MIDATL,AE,AECO,814.249,True
9/1/2025 2:00:00 PM,9/1/2025 10:00:00 AM,RFC,MIDATL,AE,AECO,813.277,True
9/1/2025 3:00:00 PM,9/1/2025 11:00:00 AM,RFC,MIDATL,AE,AECO,845.930,True
9/1/2025 4:00:00 PM,9/1/2025 12:00:00 PM,RFC,MIDATL,AE,AECO,882.628,True
9/1/2025 5:00:00 PM,9/1/2025 1:00:00 PM,RFC,MIDATL,AE,AECO,915.026,True
9/1/2025 6:00:00 PM,9/1/2025 2:00:00 PM,RFC,MIDATL,AE,AECO,945.873,True
9/1/2025 7:00:00 PM,9/1/2025 3:00:00 PM,RFC,MIDATL,AE,AECO,1005.865,True
9/1/2025 8:00:00 PM,9/1/2025 4:00:00 PM,RFC,MIDATL,AE,AECO,1123.483,True
9/1/2025 9:00:00 PM,9/1/2025 5:00:00 PM,RFC,MIDATL,AE,AECO,1230.335,True
9/1/2025 10:00:00 PM,9/1/2025 6:00:00 PM,RFC,MIDATL,AE,AECO,1265.003,True
9/1/2025 11:00:00 PM,9/1/2025 7:00:00 PM,RFC,MIDATL,AE,AECO,1238.485,True
9/2/2025 12:00:00 AM,9/1/2025 8:00:00 PM,RFC,MIDATL,AE,AECO,1212.976,True
9/2/2025 1:00:00 AM,9/1/2025 9:00:00 PM,RFC,MIDATL,AE,AECO,1139.514,True
9/2/2025 2:00:00 AM,9/1/2025 10:00:00 PM,RFC,MIDATL,AE,AECO,1033.609,True
9/2/2025 3:00:00 AM,9/1/2025 11:00:00 PM,RFC,MIDATL,AE,AECO,949.789,True
9/2/2025 4:00:00 AM,9/2/2025 12:00:00 AM,RFC,MIDATL,AE,AECO,874.324,True
9/2/2025 5:00:00 AM,9/2/2025 1:00:00 AM,RFC,MIDATL,AE,AECO,826.712,True
9/2/2025 6:00:00 AM,9/2/2025 2:00:00 AM,RFC,MIDATL,AE,AECO,795.969,True
9/2/2025 7:00:00 AM,9/2/2025 3:00:00 AM,RFC,MIDATL,AE,AECO,788.210,True
9/2/2025 8:00:00 AM,9/2/2025 4:00:00 AM,RFC,MIDATL,AE,AECO,794.269,True
9/2/2025 9:00:00 AM,9/2/2025 5:00:00 AM,RFC,MIDATL,AE,AECO,835.858,True
9/2/2025 10:00:00 AM,9/2/2025 6:00:00 AM,RFC,MIDATL,AE,AECO,887.609,True
9/2/2025 11:00:00 AM,9/2/2025 7:00:00 AM,RFC,MIDATL,AE,AECO,895.033,True
9/2/2025 12:00:00 PM,9/2/2025 8:00:00 AM,RFC,MIDATL,AE,AECO,876.302,True
9/2/2025 1:00:00 PM,9/2/2025 9:00:00 AM,RFC,MIDATL,AE,AECO,857.872,True
9/2/2025 2:00:00 PM,9/2/2025 10:00:00 AM,RFC,MIDATL,AE,AECO,848.564,True
9/2/2025 3:00:00 PM,9/2/2025 11:00:00 AM,RFC,MIDATL,AE,AECO,857.677,True
9/2/2025 4:00:00 PM,9/2/2025 12:00:00 PM,RFC,MIDATL,AE,AECO,886.586,True
9/2/2025 5:00:00 PM,9/2/2025 1:00:00 PM,RFC,MIDATL,AE,AECO,930.999,True
9/2/2025 6:00:00 PM,9/2/2025 2:00:00 PM,RFC,MIDATL,AE,AECO,1002.920,True
9/2/2025 7:00:00 PM,9/2/2025 3:00:00 PM,RFC,MIDATL,AE,AECO,1087.680,True
9/2/2025 8:00:00 PM,9/2/2025 4:00:00 PM,RFC,MIDATL,AE,AECO,1166.092,True
9/2/2025 9:00:00 PM,9/2/2025 5:00:00 PM,RFC,MIDATL,AE,AECO,1268.326,True
9/2/2025 10:00:00 PM,9/2/2025 6:00:00 PM,RFC,MIDATL,AE,AECO,1320.645,True
9/2/2025 11:00:00 PM,9/2/2025 7:00:00 PM,RFC,MIDATL,AE,AECO,1296.340,True
9/3/2025 12:00:00 AM,9/2/2025 8:00:00 PM,RFC,MIDATL,AE,AECO,1256.630,True
9/3/2025 1:00:00 AM,9/2/2025 9:00:00 PM,RFC,MIDATL,AE,AECO,1172.370,True
9/3/2025 2:00:00 AM,9/2/2025 10:00:00 PM,RFC,MIDATL,AE,AECO,1085.388,True
9/3/2025 3:00:00 AM,9/2/2025 11:00:00 PM,RFC,MIDATL,AE,AECO,985.002,True
9/3/2025 4:00:00 AM,9/3/2025 12:00:00 AM,RFC,MIDATL,AE,AECO,903.352,True
9/3/2025 5:00:00 AM,9/3/2025 1:00:00 AM,RFC,MIDATL,AE,AECO,850.157,True
9/3/2025 6:00:00 AM,9/3/2025 2:00:00 AM,RFC,MIDATL,AE,AECO,816.631,True
9/3/2025 7:00:00 AM,9/3/2025 3:00:00 AM,RFC,MIDATL,AE,AECO,800.549,True
9/3/2025 8:00:00 AM,9/3/2025 4:00:00 AM,RFC,MIDATL,AE,AECO,806.318,True
9/3/2025 9:00:00 AM,9/3/2025 5:00:00 AM,RFC,MIDATL,AE,AECO,844.263,True
9/3/2025 10:00:00 AM,9/3/2025 6:00:00 AM,RFC,MIDATL,AE,AECO,894.068,True
9/3/2025 11:00:00 AM,9/3/2025 7:00:00 AM,RFC,MIDATL,AE,AECO,904.232,True
9/3/2025 12:00:00 PM,9/3/2025 8:00:00 AM,RFC,MIDATL,AE,AECO,884.548,True
9/3/2025 1:00:00 PM,9/3/2025 9:00:00 AM,RFC,MIDATL,AE,AECO,852.227,True
9/3/2025 2:00:00 PM,9/3/2025 10:00:00 AM,RFC,MIDATL,AE,AECO,846.437,True
9/3/2025 3:00:00 PM,9/3/2025 11:00:00 AM,RFC,MIDATL,AE,AECO,841.453,True
9/3/2025 4:00:00 PM,9/3/2025 12:00:00 PM,RFC,MIDATL,AE,AECO,895.934,True
9/3/2025 5:00:00 PM,9/3/2025 1:00:00 PM,RFC,MIDATL,AE,AECO,943.358,True
9/3/2025 6:00:00 PM,9/3/2025 2:00:00 PM,RFC,MIDATL,AE,AECO,1001.460,True
9/3/2025 7:00:00 PM,9/3/2025 3:00:00 PM,RFC,MIDATL,AE,AECO,1098.393,True
9/3/2025 8:00:00 PM,9/3/2025 4:00:00 PM,RFC,MIDATL,AE,AECO,1225.024,True
9/3/2025 9:00:00 PM,9/3/2025 5:00:00 PM,RFC,MIDATL,AE,AECO,1320.308,True
9/3/2025 10:00:00 PM,9/3/2025 6:00:00 PM,RFC,MIDATL,AE,AECO,1362.797,True
9/3/2025 11:00:00 PM,9/3/2025 7:00:00 PM,RFC,MIDATL,AE,AECO,1330.091,True
9/4/2025 12:00:00 AM,9/3/2025 8:00:00 PM,RFC,MIDATL,AE,AECO,1299.767,True
9/4/2025 1:00:00 AM,9/3/2025 9:00:00 PM,RFC,MIDATL,AE,AECO,1201.333,True
9/4/2025 2:00:00 AM,9/3/2025 10:00:00 PM,RFC,MIDATL,AE,AECO,1099.979,True
9/4/2025 3:00:00 AM,9/3/2025 11:00:00 PM,RFC,MIDATL,AE,AECO,997.407,True
9/4/2025 4:00:00 AM,9/4/2025 12:00:00 AM,RFC,MIDATL,AE,AECO,925.358,True
9/4/2025 5:00:00 AM,9/4/2025 1:00:00 AM,RFC,MIDATL,AE,AECO,872.077,True
9/4/2025 6:00:00 AM,9/4/2025 2:00:00 AM,RFC,MIDATL,AE,AECO,839.038,True
9/4/2025 7:00:00 AM,9/4/2025 3:00:00 AM,RFC,MIDATL,AE,AECO,820.717,True
9/4/2025 8:00:00 AM,9/4/2025 4:00:00 AM,RFC,MIDATL,AE,AECO,823.311,True
9/4/2025 9:00:00 AM,9/4/2025 5:00:00 AM,RFC,MIDATL,AE,AECO,889.134,True
9/4/2025 10:00:00 AM,9/4/2025 6:00:00 AM,RFC,MIDATL,AE,AECO,925.454,True
9/4/2025 11:00:00 AM,9/4/2025 7:00:00 AM,RFC,MIDATL,AE,AECO,943.764,True
9/4/2025 12:00:00 PM,9/4/2025 8:00:00 AM,RFC,MIDATL,AE,AECO,937.964,True
9/4/2025 1:00:00 PM,9/4/2025 9:00:00 AM,RFC,MIDATL,AE,AECO,909.374,True
9/4/2025 2:00:00 PM,9/4/2025 10:00:00 AM,RFC,MIDATL,AE,AECO,892.461,True
9/4/2025 3:00:00 PM,9/4/2025 11:00:00 AM,RFC,MIDATL,AE,AECO,900.443,True
9/4/2025 4:00:00 PM,9/4/2025 12:00:00 PM,RFC,MIDATL,AE,AECO,951.791,True
9/4/2025 5:00:00 PM,9/4/2025 1:00:00 PM,RFC,MIDATL,AE,AECO,1049.634,True
9/4/2025 6:00:00 PM,9/4/2025 2:00:00 PM,RFC,MIDATL,AE,AECO,1139.235,True
9/4/2025 7:00:00 PM,9/4/2025 3:00:00 PM,RFC,MIDATL,AE,AECO,1243.278,True
9/4/2025 8:00:00 PM,9/4/2025 4:00:00 PM,RFC,MIDATL,AE,AECO,1371.110,True
9/4/2025 9:00:00 PM,9/4/2025 5:00:00 PM,RFC,MIDATL,AE,AECO,1483.915,True
9/4/2025 10:00:00 PM,9/4/2025 6:00:00 PM,RFC,MIDATL,AE,AECO,1494.547,True
9/4/2025 11:00:00 PM,9/4/2025 7:00:00 PM,RFC,MIDATL,AE,AECO,1448.787,True
9/5/2025 12:00:00 AM,9/4/2025 8:00:00 PM,RFC,MIDATL,AE,AECO,1389.513,True
9/5/2025 1:00:00 AM,9/4/2025 9:00:00 PM,RFC,MIDATL,AE,AECO,1305.833,True
9/5/2025 2:00:00 AM,9/4/2025 10:00:00 PM,RFC,MIDATL,AE,AECO,1226.984,True
9/5/2025 3:00:00 AM,9/4/2025 11:00:00 PM,RFC,MIDATL,AE,AECO,1120.008,True
9/5/2025 4:00:00 AM,9/5/2025 12:00:00 AM,RFC,MIDATL,AE,AECO,1057.104,True
9/5/2025 5:00:00 AM,9/5/2025 1:00:00 AM,RFC,MIDATL,AE,AECO,997.329,True
9/5/2025 6:00:00 AM,9/5/2025 2:00:00 AM,RFC,MIDATL,AE,AECO,966.474,True
9/5/2025 7:00:00 AM,9/5/2025 3:00:00 AM,RFC,MIDATL,AE,AECO,938.068,True
9/5/2025 8:00:00 AM,9/5/2025 4:00:00 AM,RFC,MIDATL,AE,AECO,930.521,True
9/5/2025 9:00:00 AM,9/5/2025 5:00:00 AM,RFC,MIDATL,AE,AECO,958.876,True
9/5/2025 10:00:00 AM,9/5/2025 6:00:00 AM,RFC,MIDATL,AE,AECO,1006.510,True
9/5/2025 11:00:00 AM,9/5/2025 7:00:00 AM,RFC,MIDATL,AE,AECO,1041.426,True
9/5/2025 12:00:00 PM,9/5/2025 8:00:00 AM,RFC,MIDATL,AE,AECO,1064.150,True
9/5/2025 1:00:00 PM,9/5/2025 9:00:00 AM,RFC,MIDATL,AE,AECO,1057.944,True
9/5/2025 2:00:00 PM,9/5/2025 10:00:00 AM,RFC,MIDATL,AE,AECO,1076.256,True
9/5/2025 3:00:00 PM,9/5/2025 11:00:00 AM,RFC,MIDATL,AE,AECO,1121.785,True
9/5/2025 4:00:00 PM,9/5/2025 12:00:00 PM,RFC,MIDATL,AE,AECO,1205.423,True
9/5/2025 5:00:00 PM,9/5/2025 1:00:00 PM,RFC,MIDATL,AE,AECO,1275.742,True
9/5/2025 6:00:00 PM,9/5/2025 2:00:00 PM,RFC,MIDATL,AE,AECO,1382.095,True
9/5/2025 7:00:00 PM,9/5/2025 3:00:00 PM,RFC,MIDATL,AE,AECO,1516.428,True
9/5/2025 8:00:00 PM,9/5/2025 4:00:00 PM,RFC,MIDATL,AE,AECO,1671.664,True
9/5/2025 9:00:00 PM,9/5/2025 5:00:00 PM,RFC,MIDATL,AE,AECO,1754.030,True
9/5/2025 10:00:00 PM,9/5/2025 6:00:00 PM,RFC,MIDATL,AE,AECO,1736.612,True
9/5/2025 11:00:00 PM,9/5/2025 7:00:00 PM,RFC,MIDATL,AE,AECO,1683.965,True
9/6/2025 12:00:00 AM,9/5/2025 8:00:00 PM,RFC,MIDATL,AE,AECO,1610.937,True
9/6/2025 1:00:00 AM,9/5/2025 9:00:00 PM,RFC,MIDATL,AE,AECO,1510.066,True
9/6/2025 2:00:00 AM,9/5/2025 10:00:00 PM,RFC,MIDATL,AE,AECO,1422.912,True
9/6/2025 3:00:00 AM,9/5/2025 11:00:00 PM,RFC,MIDATL,AE,AECO,1313.009,True
9/6/2025 4:00:00 AM,9/6/2025 12:00:00 AM,RFC,MIDATL,AE,AECO,1209.869,True
9/6/2025 5:00:00 AM,9/6/2025 1:00:00 AM,RFC,MIDATL,AE,AECO,1129.274,True
9/6/2025 6:00:00 AM,9/6/2025 2:00:00 AM,RFC,MIDATL,AE,AECO,1075.454,True
9/6/2025 7:00:00 AM,9/6/2025 3:00:00 AM,RFC,MIDATL,AE,AECO,1039.635,True
9/6/2025 8:00:00 AM,9/6/2025 4:00:00 AM,RFC,MIDATL,AE,AECO,1020.942,True
9/6/2025 9:00:00 AM,9/6/2025 5:00:00 AM,RFC,MIDATL,AE,AECO,1029.271,True
9/6/2025 10:00:00 AM,9/6/2025 6:00:00 AM,RFC,MIDATL,AE,AECO,1044.264,True
9/6/2025 11:00:00 AM,9/6/2025 7:00:00 AM,RFC,MIDATL,AE,AECO,1069.139,True
9/6/2025 12:00:00 PM,9/6/2025 8:00:00 AM,RFC,MIDATL,AE,AECO,1136.301,True
9/6/2025 1:00:00 PM,9/6/2025 9:00:00 AM,RFC,MIDATL,AE,AECO,1199.692,True
9/6/2025 2:00:00 PM,9/6/2025 10:00:00 AM,RFC,MIDATL,AE,AECO,1258.364,True
9/6/2025 3:00:00 PM,9/6/2025 11:00:00 AM,RFC,MIDATL,AE,AECO,1339.158,True
9/6/2025 4:00:00 PM,9/6/2025 12:00:00 PM,RFC,MIDATL,AE,AECO,1441.002,True
9/6/2025 5:00:00 PM,9/6/2025 1:00:00 PM,RFC,MIDATL,AE,AECO,1558.418,True
9/6/2025 6:00:00 PM,9/6/2025 2:00:00 PM,RFC,MIDATL,AE,AECO,1641.534,True
9/6/2025 7:00:00 PM,9/6/2025 3:00:00 PM,RFC,MIDATL,AE,AECO,1677.509,True
9/6/2025 8:00:00 PM,9/6/2025 4:00:00 PM,RFC,MIDATL,AE,AECO,1743.907,True
9/6/2025 9:00:00 PM,9/6/2025 5:00:00 PM,RFC,MIDATL,AE,AECO,1711.271,True
9/6/2025 10:00:00 PM,9/6/2025 6:00:00 PM,RFC,MIDATL,AE,AECO,1633.972,True
9/6/2025 11:00:00 PM,9/6/2025 7:00:00 PM,RFC,MIDATL,AE,AECO,1569.387,True
9/7/2025 12:00:00 AM,9/6/2025 8:00:00 PM,RFC,MIDATL,AE,AECO,1476.362,True
9/7/2025 1:00:00 AM,9/6/2025 9:00:00 PM,RFC,MIDATL,AE,AECO,1383.067,True
9/7/2025 2:00:00 AM,9/6/2025 10:00:00 PM,RFC,MIDATL,AE,AECO,1296.324,True
9/7/2025 3:00:00 AM,9/6/2025 11:00:00 PM,RFC,MIDATL,AE,AECO,1193.740,True
9/7/2025 4:00:00 AM,9/7/2025 12:00:00 AM,RFC,MIDATL,AE,AECO,1103.258,True
9/7/2025 5:00:00 AM,9/7/2025 1:00:00 AM,RFC,MIDATL,AE,AECO,1035.615,True
9/7/2025 6:00:00 AM,9/7/2025 2:00:00 AM,RFC,MIDATL,AE,AECO,988.778,True
9/7/2025 7:00:00 AM,9/7/2025 3:00:00 AM,RFC,MIDATL,AE,AECO,945.590,True
9/7/2025 8:00:00 AM,9/7/2025 4:00:00 AM,RFC,MIDATL,AE,AECO,924.257,True
9/7/2025 9:00:00 AM,9/7/2025 5:00:00 AM,RFC,MIDATL,AE,AECO,916.578,True
9/7/2025 10:00:00 AM,9/7/2025 6:00:00 AM,RFC,MIDATL,AE,AECO,928.437,True
9/7/2025 11:00:00 AM,9/7/2025 7:00:00 AM,RFC,MIDATL,AE,AECO,932.391,True
9/7/2025 12:00:00 PM,9/7/2025 8:00:00 AM,RFC,MIDATL,AE,AECO,984.145,True
9/7/2025 1:00:00 PM,9/7/2025 9:00:00 AM,RFC,MIDATL,AE,AECO,1029.158,True
9/7/2025 2:00:00 PM,9/7/2025 10:00:00 AM,RFC,MIDATL,AE,AECO,1039.034,True
9/7/2025 3:00:00 PM,9/7/2025 11:00:00 AM,RFC,MIDATL,AE,AECO,1038.489,True
9/7/2025 4:00:00 PM,9/7/2025 12:00:00 PM,RFC,MIDATL,AE,AECO,1018.660,True
9/7/2025 5:00:00 PM,9/7/2025 1:00:00 PM,RFC,MIDATL,AE,AECO,983.311,True
9/7/2025 6:00:00 PM,9/7/2025 2:00:00 PM,RFC,MIDATL,AE,AECO,968.323,True
9/7/2025 7:00:00 PM,9/7/2025 3:00:00 PM,RFC,MIDATL,AE,AECO,997.186,True
9/7/2025 8:00:00 PM,9/7/2025 4:00:00 PM,RFC,MIDATL,AE,AECO,1011.706,True
9/7/2025 9:00:00 PM,9/7/2025 5:00:00 PM,RFC,MIDATL,AE,AECO,1087.828,True
9/7/2025 10:00:00 PM,9/7/2025 6:00:00 PM,RFC,MIDATL,AE,AECO,1129.482,True
9/7/2025 11:00:00 PM,9/7/2025 7:00:00 PM,RFC,MIDATL,AE,AECO,1146.859,True
9/8/2025 12:00:00 AM,9/7/2025 8:00:00 PM,RFC,MIDATL,AE,AECO,1136.154,True
9/8/2025 1:00:00 AM,9/7/2025 9:00:00 PM,RFC,MIDATL,AE,AECO,1074.769,True
9/8/2025 2:00:00 AM,9/7/2025 10:00:00 PM,RFC,MIDATL,AE,AECO,993.066,True
9/8/2025 3:00:00 AM,9/7/2025 11:00:00 PM,RFC,MIDATL,AE,AECO,919.633,True
9/8/2025 4:00:00 AM,9/8/2025 12:00:00 AM,RFC,MIDATL,AE,AECO,858.186,True
9/8/2025 5:00:00 AM,9/8/2025 1:00:00 AM,RFC,MIDATL,AE,AECO,813.872,True
9/8/2025 6:00:00 AM,9/8/2025 2:00:00 AM,RFC,MIDATL,AE,AECO,785.434,True
9/8/2025 7:00:00 AM,9/8/2025 3:00:00 AM,RFC,MIDATL,AE,AECO,769.616,True
9/8/2025 8:00:00 AM,9/8/2025 4:00:00 AM,RFC,MIDATL,AE,AECO,773.715,True
9/8/2025 9:00:00 AM,9/8/2025 5:00:00 AM,RFC,MIDATL,AE,AECO,814.382,True
9/8/2025 10:00:00 AM,9/8/2025 6:00:00 AM,RFC,MIDATL,AE,AECO,878.188,True
9/8/2025 11:00:00 AM,9/8/2025 7:00:00 AM,RFC,MIDATL,AE,AECO,894.916,True
9/8/2025 12:00:00 PM,9/8/2025 8:00:00 AM,RFC,MIDATL,AE,AECO,850.038,True
9/8/2025 1:00:00 PM,9/8/2025 9:00:00 AM,RFC,MIDATL,AE,AECO,796.991,True
9/8/2025 2:00:00 PM,9/8/2025 10:00:00 AM,RFC,MIDATL,AE,AECO,727.433,True
9/8/2025 3:00:00 PM,9/8/2025 11:00:00 AM,RFC,MIDATL,AE,AECO,643.492,True
9/8/2025 4:00:00 PM,9/8/2025 12:00:00 PM,RFC,MIDATL,AE,AECO,629.649,True
9/8/2025 5:00:00 PM,9/8/2025 1:00:00 PM,RFC,MIDATL,AE,AECO,666.399,True
9/8/2025 6:00:00 PM,9/8/2025 2:00:00 PM,RFC,MIDATL,AE,AECO,730.516,True
9/8/2025 7:00:00 PM,9/8/2025 3:00:00 PM,RFC,MIDATL,AE,AECO,838.810,True
9/8/2025 8:00:00 PM,9/8/2025 4:00:00 PM,RFC,MIDATL,AE,AECO,984.398,True
9/8/2025 9:00:00 PM,9/8/2025 5:00:00 PM,RFC,MIDATL,AE,AECO,1121.957,True
9/8/2025 10:00:00 PM,9/8/2025 6:00:00 PM,RFC,MIDATL,AE,AECO,1184.108,True
9/8/2025 11:00:00 PM,9/8/2025 7:00:00 PM,RFC,MIDATL,AE,AECO,1175.228,True
9/9/2025 12:00:00 AM,9/8/2025 8:00:00 PM,RFC,MIDATL,AE,AECO,1145.590,True
9/9/2025 1:00:00 AM,9/8/2025 9:00:00 PM,RFC,MIDATL,AE,AECO,1065.810,True
9/9/2025 2:00:00 AM,9/8/2025 10:00:00 PM,RFC,MIDATL,AE,AECO,974.712,True
9/9/2025 3:00:00 AM,9/8/2025 11:00:00 PM,RFC,MIDATL,AE,AECO,890.738,True
9/9/2025 4:00:00 AM,9/9/2025 12:00:00 AM,RFC,MIDATL,AE,AECO,829.190,True
9/9/2025 5:00:00 AM,9/9/2025 1:00:00 AM,RFC,MIDATL,AE,AECO,791.834,True
9/9/2025 6:00:00 AM,9/9/2025 2:00:00 AM,RFC,MIDATL,AE,AECO,771.994,True
9/9/2025 7:00:00 AM,9/9/2025 3:00:00 AM,RFC,MIDATL,AE,AECO,761.350,True
9/9/2025 8:00:00 AM,9/9/2025 4:00:00 AM,RFC,MIDATL,AE,AECO,774.953,True
9/9/2025 9:00:00 AM,9/9/2025 5:00:00 AM,RFC,MIDATL,AE,AECO,813.105,True
9/9/2025 10:00:00 AM,9/9/2025 6:00:00 AM,RFC,MIDATL,AE,AECO,880.042,True
9/9/2025 11:00:00 AM,9/9/2025 7:00:00 AM,RFC,MIDATL,AE,AECO,883.707,True
9/9/2025 12:00:00 PM,9/9/2025 8:00:00 AM,RFC,MIDATL,AE,AECO,832.250,True
9/9/2025 1:00:00 PM,9/9/2025 9:00:00 AM,RFC,MIDATL,AE,AECO,762.536,True
9/9/2025 2:00:00 PM,9/9/2025 10:00:00 AM,RFC,MIDATL,AE,AECO,718.336,True
9/9/2025 3:00:00 PM,9/9/2025 11:00:00 AM,RFC,MIDATL,AE,AECO,741.165,True
9/9/2025 4:00:00 PM,9/9/2025 12:00:00 PM,RFC,MIDATL,AE,AECO,785.074,True
9/9/2025 5:00:00 PM,9/9/2025 1:00:00 PM,RFC,MIDATL,AE,AECO,870.767,True
9/9/2025 6:00:00 PM,9/9/2025 2:00:00 PM,RFC,MIDATL,AE,AECO,905.826,True
9/9/2025 7:00:00 PM,9/9/2025 3:00:00 PM,RFC,MIDATL,AE,AECO,962.668,True
9/9/2025 8:00:00 PM,9/9/2025 4:00:00 PM,RFC,MIDATL,AE,AECO,992.633,True
9/9/2025 9:00:00 PM,9/9/2025 5:00:00 PM,RFC,MIDATL,AE,AECO,1054.710,True
9/9/2025 10:00:00 PM,9/9/2025 6:00:00 PM,RFC,MIDATL,AE,AECO,1104.806,True
9/9/2025 11:00:00 PM,9/9/2025 7:00:00 PM,RFC,MIDATL,AE,AECO,1146.949,True
9/10/2025 12:00:00 AM,9/9/2025 8:00:00 PM,RFC,MIDATL,AE,AECO,1128.547,True
9/10/2025 1:00:00 AM,9/9/2025 9:00:00 PM,RFC,MIDATL,AE,AECO,1075.219,True
9/10/2025 2:00:00 AM,9/9/2025 10:00:00 PM,RFC,MIDATL,AE,AECO,997.836,True
9/10/2025 3:00:00 AM,9/9/2025 11:00:00 PM,RFC,MIDATL,AE,AECO,927.486,True
9/10/2025 4:00:00 AM,9/10/2025 12:00:00 AM,RFC,MIDATL,AE,AECO,875.547,True
9/10/2025 5:00:00 AM,9/10/2025 1:00:00 AM,RFC,MIDATL,AE,AECO,839.164,True
9/10/2025 6:00:00 AM,9/10/2025 2:00:00 AM,RFC,MIDATL,AE,AECO,822.067,True
9/10/2025 7:00:00 AM,9/10/2025 3:00:00 AM,RFC,MIDATL,AE,AECO,814.442,True
9/10/2025 8:00:00 AM,9/10/2025 4:00:00 AM,RFC,MIDATL,AE,AECO,825.783,True
9/10/2025 9:00:00 AM,9/10/2025 5:00:00 AM,RFC,MIDATL,AE,AECO,868.828,True
9/10/2025 10:00:00 AM,9/10/2025 6:00:00 AM,RFC,MIDATL,AE,AECO,950.014,True
9/10/2025 11:00:00 AM,9/10/2025 7:00:00 AM,RFC,MIDATL,AE,AECO,982.841,True
9/10/2025 12:00:00 PM,9/10/2025 8:00:00 AM,RFC,MIDATL,AE,AECO,1010.141,True
9/10/2025 1:00:00 PM,9/10/2025 9:00:00 AM,RFC,MIDATL,AE,AECO,998.584,True
9/10/2025 2:00:00 PM,9/10/2025 10:00:00 AM,RFC,MIDATL,AE,AECO,997.091,True
9/10/2025 3:00:00 PM,9/10/2025 11:00:00 AM,RFC,MIDATL,AE,AECO,977.999,True
9/10/2025 4:00:00 PM,9/10/2025 12:00:00 PM,RFC,MIDATL,AE,AECO,960.649,True
9/10/2025 5:00:00 PM,9/10/2025 1:00:00 PM,RFC,MIDATL,AE,AECO,1006.846,True
9/10/2025 6:00:00 PM,9/10/2025 2:00:00 PM,RFC,MIDATL,AE,AECO,1034.222,True
9/10/2025 7:00:00 PM,9/10/2025 3:00:00 PM,RFC,MIDATL,AE,AECO,1025.249,True
9/10/2025 8:00:00 PM,9/10/2025 4:00:00 PM,RFC,MIDATL,AE,AECO,1049.767,True
9/10/2025 9:00:00 PM,9/10/2025 5:00:00 PM,RFC,MIDATL,AE,AECO,1076.510,True
9/10/2025 10:00:00 PM,9/10/2025 6:00:00 PM,RFC,MIDATL,AE,AECO,1117.249,True
9/10/2025 11:00:00 PM,9/10/2025 7:00:00 PM,RFC,MIDATL,AE,AECO,1146.816,True
9/11/2025 12:00:00 AM,9/10/2025 8:00:00 PM,RFC,MIDATL,AE,AECO,1140.084,True
9/11/2025 1:00:00 AM,9/10/2025 9:00:00 PM,RFC,MIDATL,AE,AECO,1095.287,True
9/11/2025 2:00:00 AM,9/10/2025 10:00:00 PM,RFC,MIDATL,AE,AECO,1012.798,True
9/11/2025 3:00:00 AM,9/10/2025 11:00:00 PM,RFC,MIDATL,AE,AECO,931.843,True
9/11/2025 4:00:00 AM,9/11/2025 12:00:00 AM,RFC,MIDATL,AE,AECO,876.557,True
9/11/2025 5:00:00 AM,9/11/2025 1:00:00 AM,RFC,MIDATL,AE,AECO,841.242,True
9/11/2025 6:00:00 AM,9/11/2025 2:00:00 AM,RFC,MIDATL,AE,AECO,812.629,True
9/11/2025 7:00:00 AM,9/11/2025 3:00:00 AM,RFC,MIDATL,AE,AECO,801.339,True
9/11/2025 8:00:00 AM,9/11/2025 4:00:00 AM,RFC,MIDATL,AE,AECO,799.750,True
9/11/2025 9:00:00 AM,9/11/2025 5:00:00 AM,RFC,MIDATL,AE,AECO,840.467,True
9/11/2025 10:00:00 AM,9/11/2025 6:00:00 AM,RFC,MIDATL,AE,AECO,908.479,True
9/11/2025 11:00:00 AM,9/11/2025 7:00:00 AM,RFC,MIDATL,AE,AECO,922.862,True
9/11/2025 12:00:00 PM,9/11/2025 8:00:00 AM,RFC,MIDATL,AE,AECO,912.444,True
9/11/2025 1:00:00 PM,9/11/2025 9:00:00 AM,RFC,MIDATL,AE,AECO,886.320,True
9/11/2025 2:00:00 PM,9/11/2025 10:00:00 AM,RFC,MIDATL,AE,AECO,872.216,True
9/11/2025 3:00:00 PM,9/11/2025 11:00:00 AM,RFC,MIDATL,AE,AECO,848.300,True
9/11/2025 4:00:00 PM,9/11/2025 12:00:00 PM,RFC,MIDATL,AE,AECO,875.387,True
9/11/2025 5:00:00 PM,9/11/2025 1:00:00 PM,RFC,MIDATL,AE,AECO,939.259,True
9/11/2025 6:00:00 PM,9/11/2025 2:00:00 PM,RFC,MIDATL,AE,AECO,1031.704,True
9/11/2025 7:00:00 PM,9/11/2025 3:00:00 PM,RFC,MIDATL,AE,AECO,1131.084,True
9/11/2025 8:00:00 PM,9/11/2025 4:00:00 PM,RFC,MIDATL,AE,AECO,1212.132,True
9/11/2025 9:00:00 PM,9/11/2025 5:00:00 PM,RFC,MIDATL,AE,AECO,1290.228,True
9/11/2025 10:00:00 PM,9/11/2025 6:00:00 PM,RFC,MIDATL,AE,AECO,1323.405,True
9/11/2025 11:00:00 PM,9/11/2025 7:00:00 PM,RFC,MIDATL,AE,AECO,1310.971,True
9/12/2025 12:00:00 AM,9/11/2025 8:00:00 PM,RFC,MIDATL,AE,AECO,1268.135,True
9/12/2025 1:00:00 AM,9/11/2025 9:00:00 PM,RFC,MIDATL,AE,AECO,1180.707,True
9/12/2025 2:00:00 AM,9/11/2025 10:00:00 PM,RFC,MIDATL,AE,AECO,1078.522,True
9/12/2025 3:00:00 AM,9/11/2025 11:00:00 PM,RFC,MIDATL,AE,AECO,977.271,True
9/12/2025 4:00:00 AM,9/12/2025 12:00:00 AM,RFC,MIDATL,AE,AECO,898.800,True
9/12/2025 5:00:00 AM,9/12/2025 1:00:00 AM,RFC,MIDATL,AE,AECO,846.443,True
9/12/2025 6:00:00 AM,9/12/2025 2:00:00 AM,RFC,MIDATL,AE,AECO,816.355,True
9/12/2025 7:00:00 AM,9/12/2025 3:00:00 AM,RFC,MIDATL,AE,AECO,795.700,True
9/12/2025 8:00:00 AM,9/12/2025 4:00:00 AM,RFC,MIDATL,AE,AECO,798.557,True
9/12/2025 9:00:00 AM,9/12/2025 5:00:00 AM,RFC,MIDATL,AE,AECO,837.336,True
9/12/2025 10:00:00 AM,9/12/2025 6:00:00 AM,RFC,MIDATL,AE,AECO,896.608,True
9/12/2025 11:00:00 AM,9/12/2025 7:00:00 AM,RFC,MIDATL,AE,AECO,909.904,True
9/12/2025 12:00:00 PM,9/12/2025 8:00:00 AM,RFC,MIDATL,AE,AECO,886.975,True
9/12/2025 1:00:00 PM,9/12/2025 9:00:00 AM,RFC,MIDATL,AE,AECO,837.304,True
9/12/2025 2:00:00 PM,9/12/2025 10:00:00 AM,RFC,MIDATL,AE,AECO,804.309,True
9/12/2025 3:00:00 PM,9/12/2025 11:00:00 AM,RFC,MIDATL,AE,AECO,808.981,True
9/12/2025 4:00:00 PM,9/12/2025 12:00:00 PM,RFC,MIDATL,AE,AECO,867.926,True
9/12/2025 5:00:00 PM,9/12/2025 1:00:00 PM,RFC,MIDATL,AE,AECO,980.953,True
9/12/2025 6:00:00 PM,9/12/2025 2:00:00 PM,RFC,MIDATL,AE,AECO,1078.162,True
9/12/2025 7:00:00 PM,9/12/2025 3:00:00 PM,RFC,MIDATL,AE,AECO,1181.168,True
9/12/2025 8:00:00 PM,9/12/2025 4:00:00 PM,RFC,MIDATL,AE,AECO,1268.777,True
9/12/2025 9:00:00 PM,9/12/2025 5:00:00 PM,RFC,MIDATL,AE,AECO,1316.015,True
9/12/2025 10:00:00 PM,9/12/2025 6:00:00 PM,RFC,MIDATL,AE,AECO,1311.304,True
9/12/2025 11:00:00 PM,9/12/2025 7:00:00 PM,RFC,MIDATL,AE,AECO,1282.554,True
9/13/2025 12:00:00 AM,9/12/2025 8:00:00 PM,RFC,MIDATL,AE,AECO,1246.528,True
9/13/2025 1:00:00 AM,9/12/2025 9:00:00 PM,RFC,MIDATL,AE,AECO,1179.337,True
9/13/2025 2:00:00 AM,9/12/2025 10:00:00 PM,RFC,MIDATL,AE,AECO,1100.232,True
9/13/2025 3:00:00 AM,9/12/2025 11:00:00 PM,RFC,MIDATL,AE,AECO,996.530,True
9/13/2025 4:00:00 AM,9/13/2025 12:00:00 AM,RFC,MIDATL,AE,AECO,921.644,True
9/13/2025 5:00:00 AM,9/13/2025 1:00:00 AM,RFC,MIDATL,AE,AECO,865.940,True
9/13/2025 6:00:00 AM,9/13/2025 2:00:00 AM,RFC,MIDATL,AE,AECO,830.228,True
9/13/2025 7:00:00 AM,9/13/2025 3:00:00 AM,RFC,MIDATL,AE,AECO,813.298,True
9/13/2025 8:00:00 AM,9/13/2025 4:00:00 AM,RFC,MIDATL,AE,AECO,808.790,True
9/13/2025 9:00:00 AM,9/13/2025 5:00:00 AM,RFC,MIDATL,AE,AECO,819.720,True
9/13/2025 10:00:00 AM,9/13/2025 6:00:00 AM,RFC,MIDATL,AE,AECO,838.590,True
9/13/2025 11:00:00 AM,9/13/2025 7:00:00 AM,RFC,MIDATL,AE,AECO,842.339,True
9/13/2025 12:00:00 PM,9/13/2025 8:00:00 AM,RFC,MIDATL,AE,AECO,845.355,True
9/13/2025 1:00:00 PM,9/13/2025 9:00:00 AM,RFC,MIDATL,AE,AECO,820.616,True
9/13/2025 2:00:00 PM,9/13/2025 10:00:00 AM,RFC,MIDATL,AE,AECO,799.755,True
9/13/2025 3:00:00 PM,9/13/2025 11:00:00 AM,RFC,MIDATL,AE,AECO,816.391,True
9/13/2025 4:00:00 PM,9/13/2025 12:00:00 PM,RFC,MIDATL,AE,AECO,872.952,True
9/13/2025 5:00:00 PM,9/13/2025 1:00:00 PM,RFC,MIDATL,AE,AECO,969.943,True
9/13/2025 6:00:00 PM,9/13/2025 2:00:00 PM,RFC,MIDATL,AE,AECO,1048.865,True
9/13/2025 7:00:00 PM,9/13/2025 3:00:00 PM,RFC,MIDATL,AE,AECO,1126.682,True
9/13/2025 8:00:00 PM,9/13/2025 4:00:00 PM,RFC,MIDATL,AE,AECO,1243.525,True
9/13/2025 9:00:00 PM,9/13/2025 5:00:00 PM,RFC,MIDATL,AE,AECO,1328.352,True
9/13/2025 10:00:00 PM,9/13/2025 6:00:00 PM,RFC,MIDATL,AE,AECO,1329.621,True
9/13/2025 11:00:00 PM,9/13/2025 7:00:00 PM,RFC,MIDATL,AE,AECO,1284.970,True
9/14/2025 12:00:00 AM,9/13/2025 8:00:00 PM,RFC,MIDATL,AE,AECO,1229.741,True
9/14/2025 1:00:00 AM,9/13/2025 9:00:00 PM,RFC,MIDATL,AE,AECO,1162.114,True
9/14/2025 2:00:00 AM,9/13/2025 10:00:00 PM,RFC,MIDATL,AE,AECO,1086.210,True
9/14/2025 3:00:00 AM,9/13/2025 11:00:00 PM,RFC,MIDATL,AE,AECO,1013.066,True
9/14/2025 4:00:00 AM,9/14/2025 12:00:00 AM,RFC,MIDATL,AE,AECO,937.193,True
9/14/2025 5:00:00 AM,9/14/2025 1:00:00 AM,RFC,MIDATL,AE,AECO,882.070,True
9/14/2025 6:00:00 AM,9/14/2025 2:00:00 AM,RFC,MIDATL,AE,AECO,849.689,True
9/14/2025 7:00:00 AM,9/14/2025 3:00:00 AM,RFC,MIDATL,AE,AECO,827.046,True
9/14/2025 8:00:00 AM,9/14/2025 4:00:00 AM,RFC,MIDATL,AE,AECO,819.291,True
9/14/2025 9:00:00 AM,9/14/2025 5:00:00 AM,RFC,MIDATL,AE,AECO,826.858,True
9/14/2025 10:00:00 AM,9/14/2025 6:00:00 AM,RFC,MIDATL,AE,AECO,837.099,True
9/14/2025 11:00:00 AM,9/14/2025 7:00:00 AM,RFC,MIDATL,AE,AECO,839.228,True
9/14/2025 12:00:00 PM,9/14/2025 8:00:00 AM,RFC,MIDATL,AE,AECO,846.502,True
9/14/2025 1:00:00 PM,9/14/2025 9:00:00 AM,RFC,MIDATL,AE,AECO,838.272,True
9/14/2025 2:00:00 PM,9/14/2025 10:00:00 AM,RFC,MIDATL,AE,AECO,847.301,True
9/14/2025 3:00:00 PM,9/14/2025 11:00:00 AM,RFC,MIDATL,AE,AECO,875.338,True
9/14/2025 4:00:00 PM,9/14/2025 12:00:00 PM,RFC,MIDATL,AE,AECO,959.761,True
9/14/2025 5:00:00 PM,9/14/2025 1:00:00 PM,RFC,MIDATL,AE,AECO,1071.947,True
9/14/2025 6:00:00 PM,9/14/2025 2:00:00 PM,RFC,MIDATL,AE,AECO,1168.240,True
9/14/2025 7:00:00 PM,9/14/2025 3:00:00 PM,RFC,MIDATL,AE,AECO,1271.795,True
9/14/2025 8:00:00 PM,9/14/2025 4:00:00 PM,RFC,MIDATL,AE,AECO,1348.345,True
9/14/2025 9:00:00 PM,9/14/2025 5:00:00 PM,RFC,MIDATL,AE,AECO,1395.839,True
9/14/2025 10:00:00 PM,9/14/2025 6:00:00 PM,RFC,MIDATL,AE,AECO,1376.720,True
9/14/2025 11:00:00 PM,9/14/2025 7:00:00 PM,RFC,MIDATL,AE,AECO,1345.100,True
9/15/2025 12:00:00 AM,9/14/2025 8:00:00 PM,RFC,MIDATL,AE,AECO,1299.525,True
9/15/2025 1:00:00 AM,9/14/2025 9:00:00 PM,RFC,MIDATL,AE,AECO,1193.682,True
9/15/2025 2:00:00 AM,9/14/2025 10:00:00 PM,RFC,MIDATL,AE,AECO,1091.810,True
9/15/2025 3:00:00 AM,9/14/2025 11:00:00 PM,RFC,MIDATL,AE,AECO,1000.589,True
9/15/2025 4:00:00 AM,9/15/2025 12:00:00 AM,RFC,MIDATL,AE,AECO,914.607,True
9/15/2025 5:00:00 AM,9/15/2025 1:00:00 AM,RFC,MIDATL,AE,AECO,864.956,True
9/15/2025 6:00:00 AM,9/15/2025 2:00:00 AM,RFC,MIDATL,AE,AECO,830.977,True
9/15/2025 7:00:00 AM,9/15/2025 3:00:00 AM,RFC,MIDATL,AE,AECO,817.846,True
9/15/2025 8:00:00 AM,9/15/2025 4:00:00 AM,RFC,MIDATL,AE,AECO,822.542,True
9/15/2025 9:00:00 AM,9/15/2025 5:00:00 AM,RFC,MIDATL,AE,AECO,867.823,True
9/15/2025 10:00:00 AM,9/15/2025 6:00:00 AM,RFC,MIDATL,AE,AECO,925.537,True
9/15/2025 11:00:00 AM,9/15/2025 7:00:00 AM,RFC,MIDATL,AE,AECO,954.458,True
9/15/2025 12:00:00 PM,9/15/2025 8:00:00 AM,RFC,MIDATL,AE,AECO,930.912,True
9/15/2025 1:00:00 PM,9/15/2025 9:00:00 AM,RFC,MIDATL,AE,AECO,904.136,True
9/15/2025 2:00:00 PM,9/15/2025 10:00:00 AM,RFC,MIDATL,AE,AECO,892.723,True
9/15/2025 3:00:00 PM,9/15/2025 11:00:00 AM,RFC,MIDATL,AE,AECO,933.069,True
9/15/2025 4:00:00 PM,9/15/2025 12:00:00 PM,RFC,MIDATL,AE,AECO,957.470,True
9/15/2025 5:00:00 PM,9/15/2025 1:00:00 PM,RFC,MIDATL,AE,AECO,1028.192,True
9/15/2025 6:00:00 PM,9/15/2025 2:00:00 PM,RFC,MIDATL,AE,AECO,1071.227,True
9/15/2025 7:00:00 PM,9/15/2025 3:00:00 PM,RFC,MIDATL,AE,AECO,1142.224,True
9/15/2025 8:00:00 PM,9/15/2025 4:00:00 PM,RFC,MIDATL,AE,AECO,1221.941,True
9/15/2025 9:00:00 PM,9/15/2025 5:00:00 PM,RFC,MIDATL,AE,AECO,1272.521,True
9/15/2025 10:00:00 PM,9/15/2025 6:00:00 PM,RFC,MIDATL,AE,AECO,1281.288,True
9/15/2025 11:00:00 PM,9/15/2025 7:00:00 PM,RFC,MIDATL,AE,AECO,1286.632,True
9/16/2025 12:00:00 AM,9/15/2025 8:00:00 PM,RFC,MIDATL,AE,AECO,1250.834,True
9/16/2025 1:00:00 AM,9/15/2025 9:00:00 PM,RFC,MIDATL,AE,AECO,1157.578,True
9/16/2025 2:00:00 AM,9/15/2025 10:00:00 PM,RFC,MIDATL,AE,AECO,1061.737,True
9/16/2025 3:00:00 AM,9/15/2025 11:00:00 PM,RFC,MIDATL,AE,AECO,980.089,True
9/16/2025 4:00:00 AM,9/16/2025 12:00:00 AM,RFC,MIDATL,AE,AECO,901.767,True
9/16/2025 5:00:00 AM,9/16/2025 1:00:00 AM,RFC,MIDATL,AE,AECO,866.174,True
9/16/2025 6:00:00 AM,9/16/2025 2:00:00 AM,RFC,MIDATL,AE,AECO,836.508,True
9/16/2025 7:00:00 AM,9/16/2025 3:00:00 AM,RFC,MIDATL,AE,AECO,817.730,True
9/16/2025 8:00:00 AM,9/16/2025 4:00:00 AM,RFC,MIDATL,AE,AECO,823.185,True
9/16/2025 9:00:00 AM,9/16/2025 5:00:00 AM,RFC,MIDATL,AE,AECO,869.877,True
9/16/2025 10:00:00 AM,9/16/2025 6:00:00 AM,RFC,MIDATL,AE,AECO,936.072,True
9/16/2025 11:00:00 AM,9/16/2025 7:00:00 AM,RFC,MIDATL,AE,AECO,976.016,True
9/16/2025 12:00:00 PM,9/16/2025 8:00:00 AM,RFC,MIDATL,AE,AECO,995.969,True
9/16/2025 1:00:00 PM,9/16/2025 9:00:00 AM,RFC,MIDATL,AE,AECO,1008.384,True
9/16/2025 2:00:00 PM,9/16/2025 10:00:00 AM,RFC,MIDATL,AE,AECO,1023.292,True
9/16/2025 3:00:00 PM,9/16/2025 11:00:00 AM,RFC,MIDATL,AE,AECO,973.515,True
9/16/2025 4:00:00 PM,9/16/2025 12:00:00 PM,RFC,MIDATL,AE,AECO,952.200,True
9/16/2025 5:00:00 PM,9/16/2025 1:00:00 PM,RFC,MIDATL,AE,AECO,918.245,True
9/16/2025 6:00:00 PM,9/16/2025 2:00:00 PM,RFC,MIDATL,AE,AECO,915.007,True
9/16/2025 7:00:00 PM,9/16/2025 3:00:00 PM,RFC,MIDATL,AE,AECO,941.352,True
9/16/2025 8:00:00 PM,9/16/2025 4:00:00 PM,RFC,MIDATL,AE,AECO,1018.247,True
9/16/2025 9:00:00 PM,9/16/2025 5:00:00 PM,RFC,MIDATL,AE,AECO,1067.557,True
9/16/2025 10:00:00 PM,9/16/2025 6:00:00 PM,RFC,MIDATL,AE,AECO,1101.875,True
9/16/2025 11:00:00 PM,9/16/2025 7:00:00 PM,RFC,MIDATL,AE,AECO,1138.015,True
9/17/2025 12:00:00 AM,9/16/2025 8:00:00 PM,RFC,MIDATL,AE,AECO,1107.559,True
9/17/2025 1:00:00 AM,9/16/2025 9:00:00 PM,RFC,MIDATL,AE,AECO,1055.733,True
9/17/2025 2:00:00 AM,9/16/2025 10:00:00 PM,RFC,MIDATL,AE,AECO,987.187,True
9/17/2025 3:00:00 AM,9/16/2025 11:00:00 PM,RFC,MIDATL,AE,AECO,916.084,True
9/17/2025 4:00:00 AM,9/17/2025 12:00:00 AM,RFC,MIDATL,AE,AECO,864.930,True
9/17/2025 5:00:00 AM,9/17/2025 1:00:00 AM,RFC,MIDATL,AE,AECO,832.872,True
9/17/2025 6:00:00 AM,9/17/2025 2:00:00 AM,RFC,MIDATL,AE,AECO,810.789,True
9/17/2025 7:00:00 AM,9/17/2025 3:00:00 AM,RFC,MIDATL,AE,AECO,803.352,True
9/17/2025 8:00:00 AM,9/17/2025 4:00:00 AM,RFC,MIDATL,AE,AECO,820.047,True
9/17/2025 9:00:00 AM,9/17/2025 5:00:00 AM,RFC,MIDATL,AE,AECO,863.322,True
9/17/2025 10:00:00 AM,9/17/2025 6:00:00 AM,RFC,MIDATL,AE,AECO,927.596,True
9/17/2025 11:00:00 AM,9/17/2025 7:00:00 AM,RFC,MIDATL,AE,AECO,978.834,True
9/17/2025 12:00:00 PM,9/17/2025 8:00:00 AM,RFC,MIDATL,AE,AECO,998.041,True
9/17/2025 1:00:00 PM,9/17/2025 9:00:00 AM,RFC,MIDATL,AE,AECO,1018.844,True
9/17/2025 2:00:00 PM,9/17/2025 10:00:00 AM,RFC,MIDATL,AE,AECO,1010.737,True
9/17/2025 3:00:00 PM,9/17/2025 11:00:00 AM,RFC,MIDATL,AE,AECO,1019.960,True
9/17/2025 4:00:00 PM,9/17/2025 12:00:00 PM,RFC,MIDATL,AE,AECO,1013.051,True
9/17/2025 5:00:00 PM,9/17/2025 1:00:00 PM,RFC,MIDATL,AE,AECO,1010.465,True
9/17/2025 6:00:00 PM,9/17/2025 2:00:00 PM,RFC,MIDATL,AE,AECO,1018.180,True
9/17/2025 7:00:00 PM,9/17/2025 3:00:00 PM,RFC,MIDATL,AE,AECO,1039.559,True
9/17/2025 8:00:00 PM,9/17/2025 4:00:00 PM,RFC,MIDATL,AE,AECO,1066.237,True
9/17/2025 9:00:00 PM,9/17/2025 5:00:00 PM,RFC,MIDATL,AE,AECO,1104.135,True
9/17/2025 10:00:00 PM,9/17/2025 6:00:00 PM,RFC,MIDATL,AE,AECO,1121.098,True
9/17/2025 11:00:00 PM,9/17/2025 7:00:00 PM,RFC,MIDATL,AE,AECO,1152.309,True
9/18/2025 12:00:00 AM,9/17/2025 8:00:00 PM,RFC,MIDATL,AE,AECO,1134.175,True
9/18/2025 1:00:00 AM,9/17/2025 9:00:00 PM,RFC,MIDATL,AE,AECO,1083.959,True
9/18/2025 2:00:00 AM,9/17/2025 10:00:00 PM,RFC,MIDATL,AE,AECO,1009.672,True
9/18/2025 3:00:00 AM,9/17/2025 11:00:00 PM,RFC,MIDATL,AE,AECO,938.704,True
9/18/2025 4:00:00 AM,9/18/2025 12:00:00 AM,RFC,MIDATL,AE,AECO,888.534,True
9/18/2025 5:00:00 AM,9/18/2025 1:00:00 AM,RFC,MIDATL,AE,AECO,847.429,True
9/18/2025 6:00:00 AM,9/18/2025 2:00:00 AM,RFC,MIDATL,AE,AECO,824.713,True
9/18/2025 7:00:00 AM,9/18/2025 3:00:00 AM,RFC,MIDATL,AE,AECO,811.415,True
9/18/2025 8:00:00 AM,9/18/2025 4:00:00 AM,RFC,MIDATL,AE,AECO,821.365,True
9/18/2025 9:00:00 AM,9/18/2025 5:00:00 AM,RFC,MIDATL,AE,AECO,856.785,True
9/18/2025 10:00:00 AM,9/18/2025 6:00:00 AM,RFC,MIDATL,AE,AECO,935.376,True
9/18/2025 11:00:00 AM,9/18/2025 7:00:00 AM,RFC,MIDATL,AE,AECO,967.841,True
9/18/2025 12:00:00 PM,9/18/2025 8:00:00 AM,RFC,MIDATL,AE,AECO,974.337,True
9/18/2025 1:00:00 PM,9/18/2025 9:00:00 AM,RFC,MIDATL,AE,AECO,940.850,True
9/18/2025 2:00:00 PM,9/18/2025 10:00:00 AM,RFC,MIDATL,AE,AECO,950.057,True
9/18/2025 3:00:00 PM,9/18/2025 11:00:00 AM,RFC,MIDATL,AE,AECO,942.507,True
9/18/2025 4:00:00 PM,9/18/2025 12:00:00 PM,RFC,MIDATL,AE,AECO,932.816,True
9/18/2025 5:00:00 PM,9/18/2025 1:00:00 PM,RFC,MIDATL,AE,AECO,952.556,True
9/18/2025 6:00:00 PM,9/18/2025 2:00:00 PM,RFC,MIDATL,AE,AECO,1035.547,True
9/18/2025 7:00:00 PM,9/18/2025 3:00:00 PM,RFC,MIDATL,AE,AECO,1155.491,True
9/18/2025 8:00:00 PM,9/18/2025 4:00:00 PM,RFC,MIDATL,AE,AECO,1297.755,True
9/18/2025 9:00:00 PM,9/18/2025 5:00:00 PM,RFC,MIDATL,AE,AECO,1401.583,True
9/18/2025 10:00:00 PM,9/18/2025 6:00:00 PM,RFC,MIDATL,AE,AECO,1426.013,True
9/18/2025 11:00:00 PM,9/18/2025 7:00:00 PM,RFC,MIDATL,AE,AECO,1384.853,True
9/19/2025 12:00:00 AM,9/18/2025 8:00:00 PM,RFC,MIDATL,AE,AECO,1337.821,True
9/19/2025 1:00:00 AM,9/18/2025 9:00:00 PM,RFC,MIDATL,AE,AECO,1248.160,True
9/19/2025 2:00:00 AM,9/18/2025 10:00:00 PM,RFC,MIDATL,AE,AECO,1147.800,True
9/19/2025 3:00:00 AM,9/18/2025 11:00:00 PM,RFC,MIDATL,AE,AECO,1042.067,True
9/19/2025 4:00:00 AM,9/19/2025 12:00:00 AM,RFC,MIDATL,AE,AECO,960.274,True
9/19/2025 5:00:00 AM,9/19/2025 1:00:00 AM,RFC,MIDATL,AE,AECO,901.127,True
9/19/2025 6:00:00 AM,9/19/2025 2:00:00 AM,RFC,MIDATL,AE,AECO,858.106,True
9/19/2025 7:00:00 AM,9/19/2025 3:00:00 AM,RFC,MIDATL,AE,AECO,838.820,True
9/19/2025 8:00:00 AM,9/19/2025 4:00:00 AM,RFC,MIDATL,AE,AECO,837.666,True
9/19/2025 9:00:00 AM,9/19/2025 5:00:00 AM,RFC,MIDATL,AE,AECO,868.672,True
9/19/2025 10:00:00 AM,9/19/2025 6:00:00 AM,RFC,MIDATL,AE,AECO,934.856,True
9/19/2025 11:00:00 AM,9/19/2025 7:00:00 AM,RFC,MIDATL,AE,AECO,965.219,True
9/19/2025 12:00:00 PM,9/19/2025 8:00:00 AM,RFC,MIDATL,AE,AECO,965.416,True
9/19/2025 1:00:00 PM,9/19/2025 9:00:00 AM,RFC,MIDATL,AE,AECO,945.280,True
9/19/2025 2:00:00 PM,9/19/2025 10:00:00 AM,RFC,MIDATL,AE,AECO,934.187,True
9/19/2025 3:00:00 PM,9/19/2025 11:00:00 AM,RFC,MIDATL,AE,AECO,981.929,True
9/19/2025 4:00:00 PM,9/19/2025 12:00:00 PM,RFC,MIDATL,AE,AECO,1066.984,True
9/19/2025 5:00:00 PM,9/19/2025 1:00:00 PM,RFC,MIDATL,AE,AECO,1182.045,True
9/19/2025 6:00:00 PM,9/19/2025 2:00:00 PM,RFC,MIDATL,AE,AECO,1302.615,True
9/19/2025 7:00:00 PM,9/19/2025 3:00:00 PM,RFC,MIDATL,AE,AECO,1433.614,True
9/19/2025 8:00:00 PM,9/19/2025 4:00:00 PM,RFC,MIDATL,AE,AECO,1561.727,True
9/19/2025 9:00:00 PM,9/19/2025 5:00:00 PM,RFC,MIDATL,AE,AECO,1621.126,True
9/19/2025 10:00:00 PM,9/19/2025 6:00:00 PM,RFC,MIDATL,AE,AECO,1587.003,True
9/19/2025 11:00:00 PM,9/19/2025 7:00:00 PM,RFC,MIDATL,AE,AECO,1523.516,True
9/20/2025 12:00:00 AM,9/19/2025 8:00:00 PM,RFC,MIDATL,AE,AECO,1450.004,True
9/20/2025 1:00:00 AM,9/19/2025 9:00:00 PM,RFC,MIDATL,AE,AECO,1336.758,True
9/20/2025 2:00:00 AM,9/19/2025 10:00:00 PM,RFC,MIDATL,AE,AECO,1219.379,True
9/20/2025 3:00:00 AM,9/19/2025 11:00:00 PM,RFC,MIDATL,AE,AECO,1117.362,True
9/20/2025 4:00:00 AM,9/20/2025 12:00:00 AM,RFC,MIDATL,AE,AECO,1024.493,True
9/20/2025 5:00:00 AM,9/20/2025 1:00:00 AM,RFC,MIDATL,AE,AECO,938.866,True
9/20/2025 6:00:00 AM,9/20/2025 2:00:00 AM,RFC,MIDATL,AE,AECO,893.682,True
9/20/2025 7:00:00 AM,9/20/2025 3:00:00 AM,RFC,MIDATL,AE,AECO,849.034,True
9/20/2025 8:00:00 AM,9/20/2025 4:00:00 AM,RFC,MIDATL,AE,AECO,833.636,True
9/20/2025 9:00:00 AM,9/20/2025 5:00:00 AM,RFC,MIDATL,AE,AECO,846.132,True
9/20/2025 10:00:00 AM,9/20/2025 6:00:00 AM,RFC,MIDATL,AE,AECO,850.175,True
9/20/2025 11:00:00 AM,9/20/2025 7:00:00 AM,RFC,MIDATL,AE,AECO,873.335,True
9/20/2025 12:00:00 PM,9/20/2025 8:00:00 AM,RFC,MIDATL,AE,AECO,872.513,True
9/20/2025 1:00:00 PM,9/20/2025 9:00:00 AM,RFC,MIDATL,AE,AECO,833.044,True
9/20/2025 2:00:00 PM,9/20/2025 10:00:00 AM,RFC,MIDATL,AE,AECO,802.949,True
9/20/2025 3:00:00 PM,9/20/2025 11:00:00 AM,RFC,MIDATL,AE,AECO,810.036,True
9/20/2025 4:00:00 PM,9/20/2025 12:00:00 PM,RFC,MIDATL,AE,AECO,863.304,True
9/20/2025 5:00:00 PM,9/20/2025 1:00:00 PM,RFC,MIDATL,AE,AECO,915.694,True
9/20/2025 6:00:00 PM,9/20/2025 2:00:00 PM,RFC,MIDATL,AE,AECO,990.944,True
9/20/2025 7:00:00 PM,9/20/2025 3:00:00 PM,RFC,MIDATL,AE,AECO,1067.245,True
9/20/2025 8:00:00 PM,9/20/2025 4:00:00 PM,RFC,MIDATL,AE,AECO,1122.922,True
9/20/2025 9:00:00 PM,9/20/2025 5:00:00 PM,RFC,MIDATL,AE,AECO,1161.427,True
9/20/2025 10:00:00 PM,9/20/2025 6:00:00 PM,RFC,MIDATL,AE,AECO,1169.863,True
9/20/2025 11:00:00 PM,9/20/2025 7:00:00 PM,RFC,MIDATL,AE,AECO,1169.724,True
9/21/2025 12:00:00 AM,9/20/2025 8:00:00 PM,RFC,MIDATL,AE,AECO,1125.575,True
9/21/2025 1:00:00 AM,9/20/2025 9:00:00 PM,RFC,MIDATL,AE,AECO,1078.235,True
9/21/2025 2:00:00 AM,9/20/2025 10:00:00 PM,RFC,MIDATL,AE,AECO,1009.261,True
9/21/2025 3:00:00 AM,9/20/2025 11:00:00 PM,RFC,MIDATL,AE,AECO,946.851,True
9/21/2025 4:00:00 AM,9/21/2025 12:00:00 AM,RFC,MIDATL,AE,AECO,877.855,True
9/21/2025 5:00:00 AM,9/21/2025 1:00:00 AM,RFC,MIDATL,AE,AECO,826.391,True
9/21/2025 6:00:00 AM,9/21/2025 2:00:00 AM,RFC,MIDATL,AE,AECO,799.101,True
9/21/2025 7:00:00 AM,9/21/2025 3:00:00 AM,RFC,MIDATL,AE,AECO,777.516,True
9/21/2025 8:00:00 AM,9/21/2025 4:00:00 AM,RFC,MIDATL,AE,AECO,778.829,True
9/21/2025 9:00:00 AM,9/21/2025 5:00:00 AM,RFC,MIDATL,AE,AECO,779.396,True
9/21/2025 10:00:00 AM,9/21/2025 6:00:00 AM,RFC,MIDATL,AE,AECO,805.346,True
9/21/2025 11:00:00 AM,9/21/2025 7:00:00 AM,RFC,MIDATL,AE,AECO,806.527,True
9/21/2025 12:00:00 PM,9/21/2025 8:00:00 AM,RFC,MIDATL,AE,AECO,812.825,True
9/21/2025 1:00:00 PM,9/21/2025 9:00:00 AM,RFC,MIDATL,AE,AECO,805.545,True
9/21/2025 2:00:00 PM,9/21/2025 10:00:00 AM,RFC,MIDATL,AE,AECO,761.525,True
9/21/2025 3:00:00 PM,9/21/2025 11:00:00 AM,RFC,MIDATL,AE,AECO,706.045,True
9/21/2025 4:00:00 PM,9/21/2025 12:00:00 PM,RFC,MIDATL,AE,AECO,694.197,True
9/21/2025 5:00:00 PM,9/21/2025 1:00:00 PM,RFC,MIDATL,AE,AECO,700.206,True
9/21/2025 6:00:00 PM,9/21/2025 2:00:00 PM,RFC,MIDATL,AE,AECO,750.136,True
9/21/2025 7:00:00 PM,9/21/2025 3:00:00 PM,RFC,MIDATL,AE,AECO,849.227,True
9/21/2025 8:00:00 PM,9/21/2025 4:00:00 PM,RFC,MIDATL,AE,AECO,968.237,True
9/21/2025 9:00:00 PM,9/21/2025 5:00:00 PM,RFC,MIDATL,AE,AECO,1079.377,True
9/21/2025 10:00:00 PM,9/21/2025 6:00:00 PM,RFC,MIDATL,AE,AECO,1109.027,True
9/21/2025 11:00:00 PM,9/21/2025 7:00:00 PM,RFC,MIDATL,AE,AECO,1115.316,True
9/22/2025 12:00:00 AM,9/21/2025 8:00:00 PM,RFC,MIDATL,AE,AECO,1072.350,True
9/22/2025 1:00:00 AM,9/21/2025 9:00:00 PM,RFC,MIDATL,AE,AECO,1006.035,True
9/22/2025 2:00:00 AM,9/21/2025 10:00:00 PM,RFC,MIDATL,AE,AECO,928.414,True
9/22/2025 3:00:00 AM,9/21/2025 11:00:00 PM,RFC,MIDATL,AE,AECO,850.904,True
9/22/2025 4:00:00 AM,9/22/2025 12:00:00 AM,RFC,MIDATL,AE,AECO,797.671,True
9/22/2025 5:00:00 AM,9/22/2025 1:00:00 AM,RFC,MIDATL,AE,AECO,763.181,True
9/22/2025 6:00:00 AM,9/22/2025 2:00:00 AM,RFC,MIDATL,AE,AECO,745.373,True
9/22/2025 7:00:00 AM,9/22/2025 3:00:00 AM,RFC,MIDATL,AE,AECO,732.644,True
9/22/2025 8:00:00 AM,9/22/2025 4:00:00 AM,RFC,MIDATL,AE,AECO,752.395,True
9/22/2025 9:00:00 AM,9/22/2025 5:00:00 AM,RFC,MIDATL,AE,AECO,792.551,True
9/22/2025 10:00:00 AM,9/22/2025 6:00:00 AM,RFC,MIDATL,AE,AECO,854.528,True
9/22/2025 11:00:00 AM,9/22/2025 7:00:00 AM,RFC,MIDATL,AE,AECO,881.256,True
9/22/2025 12:00:00 PM,9/22/2025 8:00:00 AM,RFC,MIDATL,AE,AECO,836.428,True
9/22/2025 1:00:00 PM,9/22/2025 9:00:00 AM,RFC,MIDATL,AE,AECO,802.148,True
9/22/2025 2:00:00 PM,9/22/2025 10:00:00 AM,RFC,MIDATL,AE,AECO,785.347,True
9/22/2025 3:00:00 PM,9/22/2025 11:00:00 AM,RFC,MIDATL,AE,AECO,781.460,True
9/22/2025 4:00:00 PM,9/22/2025 12:00:00 PM,RFC,MIDATL,AE,AECO,784.310,True
9/22/2025 5:00:00 PM,9/22/2025 1:00:00 PM,RFC,MIDATL,AE,AECO,790.172,True
9/22/2025 6:00:00 PM,9/22/2025 2:00:00 PM,RFC,MIDATL,AE,AECO,834.666,True
9/22/2025 7:00:00 PM,9/22/2025 3:00:00 PM,RFC,MIDATL,AE,AECO,933.476,True
9/22/2025 8:00:00 PM,9/22/2025 4:00:00 PM,RFC,MIDATL,AE,AECO,1064.373,True
9/22/2025 9:00:00 PM,9/22/2025 5:00:00 PM,RFC,MIDATL,AE,AECO,1181.362,True
9/22/2025 10:00:00 PM,9/22/2025 6:00:00 PM,RFC,MIDATL,AE,AECO,1225.145,True
9/22/2025 11:00:00 PM,9/22/2025 7:00:00 PM,RFC,MIDATL,AE,AECO,1239.881,True
9/23/2025 12:00:00 AM,9/22/2025 8:00:00 PM,RFC,MIDATL,AE,AECO,1188.298,True
9/23/2025 1:00:00 AM,9/22/2025 9:00:00 PM,RFC,MIDATL,AE,AECO,1125.270,True
9/23/2025 2:00:00 AM,9/22/2025 10:00:00 PM,RFC,MIDATL,AE,AECO,1033.466,True
9/23/2025 3:00:00 AM,9/22/2025 11:00:00 PM,RFC,MIDATL,AE,AECO,950.905,True
9/23/2025 4:00:00 AM,9/23/2025 12:00:00 AM,RFC,MIDATL,AE,AECO,879.038,True
9/23/2025 5:00:00 AM,9/23/2025 1:00:00 AM,RFC,MIDATL,AE,AECO,843.007,True
9/23/2025 6:00:00 AM,9/23/2025 2:00:00 AM,RFC,MIDATL,AE,AECO,821.947,True
9/23/2025 7:00:00 AM,9/23/2025 3:00:00 AM,RFC,MIDATL,AE,AECO,812.664,True
9/23/2025 8:00:00 AM,9/23/2025 4:00:00 AM,RFC,MIDATL,AE,AECO,818.553,True
9/23/2025 9:00:00 AM,9/23/2025 5:00:00 AM,RFC,MIDATL,AE,AECO,858.328,True
9/23/2025 10:00:00 AM,9/23/2025 6:00:00 AM,RFC,MIDATL,AE,AECO,927.348,True
9/23/2025 11:00:00 AM,9/23/2025 7:00:00 AM,RFC,MIDATL,AE,AECO,954.076,True
9/23/2025 12:00:00 PM,9/23/2025 8:00:00 AM,RFC,MIDATL,AE,AECO,936.912,True
9/23/2025 1:00:00 PM,9/23/2025 9:00:00 AM,RFC,MIDATL,AE,AECO,911.518,True
9/23/2025 2:00:00 PM,9/23/2025 10:00:00 AM,RFC,MIDATL,AE,AECO,875.820,True
9/23/2025 3:00:00 PM,9/23/2025 11:00:00 AM,RFC,MIDATL,AE,AECO,899.494,True
9/23/2025 4:00:00 PM,9/23/2025 12:00:00 PM,RFC,MIDATL,AE,AECO,962.034,True
9/23/2025 5:00:00 PM,9/23/2025 1:00:00 PM,RFC,MIDATL,AE,AECO,1052.282,True
9/23/2025 6:00:00 PM,9/23/2025 2:00:00 PM,RFC,MIDATL,AE,AECO,1169.243,True
9/23/2025 7:00:00 PM,9/23/2025 3:00:00 PM,RFC,MIDATL,AE,AECO,1337.495,True
9/23/2025 8:00:00 PM,9/23/2025 4:00:00 PM,RFC,MIDATL,AE,AECO,1408.659,True
9/23/2025 9:00:00 PM,9/23/2025 5:00:00 PM,RFC,MIDATL,AE,AECO,1476.893,True
9/23/2025 10:00:00 PM,9/23/2025 6:00:00 PM,RFC,MIDATL,AE,AECO,1478.782,True
9/23/2025 11:00:00 PM,9/23/2025 7:00:00 PM,RFC,MIDATL,AE,AECO,1452.295,True
9/24/2025 12:00:00 AM,9/23/2025 8:00:00 PM,RFC,MIDATL,AE,AECO,1390.219,True
9/24/2025 1:00:00 AM,9/23/2025 9:00:00 PM,RFC,MIDATL,AE,AECO,1310.843,True
9/24/2025 2:00:00 AM,9/23/2025 10:00:00 PM,RFC,MIDATL,AE,AECO,1166.165,True
9/24/2025 3:00:00 AM,9/23/2025 11:00:00 PM,RFC,MIDATL,AE,AECO,1093.212,True
9/24/2025 4:00:00 AM,9/24/2025 12:00:00 AM,RFC,MIDATL,AE,AECO,1008.932,True
9/24/2025 5:00:00 AM,9/24/2025 1:00:00 AM,RFC,MIDATL,AE,AECO,942.660,True
9/24/2025 6:00:00 AM,9/24/2025 2:00:00 AM,RFC,MIDATL,AE,AECO,904.507,True
9/24/2025 7:00:00 AM,9/24/2025 3:00:00 AM,RFC,MIDATL,AE,AECO,878.687,True
9/24/2025 8:00:00 AM,9/24/2025 4:00:00 AM,RFC,MIDATL,AE,AECO,880.079,True
9/24/2025 9:00:00 AM,9/24/2025 5:00:00 AM,RFC,MIDATL,AE,AECO,918.090,True
9/24/2025 10:00:00 AM,9/24/2025 6:00:00 AM,RFC,MIDATL,AE,AECO,985.982,True
9/24/2025 11:00:00 AM,9/24/2025 7:00:00 AM,RFC,MIDATL,AE,AECO,1013.118,True
9/24/2025 12:00:00 PM,9/24/2025 8:00:00 AM,RFC,MIDATL,AE,AECO,1021.872,True
9/24/2025 1:00:00 PM,9/24/2025 9:00:00 AM,RFC,MIDATL,AE,AECO,1038.373,True
9/24/2025 2:00:00 PM,9/24/2025 10:00:00 AM,RFC,MIDATL,AE,AECO,1092.903,True
9/24/2025 3:00:00 PM,9/24/2025 11:00:00 AM,RFC,MIDATL,AE,AECO,1118.649,True
9/24/2025 4:00:00 PM,9/24/2025 12:00:00 PM,RFC,MIDATL,AE,AECO,1178.307,True
9/24/2025 5:00:00 PM,9/24/2025 1:00:00 PM,RFC,MIDATL,AE,AECO,1285.236,True
9/24/2025 6:00:00 PM,9/24/2025 2:00:00 PM,RFC,MIDATL,AE,AECO,1308.271,True
9/24/2025 7:00:00 PM,9/24/2025 3:00:00 PM,RFC,MIDATL,AE,AECO,1314.884,True
9/24/2025 8:00:00 PM,9/24/2025 4:00:00 PM,RFC,MIDATL,AE,AECO,1307.171,True
9/24/2025 9:00:00 PM,9/24/2025 5:00:00 PM,RFC,MIDATL,AE,AECO,1303.039,True
9/24/2025 10:00:00 PM,9/24/2025 6:00:00 PM,RFC,MIDATL,AE,AECO,1322.270,True
9/24/2025 11:00:00 PM,9/24/2025 7:00:00 PM,RFC,MIDATL,AE,AECO,1329.719,True
9/25/2025 12:00:00 AM,9/24/2025 8:00:00 PM,RFC,MIDATL,AE,AECO,1304.122,True
9/25/2025 1:00:00 AM,9/24/2025 9:00:00 PM,RFC,MIDATL,AE,AECO,1261.233,True
9/25/2025 2:00:00 AM,9/24/2025 10:00:00 PM,RFC,MIDATL,AE,AECO,1121.882,True
9/25/2025 3:00:00 AM,9/24/2025 11:00:00 PM,RFC,MIDATL,AE,AECO,1088.982,True
9/25/2025 4:00:00 AM,9/25/2025 12:00:00 AM,RFC,MIDATL,AE,AECO,1025.248,True
9/25/2025 5:00:00 AM,9/25/2025 1:00:00 AM,RFC,MIDATL,AE,AECO,978.318,True
9/25/2025 6:00:00 AM,9/25/2025 2:00:00 AM,RFC,MIDATL,AE,AECO,943.824,True
9/25/2025 7:00:00 AM,9/25/2025 3:00:00 AM,RFC,MIDATL,AE,AECO,928.495,True
9/25/2025 8:00:00 AM,9/25/2025 4:00:00 AM,RFC,MIDATL,AE,AECO,934.093,True
9/25/2025 9:00:00 AM,9/25/2025 5:00:00 AM,RFC,MIDATL,AE,AECO,985.321,True
9/25/2025 10:00:00 AM,9/25/2025 6:00:00 AM,RFC,MIDATL,AE,AECO,1076.389,True
9/25/2025 11:00:00 AM,9/25/2025 7:00:00 AM,RFC,MIDATL,AE,AECO,1135.233,True
9/25/2025 12:00:00 PM,9/25/2025 8:00:00 AM,RFC,MIDATL,AE,AECO,1150.477,True
9/25/2025 1:00:00 PM,9/25/2025 9:00:00 AM,RFC,MIDATL,AE,AECO,1183.444,True
9/25/2025 2:00:00 PM,9/25/2025 10:00:00 AM,RFC,MIDATL,AE,AECO,1195.343,True
9/25/2025 3:00:00 PM,9/25/2025 11:00:00 AM,RFC,MIDATL,AE,AECO,1229.876,True
9/25/2025 4:00:00 PM,9/25/2025 12:00:00 PM,RFC,MIDATL,AE,AECO,1237.913,True
9/25/2025 5:00:00 PM,9/25/2025 1:00:00 PM,RFC,MIDATL,AE,AECO,1288.883,True
9/25/2025 6:00:00 PM,9/25/2025 2:00:00 PM,RFC,MIDATL,AE,AECO,1237.193,True
9/25/2025 7:00:00 PM,9/25/2025 3:00:00 PM,RFC,MIDATL,AE,AECO,1283.424,True
9/25/2025 8:00:00 PM,9/25/2025 4:00:00 PM,RFC,MIDATL,AE,AECO,1404.866,True
9/25/2025 9:00:00 PM,9/25/2025 5:00:00 PM,RFC,MIDATL,AE,AECO,1485.949,True
9/25/2025 10:00:00 PM,9/25/2025 6:00:00 PM,RFC,MIDATL,AE,AECO,1503.726,True
9/25/2025 11:00:00 PM,9/25/2025 7:00:00 PM,RFC,MIDATL,AE,AECO,1495.155,True
9/26/2025 12:00:00 AM,9/25/2025 8:00:00 PM,RFC,MIDATL,AE,AECO,1440.800,True
9/26/2025 1:00:00 AM,9/25/2025 9:00:00 PM,RFC,MIDATL,AE,AECO,1366.019,True
9/26/2025 2:00:00 AM,9/25/2025 10:00:00 PM,RFC,MIDATL,AE,AECO,1215.184,True
9/26/2025 3:00:00 AM,9/25/2025 11:00:00 PM,RFC,MIDATL,AE,AECO,1143.089,True
9/26/2025 4:00:00 AM,9/26/2025 12:00:00 AM,RFC,MIDATL,AE,AECO,1047.197,True
9/26/2025 5:00:00 AM,9/26/2025 1:00:00 AM,RFC,MIDATL,AE,AECO,980.338,True
9/26/2025 6:00:00 AM,9/26/2025 2:00:00 AM,RFC,MIDATL,AE,AECO,927.568,True
9/26/2025 7:00:00 AM,9/26/2025 3:00:00 AM,RFC,MIDATL,AE,AECO,900.305,True
9/26/2025 8:00:00 AM,9/26/2025 4:00:00 AM,RFC,MIDATL,AE,AECO,895.315,True
9/26/2025 9:00:00 AM,9/26/2025 5:00:00 AM,RFC,MIDATL,AE,AECO,928.982,True
9/26/2025 10:00:00 AM,9/26/2025 6:00:00 AM,RFC,MIDATL,AE,AECO,1008.248,True
9/26/2025 11:00:00 AM,9/26/2025 7:00:00 AM,RFC,MIDATL,AE,AECO,1049.280,True
9/26/2025 12:00:00 PM,9/26/2025 8:00:00 AM,RFC,MIDATL,AE,AECO,1066.439,True
9/26/2025 1:00:00 PM,9/26/2025 9:00:00 AM,RFC,MIDATL,AE,AECO,1047.351,True
9/26/2025 2:00:00 PM,9/26/2025 10:00:00 AM,RFC,MIDATL,AE,AECO,1033.104,True
9/26/2025 3:00:00 PM,9/26/2025 11:00:00 AM,RFC,MIDATL,AE,AECO,1069.753,True
9/26/2025 4:00:00 PM,9/26/2025 12:00:00 PM,RFC,MIDATL,AE,AECO,1175.269,True
9/26/2025 5:00:00 PM,9/26/2025 1:00:00 PM,RFC,MIDATL,AE,AECO,1229.752,True
9/26/2025 6:00:00 PM,9/26/2025 2:00:00 PM,RFC,MIDATL,AE,AECO,1304.493,True
9/26/2025 7:00:00 PM,9/26/2025 3:00:00 PM,RFC,MIDATL,AE,AECO,1410.546,True
9/26/2025 8:00:00 PM,9/26/2025 4:00:00 PM,RFC,MIDATL,AE,AECO,1523.009,True
9/26/2025 9:00:00 PM,9/26/2025 5:00:00 PM,RFC,MIDATL,AE,AECO,1588.860,True
9/26/2025 10:00:00 PM,9/26/2025 6:00:00 PM,RFC,MIDATL,AE,AECO,1542.920,True
9/26/2025 11:00:00 PM,9/26/2025 7:00:00 PM,RFC,MIDATL,AE,AECO,1473.570,True
9/27/2025 12:00:00 AM,9/26/2025 8:00:00 PM,RFC,MIDATL,AE,AECO,1380.509,True
9/27/2025 1:00:00 AM,9/26/2025 9:00:00 PM,RFC,MIDATL,AE,AECO,1321.472,True
9/27/2025 2:00:00 AM,9/26/2025 10:00:00 PM,RFC,MIDATL,AE,AECO,1203.230,True
9/27/2025 3:00:00 AM,9/26/2025 11:00:00 PM,RFC,MIDATL,AE,AECO,1092.451,True
9/27/2025 4:00:00 AM,9/27/2025 12:00:00 AM,RFC,MIDATL,AE,AECO,1026.422,True
9/27/2025 5:00:00 AM,9/27/2025 1:00:00 AM,RFC,MIDATL,AE,AECO,946.268,True
9/27/2025 6:00:00 AM,9/27/2025 2:00:00 AM,RFC,MIDATL,AE,AECO,904.333,True
9/27/2025 7:00:00 AM,9/27/2025 3:00:00 AM,RFC,MIDATL,AE,AECO,874.028,True
9/27/2025 8:00:00 AM,9/27/2025 4:00:00 AM,RFC,MIDATL,AE,AECO,862.602,True
9/27/2025 9:00:00 AM,9/27/2025 5:00:00 AM,RFC,MIDATL,AE,AECO,867.912,True
9/27/2025 10:00:00 AM,9/27/2025 6:00:00 AM,RFC,MIDATL,AE,AECO,891.949,True
9/27/2025 11:00:00 AM,9/27/2025 7:00:00 AM,RFC,MIDATL,AE,AECO,901.324,True
9/27/2025 12:00:00 PM,9/27/2025 8:00:00 AM,RFC,MIDATL,AE,AECO,917.377,True
9/27/2025 1:00:00 PM,9/27/2025 9:00:00 AM,RFC,MIDATL,AE,AECO,919.905,True
9/27/2025 2:00:00 PM,9/27/2025 10:00:00 AM,RFC,MIDATL,AE,AECO,951.951,True
9/27/2025 3:00:00 PM,9/27/2025 11:00:00 AM,RFC,MIDATL,AE,AECO,1007.757,True
9/27/2025 4:00:00 PM,9/27/2025 12:00:00 PM,RFC,MIDATL,AE,AECO,1045.695,True
9/27/2025 5:00:00 PM,9/27/2025 1:00:00 PM,RFC,MIDATL,AE,AECO,1116.494,True
9/27/2025 6:00:00 PM,9/27/2025 2:00:00 PM,RFC,MIDATL,AE,AECO,1214.091,True
9/27/2025 7:00:00 PM,9/27/2025 3:00:00 PM,RFC,MIDATL,AE,AECO,1258.372,True
9/27/2025 8:00:00 PM,9/27/2025 4:00:00 PM,RFC,MIDATL,AE,AECO,1275.983,True
9/27/2025 9:00:00 PM,9/27/2025 5:00:00 PM,RFC,MIDATL,AE,AECO,1286.447,True
9/27/2025 10:00:00 PM,9/27/2025 6:00:00 PM,RFC,MIDATL,AE,AECO,1291.490,True
9/27/2025 11:00:00 PM,9/27/2025 7:00:00 PM,RFC,MIDATL,AE,AECO,1292.500,True
9/28/2025 12:00:00 AM,9/27/2025 8:00:00 PM,RFC,MIDATL,AE,AECO,1251.798,True
9/28/2025 1:00:00 AM,9/27/2025 9:00:00 PM,RFC,MIDATL,AE,AECO,1211.221,True
9/28/2025 2:00:00 AM,9/27/2025 10:00:00 PM,RFC,MIDATL,AE,AECO,1130.402,True
9/28/2025 3:00:00 AM,9/27/2025 11:00:00 PM,RFC,MIDATL,AE,AECO,1050.332,True
9/28/2025 4:00:00 AM,9/28/2025 12:00:00 AM,RFC,MIDATL,AE,AECO,980.362,True
9/28/2025 5:00:00 AM,9/28/2025 1:00:00 AM,RFC,MIDATL,AE,AECO,928.982,True
9/28/2025 6:00:00 AM,9/28/2025 2:00:00 AM,RFC,MIDATL,AE,AECO,882.129,True
9/28/2025 7:00:00 AM,9/28/2025 3:00:00 AM,RFC,MIDATL,AE,AECO,859.662,True
9/28/2025 8:00:00 AM,9/28/2025 4:00:00 AM,RFC,MIDATL,AE,AECO,850.114,True
9/28/2025 9:00:00 AM,9/28/2025 5:00:00 AM,RFC,MIDATL,AE,AECO,854.426,True
9/28/2025 10:00:00 AM,9/28/2025 6:00:00 AM,RFC,MIDATL,AE,AECO,874.050,True
9/28/2025 11:00:00 AM,9/28/2025 7:00:00 AM,RFC,MIDATL,AE,AECO,891.661,True
9/28/2025 12:00:00 PM,9/28/2025 8:00:00 AM,RFC,MIDATL,AE,AECO,887.566,True
9/28/2025 1:00:00 PM,9/28/2025 9:00:00 AM,RFC,MIDATL,AE,AECO,882.375,True
9/28/2025 2:00:00 PM,9/28/2025 10:00:00 AM,RFC,MIDATL,AE,AECO,862.137,True
9/28/2025 3:00:00 PM,9/28/2025 11:00:00 AM,RFC,MIDATL,AE,AECO,876.670,True
9/28/2025 4:00:00 PM,9/28/2025 12:00:00 PM,RFC,MIDATL,AE,AECO,946.908,True
9/28/2025 5:00:00 PM,9/28/2025 1:00:00 PM,RFC,MIDATL,AE,AECO,1030.924,True
9/28/2025 6:00:00 PM,9/28/2025 2:00:00 PM,RFC,MIDATL,AE,AECO,1129.758,True
9/28/2025 7:00:00 PM,9/28/2025 3:00:00 PM,RFC,MIDATL,AE,AECO,1252.886,True
9/28/2025 8:00:00 PM,9/28/2025 4:00:00 PM,RFC,MIDATL,AE,AECO,1389.476,True
9/28/2025 9:00:00 PM,9/28/2025 5:00:00 PM,RFC,MIDATL,AE,AECO,1469.298,True
9/28/2025 10:00:00 PM,9/28/2025 6:00:00 PM,RFC,MIDATL,AE,AECO,1441.063,True
9/28/2025 11:00:00 PM,9/28/2025 7:00:00 PM,RFC,MIDATL,AE,AECO,1404.744,True
9/29/2025 12:00:00 AM,9/28/2025 8:00:00 PM,RFC,MIDATL,AE,AECO,1316.809,True
9/29/2025 1:00:00 AM,9/28/2025 9:00:00 PM,RFC,MIDATL,AE,AECO,1237.922,True
9/29/2025 2:00:00 AM,9/28/2025 10:00:00 PM,RFC,MIDATL,AE,AECO,1128.078,True
9/29/2025 3:00:00 AM,9/28/2025 11:00:00 PM,RFC,MIDATL,AE,AECO,1034.783,True
9/29/2025 4:00:00 AM,9/29/2025 12:00:00 AM,RFC,MIDATL,AE,AECO,965.931,True
9/29/2025 5:00:00 AM,9/29/2025 1:00:00 AM,RFC,MIDATL,AE,AECO,903.540,True
9/29/2025 6:00:00 AM,9/29/2025 2:00:00 AM,RFC,MIDATL,AE,AECO,867.707,True
9/29/2025 7:00:00 AM,9/29/2025 3:00:00 AM,RFC,MIDATL,AE,AECO,848.382,True
9/29/2025 8:00:00 AM,9/29/2025 4:00:00 AM,RFC,MIDATL,AE,AECO,857.468,True
9/29/2025 9:00:00 AM,9/29/2025 5:00:00 AM,RFC,MIDATL,AE,AECO,891.834,True
9/29/2025 10:00:00 AM,9/29/2025 6:00:00 AM,RFC,MIDATL,AE,AECO,966.711,True
9/29/2025 11:00:00 AM,9/29/2025 7:00:00 AM,RFC,MIDATL,AE,AECO,994.524,True
9/29/2025 12:00:00 PM,9/29/2025 8:00:00 AM,RFC,MIDATL,AE,AECO,1001.206,True
9/29/2025 1:00:00 PM,9/29/2025 9:00:00 AM,RFC,MIDATL,AE,AECO,973.892,True
9/29/2025 2:00:00 PM,9/29/2025 10:00:00 AM,RFC,MIDATL,AE,AECO,965.303,True
9/29/2025 3:00:00 PM,9/29/2025 11:00:00 AM,RFC,MIDATL,AE,AECO,987.103,True
9/29/2025 4:00:00 PM,9/29/2025 12:00:00 PM,RFC,MIDATL,AE,AECO,1035.222,True
9/29/2025 5:00:00 PM,9/29/2025 1:00:00 PM,RFC,MIDATL,AE,AECO,1080.057,True
9/29/2025 6:00:00 PM,9/29/2025 2:00:00 PM,RFC,MIDATL,AE,AECO,1116.659,True
9/29/2025 7:00:00 PM,9/29/2025 3:00:00 PM,RFC,MIDATL,AE,AECO,1204.001,True
9/29/2025 8:00:00 PM,9/29/2025 4:00:00 PM,RFC,MIDATL,AE,AECO,1275.046,True
9/29/2025 9:00:00 PM,9/29/2025 5:00:00 PM,RFC,MIDATL,AE,AECO,1298.906,True
9/29/2025 10:00:00 PM,9/29/2025 6:00:00 PM,RFC,MIDATL,AE,AECO,1315.889,True
9/29/2025 11:00:00 PM,9/29/2025 7:00:00 PM,RFC,MIDATL,AE,AECO,1322.283,True
9/30/2025 12:00:00 AM,9/29/2025 8:00:00 PM,RFC,MIDATL,AE,AECO,1268.943,True
9/30/2025 1:00:00 AM,9/29/2025 9:00:00 PM,RFC,MIDATL,AE,AECO,1170.907,True
9/30/2025 2:00:00 AM,9/29/2025 10:00:00 PM,RFC,MIDATL,AE,AECO,1100.568,True
9/30/2025 3:00:00 AM,9/29/2025 11:00:00 PM,RFC,MIDATL,AE,AECO,1010.391,True
9/30/2025 4:00:00 AM,9/30/2025 12:00:00 AM,RFC,MIDATL,AE,AECO,939.046,True
9/30/2025 5:00:00 AM,9/30/2025 1:00:00 AM,RFC,MIDATL,AE,AECO,889.309,True
9/30/2025 6:00:00 AM,9/30/2025 2:00:00 AM,RFC,MIDATL,AE,AECO,859.467,True
9/30/2025 7:00:00 AM,9/30/2025 3:00:00 AM,RFC,MIDATL,AE,AECO,845.389,True
9/30/2025 8:00:00 AM,9/30/2025 4:00:00 AM,RFC,MIDATL,AE,AECO,849.109,True
9/30/2025 9:00:00 AM,9/30/2025 5:00:00 AM,RFC,MIDATL,AE,AECO,890.577,True
9/30/2025 10:00:00 AM,9/30/2025 6:00:00 AM,RFC,MIDATL,AE,AECO,964.937,True
9/30/2025 11:00:00 AM,9/30/2025 7:00:00 AM,RFC,MIDATL,AE,AECO,1002.789,True
9/30/2025 12:00:00 PM,9/30/2025 8:00:00 AM,RFC,MIDATL,AE,AECO,999.423,True
9/30/2025 1:00:00 PM,9/30/2025 9:00:00 AM,RFC,MIDATL,AE,AECO,975.938,True
9/30/2025 2:00:00 PM,9/30/2025 10:00:00 AM,RFC,MIDATL,AE,AECO,930.110,True
9/30/2025 3:00:00 PM,9/30/2025 11:00:00 AM,RFC,MIDATL,AE,AECO,908.834,True
9/30/2025 4:00:00 PM,9/30/2025 12:00:00 PM,RFC,MIDATL,AE,AECO,886.268,True
9/30/2025 5:00:00 PM,9/30/2025 1:00:00 PM,RFC,MIDATL,AE,AECO,947.811,True
9/30/2025 6:00:00 PM,9/30/2025 2:00:00 PM,RFC,MIDATL,AE,AECO,1062.404,True
9/30/2025 7:00:00 PM,9/30/2025 3:00:00 PM,RFC,MIDATL,AE,AECO,1101.832,True
9/30/2025 8:00:00 PM,9/30/2025 4:00:00 PM,RFC,MIDATL,AE,AECO,1187.358,True
9/30/2025 9:00:00 PM,9/30/2025 5:00:00 PM,RFC,MIDATL,AE,AECO,1263.324,True
9/30/2025 10:00:00 PM,9/30/2025 6:00:00 PM,RFC,MIDATL,AE,AECO,1264.257,True
9/30/2025 11:00:00 PM,9/30/2025 7:00:00 PM,RFC,MIDATL,AE,AECO,1254.505,True
10/1/2025 12:00:00 AM,9/30/2025 8:00:00 PM,RFC,MIDATL,AE,AECO,1202.413,True
10/1/2025 1:00:00 AM,9/30/2025 9:00:00 PM,RFC,MIDATL,AE,AECO,1138.748,True
10/1/2025 2:00:00 AM,9/30/2025 10:00:00 PM,RFC,MIDATL,AE,AECO,1030.666,True
10/1/2025 3:00:00 AM,9/30/2025 11:00:00 PM,RFC,MIDATL,AE,AECO,954.609,True
10/1/2025 4:00:00 AM,10/1/2025 12:00:00 AM,RFC,MIDATL,AE,AECO,895.956,False
10/1/2025 5:00:00 AM,10/1/2025 1:00:00 AM,RFC,MIDATL,AE,AECO,847.152,False
10/1/2025 6:00:00 AM,10/1/2025 2:00:00 AM,RFC,MIDATL,AE,AECO,819.864,False
10/1/2025 7:00:00 AM,10/1/2025 3:00:00 AM,RFC,MIDATL,AE,AECO,802.646,False
10/1/2025 8:00:00 AM,10/1/2025 4:00:00 AM,RFC,MIDATL,AE,AECO,803.853,False
10/1/2025 9:00:00 AM,10/1/2025 5:00:00 AM,RFC,MIDATL,AE,AECO,833.511,False
10/1/2025 10:00:00 AM,10/1/2025 6:00:00 AM,RFC,MIDATL,AE,AECO,893.812,False
10/1/2025 11:00:00 AM,10/1/2025 7:00:00 AM,RFC,MIDATL,AE,AECO,915.216,False
10/1/2025 12:00:00 PM,10/1/2025 8:00:00 AM,RFC,MIDATL,AE,AECO,858.151,False
10/1/2025 1:00:00 PM,10/1/2025 9:00:00 AM,RFC,MIDATL,AE,AECO,771.678,False
10/1/2025 2:00:00 PM,10/1/2025 10:00:00 AM,RFC,MIDATL,AE,AECO,705.801,False
10/1/2025 3:00:00 PM,10/1/2025 11:00:00 AM,RFC,MIDATL,AE,AECO,654.306,False
10/1/2025 4:00:00 PM,10/1/2025 12:00:00 PM,RFC,MIDATL,AE,AECO,646.792,False
10/1/2025 5:00:00 PM,10/1/2025 1:00:00 PM,RFC,MIDATL,AE,AECO,652.023,False
10/1/2025 6:00:00 PM,10/1/2025 2:00:00 PM,RFC,MIDATL,AE,AECO,702.892,False
10/1/2025 7:00:00 PM,10/1/2025 3:00:00 PM,RFC,MIDATL,AE,AECO,803.420,False
10/1/2025 8:00:00 PM,10/1/2025 4:00:00 PM,RFC,MIDATL,AE,AECO,929.762,False
10/1/2025 9:00:00 PM,10/1/2025 5:00:00 PM,RFC,MIDATL,AE,AECO,1043.368,False
10/1/2025 10:00:00 PM,10/1/2025 6:00:00 PM,RFC,MIDATL,AE,AECO,1095.116,False
10/1/2025 11:00:00 PM,10/1/2025 7:00:00 PM,RFC,MIDATL,AE,AECO,1100.573,False
10/2/2025 12:00:00 AM,10/1/2025 8:00:00 PM,RFC,MIDATL,AE,AECO,1049.866,False
10/2/2025 1:00:00 AM,10/1/2025 9:00:00 PM,RFC,MIDATL,AE,AECO,993.084,False
10/2/2025 2:00:00 AM,10/1/2025 10:00:00 PM,RFC,MIDATL,AE,AECO,909.657,False
10/2/2025 3:00:00 AM,10/1/2025 11:00:00 PM,RFC,MIDATL,AE,AECO,854.640,False
10/2/2025 4:00:00 AM,10/2/2025 12:00:00 AM,RFC,MIDATL,AE,AECO,803.035,False
10/2/2025 5:00:00 AM,10/2/2025 1:00:00 AM,RFC,MIDATL,AE,AECO,769.320,False
10/2/2025 6:00:00 AM,10/2/2025 2:00:00 AM,RFC,MIDATL,AE,AECO,748.541,False
10/2/2025 7:00:00 AM,10/2/2025 3:00:00 AM,RFC,MIDATL,AE,AECO,745.361,False
10/2/2025 8:00:00 AM,10/2/2025 4:00:00 AM,RFC,MIDATL,AE,AECO,752.371,False
10/2/2025 9:00:00 AM,10/2/2025 5:00:00 AM,RFC,MIDATL,AE,AECO,792.079,False
10/2/2025 10:00:00 AM,10/2/2025 6:00:00 AM,RFC,MIDATL,AE,AECO,857.798,False
10/2/2025 11:00:00 AM,10/2/2025 7:00:00 AM,RFC,MIDATL,AE,AECO,887.606,False
10/2/2025 12:00:00 PM,10/2/2025 8:00:00 AM,RFC,MIDATL,AE,AECO,833.331,False
10/2/2025 1:00:00 PM,10/2/2025 9:00:00 AM,RFC,MIDATL,AE,AECO,751.630,False
10/2/2025 2:00:00 PM,10/2/2025 10:00:00 AM,RFC,MIDATL,AE,AECO,667.483,False
10/2/2025 3:00:00 PM,10/2/2025 11:00:00 AM,RFC,MIDATL,AE,AECO,645.367,False
10/2/2025 4:00:00 PM,10/2/2025 12:00:00 PM,RFC,MIDATL,AE,AECO,667.096,False
10/2/2025 5:00:00 PM,10/2/2025 1:00:00 PM,RFC,MIDATL,AE,AECO,682.492,False
10/2/2025 6:00:00 PM,10/2/2025 2:00:00 PM,RFC,MIDATL,AE,AECO,713.437,False
10/2/2025 7:00:00 PM,10/2/2025 3:00:00 PM,RFC,MIDATL,AE,AECO,775.463,False
10/2/2025 8:00:00 PM,10/2/2025 4:00:00 PM,RFC,MIDATL,AE,AECO,863.290,False
10/2/2025 9:00:00 PM,10/2/2025 5:00:00 PM,RFC,MIDATL,AE,AECO,966.238,False
10/2/2025 10:00:00 PM,10/2/2025 6:00:00 PM,RFC,MIDATL,AE,AECO,1026.459,False
10/2/2025 11:00:00 PM,10/2/2025 7:00:00 PM,RFC,MIDATL,AE,AECO,1063.469,False
10/3/2025 12:00:00 AM,10/2/2025 8:00:00 PM,RFC,MIDATL,AE,AECO,1030.917,False
10/3/2025 1:00:00 AM,10/2/2025 9:00:00 PM,RFC,MIDATL,AE,AECO,981.814,False
10/3/2025 2:00:00 AM,10/2/2025 10:00:00 PM,RFC,MIDATL,AE,AECO,902.103,False
10/3/2025 3:00:00 AM,10/2/2025 11:00:00 PM,RFC,MIDATL,AE,AECO,851.403,False
10/3/2025 4:00:00 AM,10/3/2025 12:00:00 AM,RFC,MIDATL,AE,AECO,807.109,False
10/3/2025 5:00:00 AM,10/3/2025 1:00:00 AM,RFC,MIDATL,AE,AECO,760.689,False
10/3/2025 6:00:00 AM,10/3/2025 2:00:00 AM,RFC,MIDATL,AE,AECO,747.038,False
10/3/2025 7:00:00 AM,10/3/2025 3:00:00 AM,RFC,MIDATL,AE,AECO,741.164,False
10/3/2025 8:00:00 AM,10/3/2025 4:00:00 AM,RFC,MIDATL,AE,AECO,754.984,False
10/3/2025 9:00:00 AM,10/3/2025 5:00:00 AM,RFC,MIDATL,AE,AECO,791.475,False
10/3/2025 10:00:00 AM,10/3/2025 6:00:00 AM,RFC,MIDATL,AE,AECO,861.961,False
10/3/2025 11:00:00 AM,10/3/2025 7:00:00 AM,RFC,MIDATL,AE,AECO,887.103,False
10/3/2025 12:00:00 PM,10/3/2025 8:00:00 AM,RFC,MIDATL,AE,AECO,841.045,False
10/3/2025 1:00:00 PM,10/3/2025 9:00:00 AM,RFC,MIDATL,AE,AECO,744.050,False
10/3/2025 2:00:00 PM,10/3/2025 10:00:00 AM,RFC,MIDATL,AE,AECO,681.088,False
10/3/2025 3:00:00 PM,10/3/2025 11:00:00 AM,RFC,MIDATL,AE,AECO,629.805,False
10/3/2025 4:00:00 PM,10/3/2025 12:00:00 PM,RFC,MIDATL,AE,AECO,618.911,False
10/3/2025 5:00:00 PM,10/3/2025 1:00:00 PM,RFC,MIDATL,AE,AECO,629.892,False
10/3/2025 6:00:00 PM,10/3/2025 2:00:00 PM,RFC,MIDATL,AE,AECO,681.551,False
10/3/2025 7:00:00 PM,10/3/2025 3:00:00 PM,RFC,MIDATL,AE,AECO,763.556,False
10/3/2025 8:00:00 PM,10/3/2025 4:00:00 PM,RFC,MIDATL,AE,AECO,883.916,False
10/3/2025 9:00:00 PM,10/3/2025 5:00:00 PM,RFC,MIDATL,AE,AECO,977.748,False
10/3/2025 10:00:00 PM,10/3/2025 6:00:00 PM,RFC,MIDATL,AE,AECO,1032.884,False
10/3/2025 11:00:00 PM,10/3/2025 7:00:00 PM,RFC,MIDATL,AE,AECO,1060.977,False
10/4/2025 12:00:00 AM,10/3/2025 8:00:00 PM,RFC,MIDATL,AE,AECO,1031.839,False
10/4/2025 1:00:00 AM,10/3/2025 9:00:00 PM,RFC,MIDATL,AE,AECO,1001.527,False
10/4/2025 2:00:00 AM,10/3/2025 10:00:00 PM,RFC,MIDATL,AE,AECO,918.570,False
10/4/2025 3:00:00 AM,10/3/2025 11:00:00 PM,RFC,MIDATL,AE,AECO,870.005,False
10/4/2025 4:00:00 AM,10/4/2025 12:00:00 AM,RFC,MIDATL,AE,AECO,806.368,False
10/4/2025 5:00:00 AM,10/4/2025 1:00:00 AM,RFC,MIDATL,AE,AECO,780.968,False
10/4/2025 6:00:00 AM,10/4/2025 2:00:00 AM,RFC,MIDATL,AE,AECO,758.710,False
10/4/2025 7:00:00 AM,10/4/2025 3:00:00 AM,RFC,MIDATL,AE,AECO,745.967,False
10/4/2025 8:00:00 AM,10/4/2025 4:00:00 AM,RFC,MIDATL,AE,AECO,745.968,False
10/4/2025 9:00:00 AM,10/4/2025 5:00:00 AM,RFC,MIDATL,AE,AECO,761.351,False
10/4/2025 10:00:00 AM,10/4/2025 6:00:00 AM,RFC,MIDATL,AE,AECO,790.193,False
10/4/2025 11:00:00 AM,10/4/2025 7:00:00 AM,RFC,MIDATL,AE,AECO,808.858,False
10/4/2025 12:00:00 PM,10/4/2025 8:00:00 AM,RFC,MIDATL,AE,AECO,781.317,False
10/4/2025 1:00:00 PM,10/4/2025 9:00:00 AM,RFC,MIDATL,AE,AECO,710.374,False
10/4/2025 2:00:00 PM,10/4/2025 10:00:00 AM,RFC,MIDATL,AE,AECO,645.867,False
10/4/2025 3:00:00 PM,10/4/2025 11:00:00 AM,RFC,MIDATL,AE,AECO,610.255,False
10/4/2025 4:00:00 PM,10/4/2025 12:00:00 PM,RFC,MIDATL,AE,AECO,614.185,False
10/4/2025 5:00:00 PM,10/4/2025 1:00:00 PM,RFC,MIDATL,AE,AECO,662.040,False
10/4/2025 6:00:00 PM,10/4/2025 2:00:00 PM,RFC,MIDATL,AE,AECO,741.887,False
10/4/2025 7:00:00 PM,10/4/2025 3:00:00 PM,RFC,MIDATL,AE,AECO,864.416,False
10/4/2025 8:00:00 PM,10/4/2025 4:00:00 PM,RFC,MIDATL,AE,AECO,1010.440,False
10/4/2025 9:00:00 PM,10/4/2025 5:00:00 PM,RFC,MIDATL,AE,AECO,1131.382,False
10/4/2025 10:00:00 PM,10/4/2025 6:00:00 PM,RFC,MIDATL,AE,AECO,1149.491,False
10/4/2025 11:00:00 PM,10/4/2025 7:00:00 PM,RFC,MIDATL,AE,AECO,1138.865,False
10/5/2025 12:00:00 AM,10/4/2025 8:00:00 PM,RFC,MIDATL,AE,AECO,1090.928,False
10/5/2025 1:00:00 AM,10/4/2025 9:00:00 PM,RFC,MIDATL,AE,AECO,1036.024,False
10/5/2025 2:00:00 AM,10/4/2025 10:00:00 PM,RFC,MIDATL,AE,AECO,977.647,False
10/5/2025 3:00:00 AM,10/4/2025 11:00:00 PM,RFC,MIDATL,AE,AECO,913.967,False
10/5/2025 4:00:00 AM,10/5/2025 12:00:00 AM,RFC,MIDATL,AE,AECO,854.325,False
10/5/2025 5:00:00 AM,10/5/2025 1:00:00 AM,RFC,MIDATL,AE,AECO,811.494,False
10/5/2025 6:00:00 AM,10/5/2025 2:00:00 AM,RFC,MIDATL,AE,AECO,782.863,False
10/5/2025 7:00:00 AM,10/5/2025 3:00:00 AM,RFC,MIDATL,AE,AECO,767.443,False
10/5/2025 8:00:00 AM,10/5/2025 4:00:00 AM,RFC,MIDATL,AE,AECO,763.638,False
10/5/2025 9:00:00 AM,10/5/2025 5:00:00 AM,RFC,MIDATL,AE,AECO,771.494,False
10/5/2025 10:00:00 AM,10/5/2025 6:00:00 AM,RFC,MIDATL,AE,AECO,788.155,False
10/5/2025 11:00:00 AM,10/5/2025 7:00:00 AM,RFC,MIDATL,AE,AECO,794.299,False
10/5/2025 12:00:00 PM,10/5/2025 8:00:00 AM,RFC,MIDATL,AE,AECO,779.244,False
10/5/2025 1:00:00 PM,10/5/2025 9:00:00 AM,RFC,MIDATL,AE,AECO,731.709,False
10/5/2025 2:00:00 PM,10/5/2025 10:00:00 AM,RFC,MIDATL,AE,AECO,693.335,False
10/5/2025 3:00:00 PM,10/5/2025 11:00:00 AM,RFC,MIDATL,AE,AECO,692.772,False
10/5/2025 4:00:00 PM,10/5/2025 12:00:00 PM,RFC,MIDATL,AE,AECO,735.570,False
10/5/2025 5:00:00 PM,10/5/2025 1:00:00 PM,RFC,MIDATL,AE,AECO,797.328,False
10/5/2025 6:00:00 PM,10/5/2025 2:00:00 PM,RFC,MIDATL,AE,AECO,895.914,False
10/5/2025 7:00:00 PM,10/5/2025 3:00:00 PM,RFC,MIDATL,AE,AECO,997.165,False
10/5/2025 8:00:00 PM,10/5/2025 4:00:00 PM,RFC,MIDATL,AE,AECO,1124.000,False
10/5/2025 9:00:00 PM,10/5/2025 5:00:00 PM,RFC,MIDATL,AE,AECO,1238.191,False
10/5/2025 10:00:00 PM,10/5/2025 6:00:00 PM,RFC,MIDATL,AE,AECO,1223.905,False
10/5/2025 11:00:00 PM,10/5/2025 7:00:00 PM,RFC,MIDATL,AE,AECO,1196.563,False
10/6/2025 12:00:00 AM,10/5/2025 8:00:00 PM,RFC,MIDATL,AE,AECO,1120.509,False
10/6/2025 1:00:00 AM,10/5/2025 9:00:00 PM,RFC,MIDATL,AE,AECO,1019.051,False
10/6/2025 2:00:00 AM,10/5/2025 10:00:00 PM,RFC,MIDATL,AE,AECO,971.665,False
10/6/2025 3:00:00 AM,10/5/2025 11:00:00 PM,RFC,MIDATL,AE,AECO,895.807,False
10/6/2025 4:00:00 AM,10/6/2025 12:00:00 AM,RFC,MIDATL,AE,AECO,830.160,False
10/6/2025 5:00:00 AM,10/6/2025 1:00:00 AM,RFC,MIDATL,AE,AECO,791.530,False
10/6/2025 6:00:00 AM,10/6/2025 2:00:00 AM,RFC,MIDATL,AE,AECO,766.192,False
10/6/2025 7:00:00 AM,10/6/2025 3:00:00 AM,RFC,MIDATL,AE,AECO,763.216,False
10/6/2025 8:00:00 AM,10/6/2025 4:00:00 AM,RFC,MIDATL,AE,AECO,770.610,False
10/6/2025 9:00:00 AM,10/6/2025 5:00:00 AM,RFC,MIDATL,AE,AECO,814.876,False
10/6/2025 10:00:00 AM,10/6/2025 6:00:00 AM,RFC,MIDATL,AE,AECO,883.601,False
10/6/2025 11:00:00 AM,10/6/2025 7:00:00 AM,RFC,MIDATL,AE,AECO,920.545,False
10/6/2025 12:00:00 PM,10/6/2025 8:00:00 AM,RFC,MIDATL,AE,AECO,911.896,False
10/6/2025 1:00:00 PM,10/6/2025 9:00:00 AM,RFC,MIDATL,AE,AECO,870.753,False
10/6/2025 2:00:00 PM,10/6/2025 10:00:00 AM,RFC,MIDATL,AE,AECO,765.342,False
10/6/2025 3:00:00 PM,10/6/2025 11:00:00 AM,RFC,MIDATL,AE,AECO,730.296,False
10/6/2025 4:00:00 PM,10/6/2025 12:00:00 PM,RFC,MIDATL,AE,AECO,782.848,False
10/6/2025 5:00:00 PM,10/6/2025 1:00:00 PM,RFC,MIDATL,AE,AECO,836.589,False
10/6/2025 6:00:00 PM,10/6/2025 2:00:00 PM,RFC,MIDATL,AE,AECO,924.056,False
10/6/2025 7:00:00 PM,10/6/2025 3:00:00 PM,RFC,MIDATL,AE,AECO,1051.782,False
10/6/2025 8:00:00 PM,10/6/2025 4:00:00 PM,RFC,MIDATL,AE,AECO,1190.717,False
10/6/2025 9:00:00 PM,10/6/2025 5:00:00 PM,RFC,MIDATL,AE,AECO,1265.106,False
10/6/2025 10:00:00 PM,10/6/2025 6:00:00 PM,RFC,MIDATL,AE,AECO,1281.105,False
10/6/2025 11:00:00 PM,10/6/2025 7:00:00 PM,RFC,MIDATL,AE,AECO,1268.188,False
10/7/2025 12:00:00 AM,10/6/2025 8:00:00 PM,RFC,MIDATL,AE,AECO,1194.188,False
10/7/2025 1:00:00 AM,10/6/2025 9:00:00 PM,RFC,MIDATL,AE,AECO,1081.461,False
10/7/2025 2:00:00 AM,10/6/2025 10:00:00 PM,RFC,MIDATL,AE,AECO,1034.228,False
10/7/2025 3:00:00 AM,10/6/2025 11:00:00 PM,RFC,MIDATL,AE,AECO,950.960,False
10/7/2025 4:00:00 AM,10/7/2025 12:00:00 AM,RFC,MIDATL,AE,AECO,886.665,False
10/7/2025 5:00:00 AM,10/7/2025 1:00:00 AM,RFC,MIDATL,AE,AECO,838.653,False
10/7/2025 6:00:00 AM,10/7/2025 2:00:00 AM,RFC,MIDATL,AE,AECO,811.236,False
10/7/2025 7:00:00 AM,10/7/2025 3:00:00 AM,RFC,MIDATL,AE,AECO,797.838,False
10/7/2025 8:00:00 AM,10/7/2025 4:00:00 AM,RFC,MIDATL,AE,AECO,803.398,False
10/7/2025 9:00:00 AM,10/7/2025 5:00:00 AM,RFC,MIDATL,AE,AECO,843.350,False
10/7/2025 10:00:00 AM,10/7/2025 6:00:00 AM,RFC,MIDATL,AE,AECO,914.405,False
10/7/2025 11:00:00 AM,10/7/2025 7:00:00 AM,RFC,MIDATL,AE,AECO,943.518,False
10/7/2025 12:00:00 PM,10/7/2025 8:00:00 AM,RFC,MIDATL,AE,AECO,922.094,False
10/7/2025 1:00:00 PM,10/7/2025 9:00:00 AM,RFC,MIDATL,AE,AECO,865.050,False
10/7/2025 2:00:00 PM,10/7/2025 10:00:00 AM,RFC,MIDATL,AE,AECO,843.402,False
10/7/2025 3:00:00 PM,10/7/2025 11:00:00 AM,RFC,MIDATL,AE,AECO,889.049,False
10/7/2025 4:00:00 PM,10/7/2025 12:00:00 PM,RFC,MIDATL,AE,AECO,940.229,False
10/7/2025 5:00:00 PM,10/7/2025 1:00:00 PM,RFC,MIDATL,AE,AECO,985.034,False
10/7/2025 6:00:00 PM,10/7/2025 2:00:00 PM,RFC,MIDATL,AE,AECO,1025.090,False
10/7/2025 7:00:00 PM,10/7/2025 3:00:00 PM,RFC,MIDATL,AE,AECO,1119.236,False
10/7/2025 8:00:00 PM,10/7/2025 4:00:00 PM,RFC,MIDATL,AE,AECO,1233.048,False
10/7/2025 9:00:00 PM,10/7/2025 5:00:00 PM,RFC,MIDATL,AE,AECO,1284.106,False
10/7/2025 10:00:00 PM,10/7/2025 6:00:00 PM,RFC,MIDATL,AE,AECO,1296.953,False
10/7/2025 11:00:00 PM,10/7/2025 7:00:00 PM,RFC,MIDATL,AE,AECO,1288.556,False
10/8/2025 12:00:00 AM,10/7/2025 8:00:00 PM,RFC,MIDATL,AE,AECO,1238.505,False
10/8/2025 1:00:00 AM,10/7/2025 9:00:00 PM,RFC,MIDATL,AE,AECO,1176.444,False
10/8/2025 2:00:00 AM,10/7/2025 10:00:00 PM,RFC,MIDATL,AE,AECO,1042.995,False
10/8/2025 3:00:00 AM,10/7/2025 11:00:00 PM,RFC,MIDATL,AE,AECO,1008.058,False
10/8/2025 4:00:00 AM,10/8/2025 12:00:00 AM,RFC,MIDATL,AE,AECO,956.396,False
10/8/2025 5:00:00 AM,10/8/2025 1:00:00 AM,RFC,MIDATL,AE,AECO,918.295,False
10/8/2025 6:00:00 AM,10/8/2025 2:00:00 AM,RFC,MIDATL,AE,AECO,895.293,False
10/8/2025 7:00:00 AM,10/8/2025 3:00:00 AM,RFC,MIDATL,AE,AECO,885.963,False
10/8/2025 8:00:00 AM,10/8/2025 4:00:00 AM,RFC,MIDATL,AE,AECO,894.198,False
10/8/2025 9:00:00 AM,10/8/2025 5:00:00 AM,RFC,MIDATL,AE,AECO,930.530,False
10/8/2025 10:00:00 AM,10/8/2025 6:00:00 AM,RFC,MIDATL,AE,AECO,1017.542,False
10/8/2025 11:00:00 AM,10/8/2025 7:00:00 AM,RFC,MIDATL,AE,AECO,1076.273,False
10/8/2025 12:00:00 PM,10/8/2025 8:00:00 AM,RFC,MIDATL,AE,AECO,1082.073,False
10/8/2025 1:00:00 PM,10/8/2025 9:00:00 AM,RFC,MIDATL,AE,AECO,1085.580,False
10/8/2025 2:00:00 PM,10/8/2025 10:00:00 AM,RFC,MIDATL,AE,AECO,1078.170,False
10/8/2025 3:00:00 PM,10/8/2025 11:00:00 AM,RFC,MIDATL,AE,AECO,1020.254,False
10/8/2025 4:00:00 PM,10/8/2025 12:00:00 PM,RFC,MIDATL,AE,AECO,956.709,False
10/8/2025 5:00:00 PM,10/8/2025 1:00:00 PM,RFC,MIDATL,AE,AECO,923.070,False
10/8/2025 6:00:00 PM,10/8/2025 2:00:00 PM,RFC,MIDATL,AE,AECO,860.031,False
10/8/2025 7:00:00 PM,10/8/2025 3:00:00 PM,RFC,MIDATL,AE,AECO,833.774,False
10/8/2025 8:00:00 PM,10/8/2025 4:00:00 PM,RFC,MIDATL,AE,AECO,935.467,False
10/8/2025 9:00:00 PM,10/8/2025 5:00:00 PM,RFC,MIDATL,AE,AECO,1038.276,False
10/8/2025 10:00:00 PM,10/8/2025 6:00:00 PM,RFC,MIDATL,AE,AECO,1078.610,False
10/8/2025 11:00:00 PM,10/8/2025 7:00:00 PM,RFC,MIDATL,AE,AECO,1096.288,False
10/9/2025 12:00:00 AM,10/8/2025 8:00:00 PM,RFC,MIDATL,AE,AECO,1037.069,False
10/9/2025 1:00:00 AM,10/8/2025 9:00:00 PM,RFC,MIDATL,AE,AECO,989.050,False
10/9/2025 2:00:00 AM,10/8/2025 10:00:00 PM,RFC,MIDATL,AE,AECO,911.517,False
10/9/2025 3:00:00 AM,10/8/2025 11:00:00 PM,RFC,MIDATL,AE,AECO,837.166,False
10/9/2025 4:00:00 AM,10/9/2025 12:00:00 AM,RFC,MIDATL,AE,AECO,791.174,False
10/9/2025 5:00:00 AM,10/9/2025 1:00:00 AM,RFC,MIDATL,AE,AECO,749.148,False
10/9/2025 6:00:00 AM,10/9/2025 2:00:00 AM,RFC,MIDATL,AE,AECO,727.895,False
10/9/2025 7:00:00 AM,10/9/2025 3:00:00 AM,RFC,MIDATL,AE,AECO,720.186,False
10/9/2025 8:00:00 AM,10/9/2025 4:00:00 AM,RFC,MIDATL,AE,AECO,727.351,False
10/9/2025 9:00:00 AM,10/9/2025 5:00:00 AM,RFC,MIDATL,AE,AECO,764.280,False
10/9/2025 10:00:00 AM,10/9/2025 6:00:00 AM,RFC,MIDATL,AE,AECO,841.872,False
10/9/2025 11:00:00 AM,10/9/2025 7:00:00 AM,RFC,MIDATL,AE,AECO,876.157,False
10/9/2025 12:00:00 PM,10/9/2025 8:00:00 AM,RFC,MIDATL,AE,AECO,813.231,False
10/9/2025 1:00:00 PM,10/9/2025 9:00:00 AM,RFC,MIDATL,AE,AECO,711.021,False
10/9/2025 2:00:00 PM,10/9/2025 10:00:00 AM,RFC,MIDATL,AE,AECO,616.399,False
10/9/2025 3:00:00 PM,10/9/2025 11:00:00 AM,RFC,MIDATL,AE,AECO,574.419,False
10/9/2025 4:00:00 PM,10/9/2025 12:00:00 PM,RFC,MIDATL,AE,AECO,565.399,False
10/9/2025 5:00:00 PM,10/9/2025 1:00:00 PM,RFC,MIDATL,AE,AECO,578.089,False
10/9/2025 6:00:00 PM,10/9/2025 2:00:00 PM,RFC,MIDATL,AE,AECO,609.214,False
10/9/2025 7:00:00 PM,10/9/2025 3:00:00 PM,RFC,MIDATL,AE,AECO,686.445,False
10/9/2025 8:00:00 PM,10/9/2025 4:00:00 PM,RFC,MIDATL,AE,AECO,789.215,False
10/9/2025 9:00:00 PM,10/9/2025 5:00:00 PM,RFC,MIDATL,AE,AECO,906.550,False
10/9/2025 10:00:00 PM,10/9/2025 6:00:00 PM,RFC,MIDATL,AE,AECO,987.954,False
10/9/2025 11:00:00 PM,10/9/2025 7:00:00 PM,RFC,MIDATL,AE,AECO,1014.326,False
10/10/2025 12:00:00 AM,10/9/2025 8:00:00 PM,RFC,MIDATL,AE,AECO,991.215,False
10/10/2025 1:00:00 AM,10/9/2025 9:00:00 PM,RFC,MIDATL,AE,AECO,936.528,False
10/10/2025 2:00:00 AM,10/9/2025 10:00:00 PM,RFC,MIDATL,AE,AECO,882.262,False
10/10/2025 3:00:00 AM,10/9/2025 11:00:00 PM,RFC,MIDATL,AE,AECO,823.961,False
10/10/2025 4:00:00 AM,10/10/2025 12:00:00 AM,RFC,MIDATL,AE,AECO,779.281,False
10/10/2025 5:00:00 AM,10/10/2025 1:00:00 AM,RFC,MIDATL,AE,AECO,749.205,False
10/10/2025 6:00:00 AM,10/10/2025 2:00:00 AM,RFC,MIDATL,AE,AECO,727.408,False
10/10/2025 7:00:00 AM,10/10/2025 3:00:00 AM,RFC,MIDATL,AE,AECO,723.005,False
10/10/2025 8:00:00 AM,10/10/2025 4:00:00 AM,RFC,MIDATL,AE,AECO,741.182,False
10/10/2025 9:00:00 AM,10/10/2025 5:00:00 AM,RFC,MIDATL,AE,AECO,774.590,False
10/10/2025 10:00:00 AM,10/10/2025 6:00:00 AM,RFC,MIDATL,AE,AECO,845.303,False
10/10/2025 11:00:00 AM,10/10/2025 7:00:00 AM,RFC,MIDATL,AE,AECO,893.493,False
10/10/2025 12:00:00 PM,10/10/2025 8:00:00 AM,RFC,MIDATL,AE,AECO,871.911,False
10/10/2025 1:00:00 PM,10/10/2025 9:00:00 AM,RFC,MIDATL,AE,AECO,851.922,False
10/10/2025 2:00:00 PM,10/10/2025 10:00:00 AM,RFC,MIDATL,AE,AECO,793.374,False
10/10/2025 3:00:00 PM,10/10/2025 11:00:00 AM,RFC,MIDATL,AE,AECO,760.411,False
10/10/2025 4:00:00 PM,10/10/2025 12:00:00 PM,RFC,MIDATL,AE,AECO,776.509,False
10/10/2025 5:00:00 PM,10/10/2025 1:00:00 PM,RFC,MIDATL,AE,AECO,768.656,False
10/10/2025 6:00:00 PM,10/10/2025 2:00:00 PM,RFC,MIDATL,AE,AECO,770.190,False
10/10/2025 7:00:00 PM,10/10/2025 3:00:00 PM,RFC,MIDATL,AE,AECO,814.943,False
10/10/2025 8:00:00 PM,10/10/2025 4:00:00 PM,RFC,MIDATL,AE,AECO,856.040,False
10/10/2025 9:00:00 PM,10/10/2025 5:00:00 PM,RFC,MIDATL,AE,AECO,911.672,False
10/10/2025 10:00:00 PM,10/10/2025 6:00:00 PM,RFC,MIDATL,AE,AECO,971.438,False
10/10/2025 11:00:00 PM,10/10/2025 7:00:00 PM,RFC,MIDATL,AE,AECO,1003.915,False
10/11/2025 12:00:00 AM,10/10/2025 8:00:00 PM,RFC,MIDATL,AE,AECO,972.179,False
10/11/2025 1:00:00 AM,10/10/2025 9:00:00 PM,RFC,MIDATL,AE,AECO,944.227,False
10/11/2025 2:00:00 AM,10/10/2025 10:00:00 PM,RFC,MIDATL,AE,AECO,889.780,False
10/11/2025 3:00:00 AM,10/10/2025 11:00:00 PM,RFC,MIDATL,AE,AECO,837.827,False
10/11/2025 4:00:00 AM,10/11/2025 12:00:00 AM,RFC,MIDATL,AE,AECO,788.964,False
10/11/2025 5:00:00 AM,10/11/2025 1:00:00 AM,RFC,MIDATL,AE,AECO,754.348,False
10/11/2025 6:00:00 AM,10/11/2025 2:00:00 AM,RFC,MIDATL,AE,AECO,734.503,False
10/11/2025 7:00:00 AM,10/11/2025 3:00:00 AM,RFC,MIDATL,AE,AECO,722.316,False
10/11/2025 8:00:00 AM,10/11/2025 4:00:00 AM,RFC,MIDATL,AE,AECO,724.863,False
10/11/2025 9:00:00 AM,10/11/2025 5:00:00 AM,RFC,MIDATL,AE,AECO,738.710,False
10/11/2025 10:00:00 AM,10/11/2025 6:00:00 AM,RFC,MIDATL,AE,AECO,773.216,False
10/11/2025 11:00:00 AM,10/11/2025 7:00:00 AM,RFC,MIDATL,AE,AECO,800.832,False
10/11/2025 12:00:00 PM,10/11/2025 8:00:00 AM,RFC,MIDATL,AE,AECO,820.110,False
10/11/2025 1:00:00 PM,10/11/2025 9:00:00 AM,RFC,MIDATL,AE,AECO,815.240,False
10/11/2025 2:00:00 PM,10/11/2025 10:00:00 AM,RFC,MIDATL,AE,AECO,799.067,False
10/11/2025 3:00:00 PM,10/11/2025 11:00:00 AM,RFC,MIDATL,AE,AECO,792.095,False
10/11/2025 4:00:00 PM,10/11/2025 12:00:00 PM,RFC,MIDATL,AE,AECO,775.055,False
10/11/2025 5:00:00 PM,10/11/2025 1:00:00 PM,RFC,MIDATL,AE,AECO,767.298,False
10/11/2025 6:00:00 PM,10/11/2025 2:00:00 PM,RFC,MIDATL,AE,AECO,790.972,False
10/11/2025 7:00:00 PM,10/11/2025 3:00:00 PM,RFC,MIDATL,AE,AECO,858.098,False
10/11/2025 8:00:00 PM,10/11/2025 4:00:00 PM,RFC,MIDATL,AE,AECO,887.204,False
10/11/2025 9:00:00 PM,10/11/2025 5:00:00 PM,RFC,MIDATL,AE,AECO,931.679,False
10/11/2025 10:00:00 PM,10/11/2025 6:00:00 PM,RFC,MIDATL,AE,AECO,986.539,False
10/11/2025 11:00:00 PM,10/11/2025 7:00:00 PM,RFC,MIDATL,AE,AECO,1005.400,False
10/12/2025 12:00:00 AM,10/11/2025 8:00:00 PM,RFC,MIDATL,AE,AECO,980.134,False
10/12/2025 1:00:00 AM,10/11/2025 9:00:00 PM,RFC,MIDATL,AE,AECO,939.662,False
10/12/2025 2:00:00 AM,10/11/2025 10:00:00 PM,RFC,MIDATL,AE,AECO,917.550,False
10/12/2025 3:00:00 AM,10/11/2025 11:00:00 PM,RFC,MIDATL,AE,AECO,859.748,False
10/12/2025 4:00:00 AM,10/12/2025 12:00:00 AM,RFC,MIDATL,AE,AECO,807.820,False
10/12/2025 5:00:00 AM,10/12/2025 1:00:00 AM,RFC,MIDATL,AE,AECO,776.227,False
10/12/2025 6:00:00 AM,10/12/2025 2:00:00 AM,RFC,MIDATL,AE,AECO,755.045,False
10/12/2025 7:00:00 AM,10/12/2025 3:00:00 AM,RFC,MIDATL,AE,AECO,741.530,False
10/12/2025 8:00:00 AM,10/12/2025 4:00:00 AM,RFC,MIDATL,AE,AECO,733.317,False
10/12/2025 9:00:00 AM,10/12/2025 5:00:00 AM,RFC,MIDATL,AE,AECO,750.175,False
10/12/2025 10:00:00 AM,10/12/2025 6:00:00 AM,RFC,MIDATL,AE,AECO,765.489,False
10/12/2025 11:00:00 AM,10/12/2025 7:00:00 AM,RFC,MIDATL,AE,AECO,789.958,False
10/12/2025 12:00:00 PM,10/12/2025 8:00:00 AM,RFC,MIDATL,AE,AECO,820.380,False
10/12/2025 1:00:00 PM,10/12/2025 9:00:00 AM,RFC,MIDATL,AE,AECO,861.906,False
10/12/2025 2:00:00 PM,10/12/2025 10:00:00 AM,RFC,MIDATL,AE,AECO,872.315,False
10/12/2025 3:00:00 PM,10/12/2025 11:00:00 AM,RFC,MIDATL,AE,AECO,882.328,False
10/12/2025 4:00:00 PM,10/12/2025 12:00:00 PM,RFC,MIDATL,AE,AECO,881.713,False
10/12/2025 5:00:00 PM,10/12/2025 1:00:00 PM,RFC,MIDATL,AE,AECO,902.657,False
10/12/2025 6:00:00 PM,10/12/2025 2:00:00 PM,RFC,MIDATL,AE,AECO,902.345,False
10/12/2025 7:00:00 PM,10/12/2025 3:00:00 PM,RFC,MIDATL,AE,AECO,910.434,False
10/12/2025 8:00:00 PM,10/12/2025 4:00:00 PM,RFC,MIDATL,AE,AECO,939.953,False
10/12/2025 9:00:00 PM,10/12/2025 5:00:00 PM,RFC,MIDATL,AE,AECO,959.935,False
10/12/2025 10:00:00 PM,10/12/2025 6:00:00 PM,RFC,MIDATL,AE,AECO,992.510,False
10/12/2025 11:00:00 PM,10/12/2025 7:00:00 PM,RFC,MIDATL,AE,AECO,990.159,False
10/13/2025 12:00:00 AM,10/12/2025 8:00:00 PM,RFC,MIDATL,AE,AECO,955.334,False
10/13/2025 1:00:00 AM,10/12/2025 9:00:00 PM,RFC,MIDATL,AE,AECO,916.581,False
10/13/2025 2:00:00 AM,10/12/2025 10:00:00 PM,RFC,MIDATL,AE,AECO,870.441,False
10/13/2025 3:00:00 AM,10/12/2025 11:00:00 PM,RFC,MIDATL,AE,AECO,817.578,False
10/13/2025 4:00:00 AM,10/13/2025 12:00:00 AM,RFC,MIDATL,AE,AECO,770.364,False
10/13/2025 5:00:00 AM,10/13/2025 1:00:00 AM,RFC,MIDATL,AE,AECO,740.703,False
10/13/2025 6:00:00 AM,10/13/2025 2:00:00 AM,RFC,MIDATL,AE,AECO,722.159,False
10/13/2025 7:00:00 AM,10/13/2025 3:00:00 AM,RFC,MIDATL,AE,AECO,726.353,False
10/13/2025 8:00:00 AM,10/13/2025 4:00:00 AM,RFC,MIDATL,AE,AECO,730.603,False
10/13/2025 9:00:00 AM,10/13/2025 5:00:00 AM,RFC,MIDATL,AE,AECO,774.941,False
10/13/2025 10:00:00 AM,10/13/2025 6:00:00 AM,RFC,MIDATL,AE,AECO,822.022,False
10/13/2025 11:00:00 AM,10/13/2025 7:00:00 AM,RFC,MIDATL,AE,AECO,870.187,False
10/13/2025 12:00:00 PM,10/13/2025 8:00:00 AM,RFC,MIDATL,AE,AECO,892.065,False
10/13/2025 1:00:00 PM,10/13/2025 9:00:00 AM,RFC,MIDATL,AE,AECO,895.747,False
10/13/2025 2:00:00 PM,10/13/2025 10:00:00 AM,RFC,MIDATL,AE,AECO,895.829,False
10/13/2025 3:00:00 PM,10/13/2025 11:00:00 AM,RFC,MIDATL,AE,AECO,893.999,False
10/13/2025 4:00:00 PM,10/13/2025 12:00:00 PM,RFC,MIDATL,AE,AECO,906.634,False
10/13/2025 5:00:00 PM,10/13/2025 1:00:00 PM,RFC,MIDATL,AE,AECO,896.410,False
10/13/2025 6:00:00 PM,10/13/2025 2:00:00 PM,RFC,MIDATL,AE,AECO,906.528,False
10/13/2025 7:00:00 PM,10/13/2025 3:00:00 PM,RFC,MIDATL,AE,AECO,927.461,False
10/13/2025 8:00:00 PM,10/13/2025 4:00:00 PM,RFC,MIDATL,AE,AECO,980.636,False
10/13/2025 9:00:00 PM,10/13/2025 5:00:00 PM,RFC,MIDATL,AE,AECO,1022.978,False
10/13/2025 10:00:00 PM,10/13/2025 6:00:00 PM,RFC,MIDATL,AE,AECO,1051.746,False
10/13/2025 11:00:00 PM,10/13/2025 7:00:00 PM,RFC,MIDATL,AE,AECO,1053.748,False
10/14/2025 12:00:00 AM,10/13/2025 8:00:00 PM,RFC,MIDATL,AE,AECO,1028.102,False
10/14/2025 1:00:00 AM,10/13/2025 9:00:00 PM,RFC,MIDATL,AE,AECO,927.209,False
10/14/2025 2:00:00 AM,10/13/2025 10:00:00 PM,RFC,MIDATL,AE,AECO,919.607,False
10/14/2025 3:00:00 AM,10/13/2025 11:00:00 PM,RFC,MIDATL,AE,AECO,835.548,False
10/14/2025 4:00:00 AM,10/14/2025 12:00:00 AM,RFC,MIDATL,AE,AECO,789.614,False
10/14/2025 5:00:00 AM,10/14/2025 1:00:00 AM,RFC,MIDATL,AE,AECO,763.132,False
10/14/2025 6:00:00 AM,10/14/2025 2:00:00 AM,RFC,MIDATL,AE,AECO,751.885,False
10/14/2025 7:00:00 AM,10/14/2025 3:00:00 AM,RFC,MIDATL,AE,AECO,738.461,False
10/14/2025 8:00:00 AM,10/14/2025 4:00:00 AM,RFC,MIDATL,AE,AECO,750.574,False
10/14/2025 9:00:00 AM,10/14/2025 5:00:00 AM,RFC,MIDATL,AE,AECO,782.792,False
10/14/2025 10:00:00 AM,10/14/2025 6:00:00 AM,RFC,MIDATL,AE,AECO,860.535,False
10/14/2025 11:00:00 AM,10/14/2025 7:00:00 AM,RFC,MIDATL,AE,AECO,913.654,False
10/14/2025 12:00:00 PM,10/14/2025 8:00:00 AM,RFC,MIDATL,AE,AECO,916.560,False
10/14/2025 1:00:00 PM,10/14/2025 9:00:00 AM,RFC,MIDATL,AE,AECO,914.589,False
10/14/2025 2:00:00 PM,10/14/2025 10:00:00 AM,RFC,MIDATL,AE,AECO,891.837,False
10/14/2025 3:00:00 PM,10/14/2025 11:00:00 AM,RFC,MIDATL,AE,AECO,866.987,False
10/14/2025 4:00:00 PM,10/14/2025 12:00:00 PM,RFC,MIDATL,AE,AECO,851.612,False
10/14/2025 5:00:00 PM,10/14/2025 1:00:00 PM,RFC,MIDATL,AE,AECO,808.739,False
10/14/2025 6:00:00 PM,10/14/2025 2:00:00 PM,RFC,MIDATL,AE,AECO,753.265,False
10/14/2025 7:00:00 PM,10/14/2025 3:00:00 PM,RFC,MIDATL,AE,AECO,813.025,False
10/14/2025 8:00:00 PM,10/14/2025 4:00:00 PM,RFC,MIDATL,AE,AECO,908.135,False
10/14/2025 9:00:00 PM,10/14/2025 5:00:00 PM,RFC,MIDATL,AE,AECO,978.498,False
10/14/2025 10:00:00 PM,10/14/2025 6:00:00 PM,RFC,MIDATL,AE,AECO,1024.368,False
10/14/2025 11:00:00 PM,10/14/2025 7:00:00 PM,RFC,MIDATL,AE,AECO,1034.248,False
10/15/2025 12:00:00 AM,10/14/2025 8:00:00 PM,RFC,MIDATL,AE,AECO,1008.047,False
10/15/2025 1:00:00 AM,10/14/2025 9:00:00 PM,RFC,MIDATL,AE,AECO,949.897,False
10/15/2025 2:00:00 AM,10/14/2025 10:00:00 PM,RFC,MIDATL,AE,AECO,899.962,False
10/15/2025 3:00:00 AM,10/14/2025 11:00:00 PM,RFC,MIDATL,AE,AECO,828.005,False
10/15/2025 4:00:00 AM,10/15/2025 12:00:00 AM,RFC,MIDATL,AE,AECO,786.602,False
10/15/2025 5:00:00 AM,10/15/2025 1:00:00 AM,RFC,MIDATL,AE,AECO,752.566,False
10/15/2025 6:00:00 AM,10/15/2025 2:00:00 AM,RFC,MIDATL,AE,AECO,738.922,False
10/15/2025 7:00:00 AM,10/15/2025 3:00:00 AM,RFC,MIDATL,AE,AECO,729.364,False
10/15/2025 8:00:00 AM,10/15/2025 4:00:00 AM,RFC,MIDATL,AE,AECO,738.399,False
10/15/2025 9:00:00 AM,10/15/2025 5:00:00 AM,RFC,MIDATL,AE,AECO,779.281,False
10/15/2025 10:00:00 AM,10/15/2025 6:00:00 AM,RFC,MIDATL,AE,AECO,860.716,False
10/15/2025 11:00:00 AM,10/15/2025 7:00:00 AM,RFC,MIDATL,AE,AECO,893.839,False
10/15/2025 12:00:00 PM,10/15/2025 8:00:00 AM,RFC,MIDATL,AE,AECO,839.633,False
10/15/2025 1:00:00 PM,10/15/2025 9:00:00 AM,RFC,MIDATL,AE,AECO,741.059,False
10/15/2025 2:00:00 PM,10/15/2025 10:00:00 AM,RFC,MIDATL,AE,AECO,662.136,False
10/15/2025 3:00:00 PM,10/15/2025 11:00:00 AM,RFC,MIDATL,AE,AECO,672.350,False
10/15/2025 4:00:00 PM,10/15/2025 12:00:00 PM,RFC,MIDATL,AE,AECO,776.549,False
10/15/2025 5:00:00 PM,10/15/2025 1:00:00 PM,RFC,MIDATL,AE,AECO,696.226,False
10/15/2025 6:00:00 PM,10/15/2025 2:00:00 PM,RFC,MIDATL,AE,AECO,709.050,False
10/15/2025 7:00:00 PM,10/15/2025 3:00:00 PM,RFC,MIDATL,AE,AECO,747.301,False
10/15/2025 8:00:00 PM,10/15/2025 4:00:00 PM,RFC,MIDATL,AE,AECO,866.889,False
10/15/2025 9:00:00 PM,10/15/2025 5:00:00 PM,RFC,MIDATL,AE,AECO,962.802,False
10/15/2025 10:00:00 PM,10/15/2025 6:00:00 PM,RFC,MIDATL,AE,AECO,1022.050,False
10/15/2025 11:00:00 PM,10/15/2025 7:00:00 PM,RFC,MIDATL,AE,AECO,1035.190,False
10/16/2025 12:00:00 AM,10/15/2025 8:00:00 PM,RFC,MIDATL,AE,AECO,999.698,False
10/16/2025 1:00:00 AM,10/15/2025 9:00:00 PM,RFC,MIDATL,AE,AECO,945.668,False
10/16/2025 2:00:00 AM,10/15/2025 10:00:00 PM,RFC,MIDATL,AE,AECO,864.586,False
10/16/2025 3:00:00 AM,10/15/2025 11:00:00 PM,RFC,MIDATL,AE,AECO,810.683,False
10/16/2025 4:00:00 AM,10/16/2025 12:00:00 AM,RFC,MIDATL,AE,AECO,765.565,False
10/16/2025 5:00:00 AM,10/16/2025 1:00:00 AM,RFC,MIDATL,AE,AECO,734.685,False
10/16/2025 6:00:00 AM,10/16/2025 2:00:00 AM,RFC,MIDATL,AE,AECO,718.497,False
10/16/2025 7:00:00 AM,10/16/2025 3:00:00 AM,RFC,MIDATL,AE,AECO,712.425,False
10/16/2025 8:00:00 AM,10/16/2025 4:00:00 AM,RFC,MIDATL,AE,AECO,724.360,False
10/16/2025 9:00:00 AM,10/16/2025 5:00:00 AM,RFC,MIDATL,AE,AECO,769.272,False
10/16/2025 10:00:00 AM,10/16/2025 6:00:00 AM,RFC,MIDATL,AE,AECO,858.136,False
10/16/2025 11:00:00 AM,10/16/2025 7:00:00 AM,RFC,MIDATL,AE,AECO,893.477,False
10/16/2025 12:00:00 PM,10/16/2025 8:00:00 AM,RFC,MIDATL,AE,AECO,837.163,False
10/16/2025 1:00:00 PM,10/16/2025 9:00:00 AM,RFC,MIDATL,AE,AECO,724.730,False
10/16/2025 2:00:00 PM,10/16/2025 10:00:00 AM,RFC,MIDATL,AE,AECO,619.757,False
10/16/2025 3:00:00 PM,10/16/2025 11:00:00 AM,RFC,MIDATL,AE,AECO,542.266,False
10/16/2025 4:00:00 PM,10/16/2025 12:00:00 PM,RFC,MIDATL,AE,AECO,511.265,False
10/16/2025 5:00:00 PM,10/16/2025 1:00:00 PM,RFC,MIDATL,AE,AECO,512.462,False
10/16/2025 6:00:00 PM,10/16/2025 2:00:00 PM,RFC,MIDATL,AE,AECO,552.361,False
10/16/2025 7:00:00 PM,10/16/2025 3:00:00 PM,RFC,MIDATL,AE,AECO,640.363,False
10/16/2025 8:00:00 PM,10/16/2025 4:00:00 PM,RFC,MIDATL,AE,AECO,761.192,False
10/16/2025 9:00:00 PM,10/16/2025 5:00:00 PM,RFC,MIDATL,AE,AECO,904.153,False
10/16/2025 10:00:00 PM,10/16/2025 6:00:00 PM,RFC,MIDATL,AE,AECO,1004.004,False
10/16/2025 11:00:00 PM,10/16/2025 7:00:00 PM,RFC,MIDATL,AE,AECO,1019.546,False
10/17/2025 12:00:00 AM,10/16/2025 8:00:00 PM,RFC,MIDATL,AE,AECO,997.933,False
10/17/2025 1:00:00 AM,10/16/2025 9:00:00 PM,RFC,MIDATL,AE,AECO,948.118,False
10/17/2025 2:00:00 AM,10/16/2025 10:00:00 PM,RFC,MIDATL,AE,AECO,883.594,False
10/17/2025 3:00:00 AM,10/16/2025 11:00:00 PM,RFC,MIDATL,AE,AECO,831.465,False
10/17/2025 4:00:00 AM,10/17/2025 12:00:00 AM,RFC,MIDATL,AE,AECO,786.059,False
10/17/2025 5:00:00 AM,10/17/2025 1:00:00 AM,RFC,MIDATL,AE,AECO,750.885,False
10/17/2025 6:00:00 AM,10/17/2025 2:00:00 AM,RFC,MIDATL,AE,AECO,743.446,False
10/17/2025 7:00:00 AM,10/17/2025 3:00:00 AM,RFC,MIDATL,AE,AECO,736.302,False
10/17/2025 8:00:00 AM,10/17/2025 4:00:00 AM,RFC,MIDATL,AE,AECO,750.811,False
10/17/2025 9:00:00 AM,10/17/2025 5:00:00 AM,RFC,MIDATL,AE,AECO,800.445,False
10/17/2025 10:00:00 AM,10/17/2025 6:00:00 AM,RFC,MIDATL,AE,AECO,887.775,False
10/17/2025 11:00:00 AM,10/17/2025 7:00:00 AM,RFC,MIDATL,AE,AECO,926.207,False
10/17/2025 12:00:00 PM,10/17/2025 8:00:00 AM,RFC,MIDATL,AE,AECO,864.363,False
10/17/2025 1:00:00 PM,10/17/2025 9:00:00 AM,RFC,MIDATL,AE,AECO,762.384,False
10/17/2025 2:00:00 PM,10/17/2025 10:00:00 AM,RFC,MIDATL,AE,AECO,643.325,False
10/17/2025 3:00:00 PM,10/17/2025 11:00:00 AM,RFC,MIDATL,AE,AECO,572.068,False
10/17/2025 4:00:00 PM,10/17/2025 12:00:00 PM,RFC,MIDATL,AE,AECO,533.005,False
10/17/2025 5:00:00 PM,10/17/2025 1:00:00 PM,RFC,MIDATL,AE,AECO,561.152,False
10/17/2025 6:00:00 PM,10/17/2025 2:00:00 PM,RFC,MIDATL,AE,AECO,600.770,False
10/17/2025 7:00:00 PM,10/17/2025 3:00:00 PM,RFC,MIDATL,AE,AECO,663.136,False
10/17/2025 8:00:00 PM,10/17/2025 4:00:00 PM,RFC,MIDATL,AE,AECO,790.345,False
10/17/2025 9:00:00 PM,10/17/2025 5:00:00 PM,RFC,MIDATL,AE,AECO,906.125,False
10/17/2025 10:00:00 PM,10/17/2025 6:00:00 PM,RFC,MIDATL,AE,AECO,986.952,False
10/17/2025 11:00:00 PM,10/17/2025 7:00:00 PM,RFC,MIDATL,AE,AECO,989.090,False
10/18/2025 12:00:00 AM,10/17/2025 8:00:00 PM,RFC,MIDATL,AE,AECO,972.442,False
10/18/2025 1:00:00 AM,10/17/2025 9:00:00 PM,RFC,MIDATL,AE,AECO,935.299,False
10/18/2025 2:00:00 AM,10/17/2025 10:00:00 PM,RFC,MIDATL,AE,AECO,884.250,False
10/18/2025 3:00:00 AM,10/17/2025 11:00:00 PM,RFC,MIDATL,AE,AECO,854.792,False
10/18/2025 4:00:00 AM,10/18/2025 12:00:00 AM,RFC,MIDATL,AE,AECO,796.115,False
10/18/2025 5:00:00 AM,10/18/2025 1:00:00 AM,RFC,MIDATL,AE,AECO,768.001,False
10/18/2025 6:00:00 AM,10/18/2025 2:00:00 AM,RFC,MIDATL,AE,AECO,748.318,False
10/18/2025 7:00:00 AM,10/18/2025 3:00:00 AM,RFC,MIDATL,AE,AECO,742.267,False
10/18/2025 8:00:00 AM,10/18/2025 4:00:00 AM,RFC,MIDATL,AE,AECO,745.740,False
10/18/2025 9:00:00 AM,10/18/2025 5:00:00 AM,RFC,MIDATL,AE,AECO,770.948,False
10/18/2025 10:00:00 AM,10/18/2025 6:00:00 AM,RFC,MIDATL,AE,AECO,805.799,False
10/18/2025 11:00:00 AM,10/18/2025 7:00:00 AM,RFC,MIDATL,AE,AECO,829.403,False
10/18/2025 12:00:00 PM,10/18/2025 8:00:00 AM,RFC,MIDATL,AE,AECO,826.268,False
10/18/2025 1:00:00 PM,10/18/2025 9:00:00 AM,RFC,MIDATL,AE,AECO,742.018,False
10/18/2025 2:00:00 PM,10/18/2025 10:00:00 AM,RFC,MIDATL,AE,AECO,647.543,False
10/18/2025 3:00:00 PM,10/18/2025 11:00:00 AM,RFC,MIDATL,AE,AECO,607.122,False
10/18/2025 4:00:00 PM,10/18/2025 12:00:00 PM,RFC,MIDATL,AE,AECO,599.655,False
10/18/2025 5:00:00 PM,10/18/2025 1:00:00 PM,RFC,MIDATL,AE,AECO,638.376,False
10/18/2025 6:00:00 PM,10/18/2025 2:00:00 PM,RFC,MIDATL,AE,AECO,648.740,False
10/18/2025 7:00:00 PM,10/18/2025 3:00:00 PM,RFC,MIDATL,AE,AECO,669.377,False
10/18/2025 8:00:00 PM,10/18/2025 4:00:00 PM,RFC,MIDATL,AE,AECO,773.470,False
10/18/2025 9:00:00 PM,10/18/2025 5:00:00 PM,RFC,MIDATL,AE,AECO,876.989,False
10/18/2025 10:00:00 PM,10/18/2025 6:00:00 PM,RFC,MIDATL,AE,AECO,945.325,False
10/18/2025 11:00:00 PM,10/18/2025 7:00:00 PM,RFC,MIDATL,AE,AECO,956.077,False
10/19/2025 12:00:00 AM,10/18/2025 8:00:00 PM,RFC,MIDATL,AE,AECO,938.380,False
10/19/2025 1:00:00 AM,10/18/2025 9:00:00 PM,RFC,MIDATL,AE,AECO,908.879,False
10/19/2025 2:00:00 AM,10/18/2025 10:00:00 PM,RFC,MIDATL,AE,AECO,864.457,False
10/19/2025 3:00:00 AM,10/18/2025 11:00:00 PM,RFC,MIDATL,AE,AECO,818.225,False
10/19/2025 4:00:00 AM,10/19/2025 12:00:00 AM,RFC,MIDATL,AE,AECO,778.302,False
10/19/2025 5:00:00 AM,10/19/2025 1:00:00 AM,RFC,MIDATL,AE,AECO,752.082,False
10/19/2025 6:00:00 AM,10/19/2025 2:00:00 AM,RFC,MIDATL,AE,AECO,729.998,False
10/19/2025 7:00:00 AM,10/19/2025 3:00:00 AM,RFC,MIDATL,AE,AECO,723.966,False
10/19/2025 8:00:00 AM,10/19/2025 4:00:00 AM,RFC,MIDATL,AE,AECO,723.474,False
10/19/2025 9:00:00 AM,10/19/2025 5:00:00 AM,RFC,MIDATL,AE,AECO,741.602,False
10/19/2025 10:00:00 AM,10/19/2025 6:00:00 AM,RFC,MIDATL,AE,AECO,768.153,False
10/19/2025 11:00:00 AM,10/19/2025 7:00:00 AM,RFC,MIDATL,AE,AECO,778.694,False
10/19/2025 12:00:00 PM,10/19/2025 8:00:00 AM,RFC,MIDATL,AE,AECO,757.235,False
10/19/2025 1:00:00 PM,10/19/2025 9:00:00 AM,RFC,MIDATL,AE,AECO,715.648,False
10/19/2025 2:00:00 PM,10/19/2025 10:00:00 AM,RFC,MIDATL,AE,AECO,647.000,False
10/19/2025 3:00:00 PM,10/19/2025 11:00:00 AM,RFC,MIDATL,AE,AECO,604.201,False
10/19/2025 4:00:00 PM,10/19/2025 12:00:00 PM,RFC,MIDATL,AE,AECO,605.993,False
10/19/2025 5:00:00 PM,10/19/2025 1:00:00 PM,RFC,MIDATL,AE,AECO,639.996,False
10/19/2025 6:00:00 PM,10/19/2025 2:00:00 PM,RFC,MIDATL,AE,AECO,678.675,False
10/19/2025 7:00:00 PM,10/19/2025 3:00:00 PM,RFC,MIDATL,AE,AECO,763.564,False
10/19/2025 8:00:00 PM,10/19/2025 4:00:00 PM,RFC,MIDATL,AE,AECO,874.841,False
10/19/2025 9:00:00 PM,10/19/2025 5:00:00 PM,RFC,MIDATL,AE,AECO,959.450,False
10/19/2025 10:00:00 PM,10/19/2025 6:00:00 PM,RFC,MIDATL,AE,AECO,1022.452,False
10/19/2025 11:00:00 PM,10/19/2025 7:00:00 PM,RFC,MIDATL,AE,AECO,1022.743,False
10/20/2025 12:00:00 AM,10/19/2025 8:00:00 PM,RFC,MIDATL,AE,AECO,999.854,False
10/20/2025 1:00:00 AM,10/19/2025 9:00:00 PM,RFC,MIDATL,AE,AECO,943.547,False
10/20/2025 2:00:00 AM,10/19/2025 10:00:00 PM,RFC,MIDATL,AE,AECO,890.712,False
10/20/2025 3:00:00 AM,10/19/2025 11:00:00 PM,RFC,MIDATL,AE,AECO,832.440,False
10/20/2025 4:00:00 AM,10/20/2025 12:00:00 AM,RFC,MIDATL,AE,AECO,787.113,False
10/20/2025 5:00:00 AM,10/20/2025 1:00:00 AM,RFC,MIDATL,AE,AECO,753.586,False
10/20/2025 6:00:00 AM,10/20/2025 2:00:00 AM,RFC,MIDATL,AE,AECO,726.984,False
10/20/2025 7:00:00 AM,10/20/2025 3:00:00 AM,RFC,MIDATL,AE,AECO,713.578,False
10/20/2025 8:00:00 AM,10/20/2025 4:00:00 AM,RFC,MIDATL,AE,AECO,718.885,False
10/20/2025 9:00:00 AM,10/20/2025 5:00:00 AM,RFC,MIDATL,AE,AECO,756.190,False
10/20/2025 10:00:00 AM,10/20/2025 6:00:00 AM,RFC,MIDATL,AE,AECO,839.384,False
10/20/2025 11:00:00 AM,10/20/2025 7:00:00 AM,RFC,MIDATL,AE,AECO,877.610,False
10/20/2025 12:00:00 PM,10/20/2025 8:00:00 AM,RFC,MIDATL,AE,AECO,837.512,False
10/20/2025 1:00:00 PM,10/20/2025 9:00:00 AM,RFC,MIDATL,AE,AECO,770.511,False
10/20/2025 2:00:00 PM,10/20/2025 10:00:00 AM,RFC,MIDATL,AE,AECO,659.303,False
10/20/2025 3:00:00 PM,10/20/2025 11:00:00 AM,RFC,MIDATL,AE,AECO,626.880,False
10/20/2025 4:00:00 PM,10/20/2025 12:00:00 PM,RFC,MIDATL,AE,AECO,601.990,False
10/20/2025 5:00:00 PM,10/20/2025 1:00:00 PM,RFC,MIDATL,AE,AECO,623.058,False
10/20/2025 6:00:00 PM,10/20/2025 2:00:00 PM,RFC,MIDATL,AE,AECO,681.828,False
10/20/2025 7:00:00 PM,10/20/2025 3:00:00 PM,RFC,MIDATL,AE,AECO,738.146,False
10/20/2025 8:00:00 PM,10/20/2025 4:00:00 PM,RFC,MIDATL,AE,AECO,843.990,False
10/20/2025 9:00:00 PM,10/20/2025 5:00:00 PM,RFC,MIDATL,AE,AECO,934.112,False
10/20/2025 10:00:00 PM,10/20/2025 6:00:00 PM,RFC,MIDATL,AE,AECO,1000.656,False
10/20/2025 11:00:00 PM,10/20/2025 7:00:00 PM,RFC,MIDATL,AE,AECO,1019.792,False
10/21/2025 12:00:00 AM,10/20/2025 8:00:00 PM,RFC,MIDATL,AE,AECO,985.476,False
10/21/2025 1:00:00 AM,10/20/2025 9:00:00 PM,RFC,MIDATL,AE,AECO,931.388,False
10/21/2025 2:00:00 AM,10/20/2025 10:00:00 PM,RFC,MIDATL,AE,AECO,862.915,False
10/21/2025 3:00:00 AM,10/20/2025 11:00:00 PM,RFC,MIDATL,AE,AECO,823.505,False
10/21/2025 4:00:00 AM,10/21/2025 12:00:00 AM,RFC,MIDATL,AE,AECO,767.168,False
10/21/2025 5:00:00 AM,10/21/2025 1:00:00 AM,RFC,MIDATL,AE,AECO,739.671,False
10/21/2025 6:00:00 AM,10/21/2025 2:00:00 AM,RFC,MIDATL,AE,AECO,723.100,False
10/21/2025 7:00:00 AM,10/21/2025 3:00:00 AM,RFC,MIDATL,AE,AECO,722.021,False
10/21/2025 8:00:00 AM,10/21/2025 4:00:00 AM,RFC,MIDATL,AE,AECO,731.838,False
10/21/2025 9:00:00 AM,10/21/2025 5:00:00 AM,RFC,MIDATL,AE,AECO,785.996,False
10/21/2025 10:00:00 AM,10/21/2025 6:00:00 AM,RFC,MIDATL,AE,AECO,869.412,False
10/21/2025 11:00:00 AM,10/21/2025 7:00:00 AM,RFC,MIDATL,AE,AECO,915.742,False
10/21/2025 12:00:00 PM,10/21/2025 8:00:00 AM,RFC,MIDATL,AE,AECO,849.687,False
10/21/2025 1:00:00 PM,10/21/2025 9:00:00 AM,RFC,MIDATL,AE,AECO,743.041,False
10/21/2025 2:00:00 PM,10/21/2025 10:00:00 AM,RFC,MIDATL,AE,AECO,655.273,False
10/21/2025 3:00:00 PM,10/21/2025 11:00:00 AM,RFC,MIDATL,AE,AECO,575.189,False
10/21/2025 4:00:00 PM,10/21/2025 12:00:00 PM,RFC,MIDATL,AE,AECO,550.210,False
10/21/2025 5:00:00 PM,10/21/2025 1:00:00 PM,RFC,MIDATL,AE,AECO,558.190,False
10/21/2025 6:00:00 PM,10/21/2025 2:00:00 PM,RFC,MIDATL,AE,AECO,602.362,False
10/21/2025 7:00:00 PM,10/21/2025 3:00:00 PM,RFC,MIDATL,AE,AECO,690.762,False
10/21/2025 8:00:00 PM,10/21/2025 4:00:00 PM,RFC,MIDATL,AE,AECO,816.810,False
10/21/2025 9:00:00 PM,10/21/2025 5:00:00 PM,RFC,MIDATL,AE,AECO,941.304,False
10/21/2025 10:00:00 PM,10/21/2025 6:00:00 PM,RFC,MIDATL,AE,AECO,1007.513,False
10/21/2025 11:00:00 PM,10/21/2025 7:00:00 PM,RFC,MIDATL,AE,AECO,1022.948,False
10/22/2025 12:00:00 AM,10/21/2025 8:00:00 PM,RFC,MIDATL,AE,AECO,989.655,False
10/22/2025 1:00:00 AM,10/21/2025 9:00:00 PM,RFC,MIDATL,AE,AECO,940.933,False
10/22/2025 2:00:00 AM,10/21/2025 10:00:00 PM,RFC,MIDATL,AE,AECO,881.071,False
10/22/2025 3:00:00 AM,10/21/2025 11:00:00 PM,RFC,MIDATL,AE,AECO,808.750,False
10/22/2025 4:00:00 AM,10/22/2025 12:00:00 AM,RFC,MIDATL,AE,AECO,774.941,False
10/22/2025 5:00:00 AM,10/22/2025 1:00:00 AM,RFC,MIDATL,AE,AECO,747.012,False
10/22/2025 6:00:00 AM,10/22/2025 2:00:00 AM,RFC,MIDATL,AE,AECO,728.100,False
10/22/2025 7:00:00 AM,10/22/2025 3:00:00 AM,RFC,MIDATL,AE,AECO,716.128,False
10/22/2025 8:00:00 AM,10/22/2025 4:00:00 AM,RFC,MIDATL,AE,AECO,727.662,False
10/22/2025 9:00:00 AM,10/22/2025 5:00:00 AM,RFC,MIDATL,AE,AECO,767.599,False
10/22/2025 10:00:00 AM,10/22/2025 6:00:00 AM,RFC,MIDATL,AE,AECO,851.460,False
10/22/2025 11:00:00 AM,10/22/2025 7:00:00 AM,RFC,MIDATL,AE,AECO,891.411,False
10/22/2025 12:00:00 PM,10/22/2025 8:00:00 AM,RFC,MIDATL,AE,AECO,847.074,False
10/22/2025 1:00:00 PM,10/22/2025 9:00:00 AM,RFC,MIDATL,AE,AECO,772.014,False
10/22/2025 2:00:00 PM,10/22/2025 10:00:00 AM,RFC,MIDATL,AE,AECO,651.072,False
10/22/2025 3:00:00 PM,10/22/2025 11:00:00 AM,RFC,MIDATL,AE,AECO,575.866,False
10/22/2025 4:00:00 PM,10/22/2025 12:00:00 PM,RFC,MIDATL,AE,AECO,567.186,False
10/22/2025 5:00:00 PM,10/22/2025 1:00:00 PM,RFC,MIDATL,AE,AECO,612.834,False
10/22/2025 6:00:00 PM,10/22/2025 2:00:00 PM,RFC,MIDATL,AE,AECO,702.140,False
10/22/2025 7:00:00 PM,10/22/2025 3:00:00 PM,RFC,MIDATL,AE,AECO,761.428,False
10/22/2025 8:00:00 PM,10/22/2025 4:00:00 PM,RFC,MIDATL,AE,AECO,810.279,False
10/22/2025 9:00:00 PM,10/22/2025 5:00:00 PM,RFC,MIDATL,AE,AECO,911.262,False
10/22/2025 10:00:00 PM,10/22/2025 6:00:00 PM,RFC,MIDATL,AE,AECO,991.525,False
10/22/2025 11:00:00 PM,10/22/2025 7:00:00 PM,RFC,MIDATL,AE,AECO,1016.007,False
10/23/2025 12:00:00 AM,10/22/2025 8:00:00 PM,RFC,MIDATL,AE,AECO,976.095,False
10/23/2025 1:00:00 AM,10/22/2025 9:00:00 PM,RFC,MIDATL,AE,AECO,928.087,False
10/23/2025 2:00:00 AM,10/22/2025 10:00:00 PM,RFC,MIDATL,AE,AECO,863.606,False
10/23/2025 3:00:00 AM,10/22/2025 11:00:00 PM,RFC,MIDATL,AE,AECO,815.932,False
10/23/2025 4:00:00 AM,10/23/2025 12:00:00 AM,RFC,MIDATL,AE,AECO,768.703,False
10/23/2025 5:00:00 AM,10/23/2025 1:00:00 AM,RFC,MIDATL,AE,AECO,744.674,False
10/23/2025 6:00:00 AM,10/23/2025 2:00:00 AM,RFC,MIDATL,AE,AECO,728.624,False
10/23/2025 7:00:00 AM,10/23/2025 3:00:00 AM,RFC,MIDATL,AE,AECO,724.623,False
10/23/2025 8:00:00 AM,10/23/2025 4:00:00 AM,RFC,MIDATL,AE,AECO,733.406,False
10/23/2025 9:00:00 AM,10/23/2025 5:00:00 AM,RFC,MIDATL,AE,AECO,780.163,False
10/23/2025 10:00:00 AM,10/23/2025 6:00:00 AM,RFC,MIDATL,AE,AECO,867.019,False
10/23/2025 11:00:00 AM,10/23/2025 7:00:00 AM,RFC,MIDATL,AE,AECO,911.288,False
10/23/2025 12:00:00 PM,10/23/2025 8:00:00 AM,RFC,MIDATL,AE,AECO,877.293,False
10/23/2025 1:00:00 PM,10/23/2025 9:00:00 AM,RFC,MIDATL,AE,AECO,779.418,False
10/23/2025 2:00:00 PM,10/23/2025 10:00:00 AM,RFC,MIDATL,AE,AECO,747.298,False
10/23/2025 3:00:00 PM,10/23/2025 11:00:00 AM,RFC,MIDATL,AE,AECO,617.999,False
10/23/2025 4:00:00 PM,10/23/2025 12:00:00 PM,RFC,MIDATL,AE,AECO,560.653,False
10/23/2025 5:00:00 PM,10/23/2025 1:00:00 PM,RFC,MIDATL,AE,AECO,578.995,False
10/23/2025 6:00:00 PM,10/23/2025 2:00:00 PM,RFC,MIDATL,AE,AECO,663.102,False
10/23/2025 7:00:00 PM,10/23/2025 3:00:00 PM,RFC,MIDATL,AE,AECO,762.281,False
10/23/2025 8:00:00 PM,10/23/2025 4:00:00 PM,RFC,MIDATL,AE,AECO,849.856,False
10/23/2025 9:00:00 PM,10/23/2025 5:00:00 PM,RFC,MIDATL,AE,AECO,936.624,False
10/23/2025 10:00:00 PM,10/23/2025 6:00:00 PM,RFC,MIDATL,AE,AECO,1000.519,False
10/23/2025 11:00:00 PM,10/23/2025 7:00:00 PM,RFC,MIDATL,AE,AECO,1008.591,False
10/24/2025 12:00:00 AM,10/23/2025 8:00:00 PM,RFC,MIDATL,AE,AECO,988.950,False
10/24/2025 1:00:00 AM,10/23/2025 9:00:00 PM,RFC,MIDATL,AE,AECO,942.523,False
10/24/2025 2:00:00 AM,10/23/2025 10:00:00 PM,RFC,MIDATL,AE,AECO,879.214,False
10/24/2025 3:00:00 AM,10/23/2025 11:00:00 PM,RFC,MIDATL,AE,AECO,835.825,False
10/24/2025 4:00:00 AM,10/24/2025 12:00:00 AM,RFC,MIDATL,AE,AECO,780.950,False
10/24/2025 5:00:00 AM,10/24/2025 1:00:00 AM,RFC,MIDATL,AE,AECO,757.692,False
10/24/2025 6:00:00 AM,10/24/2025 2:00:00 AM,RFC,MIDATL,AE,AECO,740.659,False
10/24/2025 7:00:00 AM,10/24/2025 3:00:00 AM,RFC,MIDATL,AE,AECO,740.659,False
10/24/2025 8:00:00 AM,10/24/2025 4:00:00 AM,RFC,MIDATL,AE,AECO,755.680,False
10/24/2025 9:00:00 AM,10/24/2025 5:00:00 AM,RFC,MIDATL,AE,AECO,807.897,False
10/24/2025 10:00:00 AM,10/24/2025 6:00:00 AM,RFC,MIDATL,AE,AECO,896.313,False
10/24/2025 11:00:00 AM,10/24/2025 7:00:00 AM,RFC,MIDATL,AE,AECO,928.732,False
10/24/2025 12:00:00 PM,10/24/2025 8:00:00 AM,RFC,MIDATL,AE,AECO,893.941,False
10/24/2025 1:00:00 PM,10/24/2025 9:00:00 AM,RFC,MIDATL,AE,AECO,773.946,False
10/24/2025 2:00:00 PM,10/24/2025 10:00:00 AM,RFC,MIDATL,AE,AECO,660.260,False
10/24/2025 3:00:00 PM,10/24/2025 11:00:00 AM,RFC,MIDATL,AE,AECO,593.324,False
10/24/2025 4:00:00 PM,10/24/2025 12:00:00 PM,RFC,MIDATL,AE,AECO,569.111,False
10/24/2025 5:00:00 PM,10/24/2025 1:00:00 PM,RFC,MIDATL,AE,AECO,589.360,False
10/24/2025 6:00:00 PM,10/24/2025 2:00:00 PM,RFC,MIDATL,AE,AECO,647.887,False
10/24/2025 7:00:00 PM,10/24/2025 3:00:00 PM,RFC,MIDATL,AE,AECO,718.604,False
10/24/2025 8:00:00 PM,10/24/2025 4:00:00 PM,RFC,MIDATL,AE,AECO,808.928,False
10/24/2025 9:00:00 PM,10/24/2025 5:00:00 PM,RFC,MIDATL,AE,AECO,901.720,False
10/24/2025 10:00:00 PM,10/24/2025 6:00:00 PM,RFC,MIDATL,AE,AECO,980.502,False
10/24/2025 11:00:00 PM,10/24/2025 7:00:00 PM,RFC,MIDATL,AE,AECO,992.287,False
10/25/2025 12:00:00 AM,10/24/2025 8:00:00 PM,RFC,MIDATL,AE,AECO,978.070,False
10/25/2025 1:00:00 AM,10/24/2025 9:00:00 PM,RFC,MIDATL,AE,AECO,952.445,False
10/25/2025 2:00:00 AM,10/24/2025 10:00:00 PM,RFC,MIDATL,AE,AECO,906.843,False
10/25/2025 3:00:00 AM,10/24/2025 11:00:00 PM,RFC,MIDATL,AE,AECO,853.551,False
10/25/2025 4:00:00 AM,10/25/2025 12:00:00 AM,RFC,MIDATL,AE,AECO,817.444,False
10/25/2025 5:00:00 AM,10/25/2025 1:00:00 AM,RFC,MIDATL,AE,AECO,787.624,False
10/25/2025 6:00:00 AM,10/25/2025 2:00:00 AM,RFC,MIDATL,AE,AECO,769.065,False
10/25/2025 7:00:00 AM,10/25/2025 3:00:00 AM,RFC,MIDATL,AE,AECO,761.530,False
10/25/2025 8:00:00 AM,10/25/2025 4:00:00 AM,RFC,MIDATL,AE,AECO,764.841,False
10/25/2025 9:00:00 AM,10/25/2025 5:00:00 AM,RFC,MIDATL,AE,AECO,791.988,False
10/25/2025 10:00:00 AM,10/25/2025 6:00:00 AM,RFC,MIDATL,AE,AECO,827.803,False
10/25/2025 11:00:00 AM,10/25/2025 7:00:00 AM,RFC,MIDATL,AE,AECO,866.128,False
10/25/2025 12:00:00 PM,10/25/2025 8:00:00 AM,RFC,MIDATL,AE,AECO,838.554,False
10/25/2025 1:00:00 PM,10/25/2025 9:00:00 AM,RFC,MIDATL,AE,AECO,745.629,False
10/25/2025 2:00:00 PM,10/25/2025 10:00:00 AM,RFC,MIDATL,AE,AECO,641.582,False
10/25/2025 3:00:00 PM,10/25/2025 11:00:00 AM,RFC,MIDATL,AE,AECO,572.635,False
10/25/2025 4:00:00 PM,10/25/2025 12:00:00 PM,RFC,MIDATL,AE,AECO,545.696,False
10/25/2025 5:00:00 PM,10/25/2025 1:00:00 PM,RFC,MIDATL,AE,AECO,532.463,False
10/25/2025 6:00:00 PM,10/25/2025 2:00:00 PM,RFC,MIDATL,AE,AECO,627.607,False
10/25/2025 7:00:00 PM,10/25/2025 3:00:00 PM,RFC,MIDATL,AE,AECO,757.540,False
10/25/2025 8:00:00 PM,10/25/2025 4:00:00 PM,RFC,MIDATL,AE,AECO,834.537,False
10/25/2025 9:00:00 PM,10/25/2025 5:00:00 PM,RFC,MIDATL,AE,AECO,903.702,False
10/25/2025 10:00:00 PM,10/25/2025 6:00:00 PM,RFC,MIDATL,AE,AECO,948.339,False
10/25/2025 11:00:00 PM,10/25/2025 7:00:00 PM,RFC,MIDATL,AE,AECO,960.886,False
10/26/2025 12:00:00 AM,10/25/2025 8:00:00 PM,RFC,MIDATL,AE,AECO,935.399,False
10/26/2025 1:00:00 AM,10/25/2025 9:00:00 PM,RFC,MIDATL,AE,AECO,913.802,False
10/26/2025 2:00:00 AM,10/25/2025 10:00:00 PM,RFC,MIDATL,AE,AECO,874.346,False
10/26/2025 3:00:00 AM,10/25/2025 11:00:00 PM,RFC,MIDATL,AE,AECO,831.942,False
10/26/2025 4:00:00 AM,10/26/2025 12:00:00 AM,RFC,MIDATL,AE,AECO,790.863,False
10/26/2025 5:00:00 AM,10/26/2025 1:00:00 AM,RFC,MIDATL,AE,AECO,766.696,False
10/26/2025 6:00:00 AM,10/26/2025 2:00:00 AM,RFC,MIDATL,AE,AECO,749.795,False
10/26/2025 7:00:00 AM,10/26/2025 3:00:00 AM,RFC,MIDATL,AE,AECO,744.321,False
10/26/2025 8:00:00 AM,10/26/2025 4:00:00 AM,RFC,MIDATL,AE,AECO,747.804,False
10/26/2025 9:00:00 AM,10/26/2025 5:00:00 AM,RFC,MIDATL,AE,AECO,769.407,False
10/26/2025 10:00:00 AM,10/26/2025 6:00:00 AM,RFC,MIDATL,AE,AECO,802.179,False
10/26/2025 11:00:00 AM,10/26/2025 7:00:00 AM,RFC,MIDATL,AE,AECO,829.991,False
10/26/2025 12:00:00 PM,10/26/2025 8:00:00 AM,RFC,MIDATL,AE,AECO,811.513,False
10/26/2025 1:00:00 PM,10/26/2025 9:00:00 AM,RFC,MIDATL,AE,AECO,751.714,False
10/26/2025 2:00:00 PM,10/26/2025 10:00:00 AM,RFC,MIDATL,AE,AECO,685.236,False
10/26/2025 3:00:00 PM,10/26/2025 11:00:00 AM,RFC,MIDATL,AE,AECO,612.632,False
10/26/2025 4:00:00 PM,10/26/2025 12:00:00 PM,RFC,MIDATL,AE,AECO,572.191,False
10/26/2025 5:00:00 PM,10/26/2025 1:00:00 PM,RFC,MIDATL,AE,AECO,560.806,False
10/26/2025 6:00:00 PM,10/26/2025 2:00:00 PM,RFC,MIDATL,AE,AECO,649.464,False
10/26/2025 7:00:00 PM,10/26/2025 3:00:00 PM,RFC,MIDATL,AE,AECO,699.988,False
10/26/2025 8:00:00 PM,10/26/2025 4:00:00 PM,RFC,MIDATL,AE,AECO,799.860,False
10/26/2025 9:00:00 PM,10/26/2025 5:00:00 PM,RFC,MIDATL,AE,AECO,897.532,False
10/26/2025 10:00:00 PM,10/26/2025 6:00:00 PM,RFC,MIDATL,AE,AECO,971.154,False
10/26/2025 11:00:00 PM,10/26/2025 7:00:00 PM,RFC,MIDATL,AE,AECO,980.719,False
10/27/2025 12:00:00 AM,10/26/2025 8:00:00 PM,RFC,MIDATL,AE,AECO,957.565,False
10/27/2025 1:00:00 AM,10/26/2025 9:00:00 PM,RFC,MIDATL,AE,AECO,910.558,False
10/27/2025 2:00:00 AM,10/26/2025 10:00:00 PM,RFC,MIDATL,AE,AECO,861.291,False
10/27/2025 3:00:00 AM,10/26/2025 11:00:00 PM,RFC,MIDATL,AE,AECO,827.875,False
10/27/2025 4:00:00 AM,10/27/2025 12:00:00 AM,RFC,MIDATL,AE,AECO,777.454,False
10/27/2025 5:00:00 AM,10/27/2025 1:00:00 AM,RFC,MIDATL,AE,AECO,752.575,False
10/27/2025 6:00:00 AM,10/27/2025 2:00:00 AM,RFC,MIDATL,AE,AECO,741.574,False
10/27/2025 7:00:00 AM,10/27/2025 3:00:00 AM,RFC,MIDATL,AE,AECO,736.668,False
10/27/2025 8:00:00 AM,10/27/2025 4:00:00 AM,RFC,MIDATL,AE,AECO,759.456,False
10/27/2025 9:00:00 AM,10/27/2025 5:00:00 AM,RFC,MIDATL,AE,AECO,813.379,False
10/27/2025 10:00:00 AM,10/27/2025 6:00:00 AM,RFC,MIDATL,AE,AECO,893.903,False
10/27/2025 11:00:00 AM,10/27/2025 7:00:00 AM,RFC,MIDATL,AE,AECO,963.500,False
10/27/2025 12:00:00 PM,10/27/2025 8:00:00 AM,RFC,MIDATL,AE,AECO,918.112,False
10/27/2025 1:00:00 PM,10/27/2025 9:00:00 AM,RFC,MIDATL,AE,AECO,782.578,False
10/27/2025 2:00:00 PM,10/27/2025 10:00:00 AM,RFC,MIDATL,AE,AECO,677.030,False
10/27/2025 3:00:00 PM,10/27/2025 11:00:00 AM,RFC,MIDATL,AE,AECO,611.031,False
10/27/2025 4:00:00 PM,10/27/2025 12:00:00 PM,RFC,MIDATL,AE,AECO,605.297,False
10/27/2025 5:00:00 PM,10/27/2025 1:00:00 PM,RFC,MIDATL,AE,AECO,628.242,False
10/27/2025 6:00:00 PM,10/27/2025 2:00:00 PM,RFC,MIDATL,AE,AECO,622.479,False
10/27/2025 7:00:00 PM,10/27/2025 3:00:00 PM,RFC,MIDATL,AE,AECO,683.891,False
10/27/2025 8:00:00 PM,10/27/2025 4:00:00 PM,RFC,MIDATL,AE,AECO,798.024,False
10/27/2025 9:00:00 PM,10/27/2025 5:00:00 PM,RFC,MIDATL,AE,AECO,928.566,False
10/27/2025 10:00:00 PM,10/27/2025 6:00:00 PM,RFC,MIDATL,AE,AECO,1013.813,False
10/27/2025 11:00:00 PM,10/27/2025 7:00:00 PM,RFC,MIDATL,AE,AECO,1024.315,False
10/28/2025 12:00:00 AM,10/27/2025 8:00:00 PM,RFC,MIDATL,AE,AECO,1000.227,False
10/28/2025 1:00:00 AM,10/27/2025 9:00:00 PM,RFC,MIDATL,AE,AECO,957.040,False
10/28/2025 2:00:00 AM,10/27/2025 10:00:00 PM,RFC,MIDATL,AE,AECO,906.106,False
10/28/2025 3:00:00 AM,10/27/2025 11:00:00 PM,RFC,MIDATL,AE,AECO,858.130,False
10/28/2025 4:00:00 AM,10/28/2025 12:00:00 AM,RFC,MIDATL,AE,AECO,804.369,False
10/28/2025 5:00:00 AM,10/28/2025 1:00:00 AM,RFC,MIDATL,AE,AECO,782.335,False
10/28/2025 6:00:00 AM,10/28/2025 2:00:00 AM,RFC,MIDATL,AE,AECO,767.449,False
10/28/2025 7:00:00 AM,10/28/2025 3:00:00 AM,RFC,MIDATL,AE,AECO,765.060,False
10/28/2025 8:00:00 AM,10/28/2025 4:00:00 AM,RFC,MIDATL,AE,AECO,781.576,False
10/28/2025 9:00:00 AM,10/28/2025 5:00:00 AM,RFC,MIDATL,AE,AECO,830.779,False
10/28/2025 10:00:00 AM,10/28/2025 6:00:00 AM,RFC,MIDATL,AE,AECO,921.972,False
10/28/2025 11:00:00 AM,10/28/2025 7:00:00 AM,RFC,MIDATL,AE,AECO,974.371,False
10/28/2025 12:00:00 PM,10/28/2025 8:00:00 AM,RFC,MIDATL,AE,AECO,948.854,False
10/28/2025 1:00:00 PM,10/28/2025 9:00:00 AM,RFC,MIDATL,AE,AECO,901.394,False
10/28/2025 2:00:00 PM,10/28/2025 10:00:00 AM,RFC,MIDATL,AE,AECO,862.438,False
10/28/2025 3:00:00 PM,10/28/2025 11:00:00 AM,RFC,MIDATL,AE,AECO,803.291,False
10/28/2025 4:00:00 PM,10/28/2025 12:00:00 PM,RFC,MIDATL,AE,AECO,874.970,False
10/28/2025 5:00:00 PM,10/28/2025 1:00:00 PM,RFC,MIDATL,AE,AECO,890.937,False
10/28/2025 6:00:00 PM,10/28/2025 2:00:00 PM,RFC,MIDATL,AE,AECO,890.845,False
10/28/2025 7:00:00 PM,10/28/2025 3:00:00 PM,RFC,MIDATL,AE,AECO,906.667,False
10/28/2025 8:00:00 PM,10/28/2025 4:00:00 PM,RFC,MIDATL,AE,AECO,971.683,False
10/28/2025 9:00:00 PM,10/28/2025 5:00:00 PM,RFC,MIDATL,AE,AECO,1010.518,False
10/28/2025 10:00:00 PM,10/28/2025 6:00:00 PM,RFC,MIDATL,AE,AECO,1064.520,False
10/28/2025 11:00:00 PM,10/28/2025 7:00:00 PM,RFC,MIDATL,AE,AECO,1057.405,False
10/29/2025 12:00:00 AM,10/28/2025 8:00:00 PM,RFC,MIDATL,AE,AECO,1016.265,False
10/29/2025 1:00:00 AM,10/28/2025 9:00:00 PM,RFC,MIDATL,AE,AECO,973.814,False
10/29/2025 2:00:00 AM,10/28/2025 10:00:00 PM,RFC,MIDATL,AE,AECO,912.350,False
10/29/2025 3:00:00 AM,10/28/2025 11:00:00 PM,RFC,MIDATL,AE,AECO,865.123,False
10/29/2025 4:00:00 AM,10/29/2025 12:00:00 AM,RFC,MIDATL,AE,AECO,807.109,False
10/29/2025 5:00:00 AM,10/29/2025 1:00:00 AM,RFC,MIDATL,AE,AECO,777.618,False
10/29/2025 6:00:00 AM,10/29/2025 2:00:00 AM,RFC,MIDATL,AE,AECO,763.344,False
10/29/2025 7:00:00 AM,10/29/2025 3:00:00 AM,RFC,MIDATL,AE,AECO,758.939,False
10/29/2025 8:00:00 AM,10/29/2025 4:00:00 AM,RFC,MIDATL,AE,AECO,769.933,False
10/29/2025 9:00:00 AM,10/29/2025 5:00:00 AM,RFC,MIDATL,AE,AECO,821.286,False
10/29/2025 10:00:00 AM,10/29/2025 6:00:00 AM,RFC,MIDATL,AE,AECO,910.057,False
10/29/2025 11:00:00 AM,10/29/2025 7:00:00 AM,RFC,MIDATL,AE,AECO,955.587,False
10/29/2025 12:00:00 PM,10/29/2025 8:00:00 AM,RFC,MIDATL,AE,AECO,930.391,False
10/29/2025 1:00:00 PM,10/29/2025 9:00:00 AM,RFC,MIDATL,AE,AECO,903.305,False
10/29/2025 2:00:00 PM,10/29/2025 10:00:00 AM,RFC,MIDATL,AE,AECO,875.494,False
10/29/2025 3:00:00 PM,10/29/2025 11:00:00 AM,RFC,MIDATL,AE,AECO,842.281,False
10/29/2025 4:00:00 PM,10/29/2025 12:00:00 PM,RFC,MIDATL,AE,AECO,822.340,False
10/29/2025 5:00:00 PM,10/29/2025 1:00:00 PM,RFC,MIDATL,AE,AECO,780.209,False
10/29/2025 6:00:00 PM,10/29/2025 2:00:00 PM,RFC,MIDATL,AE,AECO,803.896,False
10/29/2025 7:00:00 PM,10/29/2025 3:00:00 PM,RFC,MIDATL,AE,AECO,885.129,False
10/29/2025 8:00:00 PM,10/29/2025 4:00:00 PM,RFC,MIDATL,AE,AECO,946.857,False
10/29/2025 9:00:00 PM,10/29/2025 5:00:00 PM,RFC,MIDATL,AE,AECO,995.756,False
10/29/2025 10:00:00 PM,10/29/2025 6:00:00 PM,RFC,MIDATL,AE,AECO,1043.969,False
10/29/2025 11:00:00 PM,10/29/2025 7:00:00 PM,RFC,MIDATL,AE,AECO,1036.540,False
10/30/2025 12:00:00 AM,10/29/2025 8:00:00 PM,RFC,MIDATL,AE,AECO,1014.603,False
10/30/2025 1:00:00 AM,10/29/2025 9:00:00 PM,RFC,MIDATL,AE,AECO,962.783,False
10/30/2025 2:00:00 AM,10/29/2025 10:00:00 PM,RFC,MIDATL,AE,AECO,904.902,False
10/30/2025 3:00:00 AM,10/29/2025 11:00:00 PM,RFC,MIDATL,AE,AECO,842.034,False
10/30/2025 4:00:00 AM,10/30/2025 12:00:00 AM,RFC,MIDATL,AE,AECO,798.185,False
10/30/2025 5:00:00 AM,10/30/2025 1:00:00 AM,RFC,MIDATL,AE,AECO,772.673,False
10/30/2025 6:00:00 AM,10/30/2025 2:00:00 AM,RFC,MIDATL,AE,AECO,756.333,False
10/30/2025 7:00:00 AM,10/30/2025 3:00:00 AM,RFC,MIDATL,AE,AECO,748.972,False
10/30/2025 8:00:00 AM,10/30/2025 4:00:00 AM,RFC,MIDATL,AE,AECO,759.917,False
10/30/2025 9:00:00 AM,10/30/2025 5:00:00 AM,RFC,MIDATL,AE,AECO,785.677,False
10/30/2025 10:00:00 AM,10/30/2025 6:00:00 AM,RFC,MIDATL,AE,AECO,878.078,False
10/30/2025 11:00:00 AM,10/30/2025 7:00:00 AM,RFC,MIDATL,AE,AECO,942.388,False
10/30/2025 12:00:00 PM,10/30/2025 8:00:00 AM,RFC,MIDATL,AE,AECO,956.677,False
10/30/2025 1:00:00 PM,10/30/2025 9:00:00 AM,RFC,MIDATL,AE,AECO,957.453,False
10/30/2025 2:00:00 PM,10/30/2025 10:00:00 AM,RFC,MIDATL,AE,AECO,957.459,False
10/30/2025 3:00:00 PM,10/30/2025 11:00:00 AM,RFC,MIDATL,AE,AECO,976.703,False
10/30/2025 4:00:00 PM,10/30/2025 12:00:00 PM,RFC,MIDATL,AE,AECO,941.260,False
10/30/2025 5:00:00 PM,10/30/2025 1:00:00 PM,RFC,MIDATL,AE,AECO,932.120,False
10/30/2025 6:00:00 PM,10/30/2025 2:00:00 PM,RFC,MIDATL,AE,AECO,844.851,False
10/30/2025 7:00:00 PM,10/30/2025 3:00:00 PM,RFC,MIDATL,AE,AECO,832.771,False
10/30/2025 8:00:00 PM,10/30/2025 4:00:00 PM,RFC,MIDATL,AE,AECO,889.362,False
10/30/2025 9:00:00 PM,10/30/2025 5:00:00 PM,RFC,MIDATL,AE,AECO,966.603,False
10/30/2025 10:00:00 PM,10/30/2025 6:00:00 PM,RFC,MIDATL,AE,AECO,1030.296,False
10/30/2025 11:00:00 PM,10/30/2025 7:00:00 PM,RFC,MIDATL,AE,AECO,1027.121,False
10/31/2025 12:00:00 AM,10/30/2025 8:00:00 PM,RFC,MIDATL,AE,AECO,1002.911,False
10/31/2025 1:00:00 AM,10/30/2025 9:00:00 PM,RFC,MIDATL,AE,AECO,945.935,False
10/31/2025 2:00:00 AM,10/30/2025 10:00:00 PM,RFC,MIDATL,AE,AECO,886.461,False
10/31/2025 3:00:00 AM,10/30/2025 11:00:00 PM,RFC,MIDATL,AE,AECO,829.402,False
10/31/2025 4:00:00 AM,10/31/2025 12:00:00 AM,RFC,MIDATL,AE,AECO,776.413,False
10/31/2025 5:00:00 AM,10/31/2025 1:00:00 AM,RFC,MIDATL,AE,AECO,744.160,False
10/31/2025 6:00:00 AM,10/31/2025 2:00:00 AM,RFC,MIDATL,AE,AECO,728.062,False
10/31/2025 7:00:00 AM,10/31/2025 3:00:00 AM,RFC,MIDATL,AE,AECO,724.700,False
10/31/2025 8:00:00 AM,10/31/2025 4:00:00 AM,RFC,MIDATL,AE,AECO,733.012,False
10/31/2025 9:00:00 AM,10/31/2025 5:00:00 AM,RFC,MIDATL,AE,AECO,772.650,False
10/31/2025 10:00:00 AM,10/31/2025 6:00:00 AM,RFC,MIDATL,AE,AECO,858.607,False
10/31/2025 11:00:00 AM,10/31/2025 7:00:00 AM,RFC,MIDATL,AE,AECO,908.234,False
10/31/2025 12:00:00 PM,10/31/2025 8:00:00 AM,RFC,MIDATL,AE,AECO,883.889,False
10/31/2025 1:00:00 PM,10/31/2025 9:00:00 AM,RFC,MIDATL,AE,AECO,779.436,False
10/31/2025 2:00:00 PM,10/31/2025 10:00:00 AM,RFC,MIDATL,AE,AECO,715.670,False
10/31/2025 3:00:00 PM,10/31/2025 11:00:00 AM,RFC,MIDATL,AE,AECO,703.910,False
10/31/2025 4:00:00 PM,10/31/2025 12:00:00 PM,RFC,MIDATL,AE,AECO,628.248,False
10/31/2025 5:00:00 PM,10/31/2025 1:00:00 PM,RFC,MIDATL,AE,AECO,568.882,False
10/31/2025 6:00:00 PM,10/31/2025 2:00:00 PM,RFC,MIDATL,AE,AECO,578.571,False
10/31/2025 7:00:00 PM,10/31/2025 3:00:00 PM,RFC,MIDATL,AE,AECO,663.273,False
10/31/2025 8:00:00 PM,10/31/2025 4:00:00 PM,RFC,MIDATL,AE,AECO,777.326,False
10/31/2025 9:00:00 PM,10/31/2025 5:00:00 PM,RFC,MIDATL,AE,AECO,875.477,False
10/31/2025 10:00:00 PM,10/31/2025 6:00:00 PM,RFC,MIDATL,AE,AECO,935.186,False
10/31/2025 11:00:00 PM,10/31/2025 7:00:00 PM,RFC,MIDATL,AE,AECO,940.494,False
11/1/2025 12:00:00 AM,10/31/2025 8:00:00 PM,RFC,MIDATL,AE,AECO,935.656,False
11/1/2025 1:00:00 AM,10/31/2025 9:00:00 PM,RFC,MIDATL,AE,AECO,917.786,False
11/1/2025 2:00:00 AM,10/31/2025 10:00:00 PM,RFC,MIDATL,AE,AECO,878.429,False
11/1/2025 3:00:00 AM,10/31/2025 11:00:00 PM,RFC,MIDATL,AE,AECO,837.569,False
11/1/2025 4:00:00 AM,11/1/2025 12:00:00 AM,RFC,MIDATL,AE,AECO,792.799,True
11/1/2025 5:00:00 AM,11/1/2025 1:00:00 AM,RFC,MIDATL,AE,AECO,764.346,True
11/1/2025 6:00:00 AM,11/1/2025 2:00:00 AM,RFC,MIDATL,AE,AECO,744.223,True
11/1/2025 7:00:00 AM,11/1/2025 3:00:00 AM,RFC,MIDATL,AE,AECO,752.746,True
11/1/2025 8:00:00 AM,11/1/2025 4:00:00 AM,RFC,MIDATL,AE,AECO,750.314,True
11/1/2025 9:00:00 AM,11/1/2025 5:00:00 AM,RFC,MIDATL,AE,AECO,752.653,True
11/1/2025 10:00:00 AM,11/1/2025 6:00:00 AM,RFC,MIDATL,AE,AECO,797.022,True
11/1/2025 11:00:00 AM,11/1/2025 7:00:00 AM,RFC,MIDATL,AE,AECO,825.350,True
11/1/2025 12:00:00 PM,11/1/2025 8:00:00 AM,RFC,MIDATL,AE,AECO,811.944,True
11/1/2025 1:00:00 PM,11/1/2025 9:00:00 AM,RFC,MIDATL,AE,AECO,733.949,True
11/1/2025 2:00:00 PM,11/1/2025 10:00:00 AM,RFC,MIDATL,AE,AECO,626.168,True
11/1/2025 3:00:00 PM,11/1/2025 11:00:00 AM,RFC,MIDATL,AE,AECO,559.127,True
11/1/2025 4:00:00 PM,11/1/2025 12:00:00 PM,RFC,MIDATL,AE,AECO,583.879,True
11/1/2025 5:00:00 PM,11/1/2025 1:00:00 PM,RFC,MIDATL,AE,AECO,587.533,True
11/1/2025 6:00:00 PM,11/1/2025 2:00:00 PM,RFC,MIDATL,AE,AECO,575.683,True
11/1/2025 7:00:00 PM,11/1/2025 3:00:00 PM,RFC,MIDATL,AE,AECO,659.559,True
11/1/2025 8:00:00 PM,11/1/2025 4:00:00 PM,RFC,MIDATL,AE,AECO,774.315,True
11/1/2025 9:00:00 PM,11/1/2025 5:00:00 PM,RFC,MIDATL,AE,AECO,876.351,True
11/1/2025 10:00:00 PM,11/1/2025 6:00:00 PM,RFC,MIDATL,AE,AECO,948.007,True
11/1/2025 11:00:00 PM,11/1/2025 7:00:00 PM,RFC,MIDATL,AE,AECO,954.832,True
11/2/2025 12:00:00 AM,11/1/2025 8:00:00 PM,RFC,MIDATL,AE,AECO,935.016,True
11/2/2025 1:00:00 AM,11/1/2025 9:00:00 PM,RFC,MIDATL,AE,AECO,908.480,True
11/2/2025 2:00:00 AM,11/1/2025 10:00:00 PM,RFC,MIDATL,AE,AECO,877.201,True
11/2/2025 3:00:00 AM,11/1/2025 11:00:00 PM,RFC,MIDATL,AE,AECO,839.563,True
11/2/2025 4:00:00 AM,11/2/2025 12:00:00 AM,RFC,MIDATL,AE,AECO,809.529,True
11/2/2025 5:00:00 AM,11/2/2025 1:00:00 AM,RFC,MIDATL,AE,AECO,778.321,True
11/2/2025 6:00:00 AM,11/2/2025 1:00:00 AM,RFC,MIDATL,AE,AECO,763.092,True
11/2/2025 7:00:00 AM,11/2/2025 2:00:00 AM,RFC,MIDATL,AE,AECO,760.631,True
11/2/2025 8:00:00 AM,11/2/2025 3:00:00 AM,RFC,MIDATL,AE,AECO,752.685,True
11/2/2025 9:00:00 AM,11/2/2025 4:00:00 AM,RFC,MIDATL,AE,AECO,760.706,True
11/2/2025 10:00:00 AM,11/2/2025 5:00:00 AM,RFC,MIDATL,AE,AECO,792.141,True
11/2/2025 11:00:00 AM,11/2/2025 6:00:00 AM,RFC,MIDATL,AE,AECO,818.121,True
11/2/2025 12:00:00 PM,11/2/2025 7:00:00 AM,RFC,MIDATL,AE,AECO,789.325,True
11/2/2025 1:00:00 PM,11/2/2025 8:00:00 AM,RFC,MIDATL,AE,AECO,725.657,True
11/2/2025 2:00:00 PM,11/2/2025 9:00:00 AM,RFC,MIDATL,AE,AECO,629.613,True
11/2/2025 3:00:00 PM,11/2/2025 10:00:00 AM,RFC,MIDATL,AE,AECO,558.365,True
11/2/2025 4:00:00 PM,11/2/2025 11:00:00 AM,RFC,MIDATL,AE,AECO,516.209,True
11/2/2025 5:00:00 PM,11/2/2025 12:00:00 PM,RFC,MIDATL,AE,AECO,527.807,True
11/2/2025 6:00:00 PM,11/2/2025 1:00:00 PM,RFC,MIDATL,AE,AECO,572.826,True
11/2/2025 7:00:00 PM,11/2/2025 2:00:00 PM,RFC,MIDATL,AE,AECO,661.619,True
11/2/2025 8:00:00 PM,11/2/2025 3:00:00 PM,RFC,MIDATL,AE,AECO,777.628,True
11/2/2025 9:00:00 PM,11/2/2025 4:00:00 PM,RFC,MIDATL,AE,AECO,889.378,True
11/2/2025 10:00:00 PM,11/2/2025 5:00:00 PM,RFC,MIDATL,AE,AECO,981.643,True
11/2/2025 11:00:00 PM,11/2/2025 6:00:00 PM,RFC,MIDATL,AE,AECO,986.840,True
11/3/2025 12:00:00 AM,11/2/2025 7:00:00 PM,RFC,MIDATL,AE,AECO,961.069,True
11/3/2025 1:00:00 AM,11/2/2025 8:00:00 PM,RFC,MIDATL,AE,AECO,938.377,True
11/3/2025 2:00:00 AM,11/2/2025 9:00:00 PM,RFC,MIDATL,AE,AECO,892.108,True
11/3/2025 3:00:00 AM,11/2/2025 10:00:00 PM,RFC,MIDATL,AE,AECO,847.062,True
11/3/2025 4:00:00 AM,11/2/2025 11:00:00 PM,RFC,MIDATL,AE,AECO,798.974,True
11/3/2025 5:00:00 AM,11/3/2025 12:00:00 AM,RFC,MIDATL,AE,AECO,767.299,True
11/3/2025 6:00:00 AM,11/3/2025 1:00:00 AM,RFC,MIDATL,AE,AECO,742.321,True
11/3/2025 7:00:00 AM,11/3/2025 2:00:00 AM,RFC,MIDATL,AE,AECO,734.398,True
11/3/2025 8:00:00 AM,11/3/2025 3:00:00 AM,RFC,MIDATL,AE,AECO,734.276,True
11/3/2025 9:00:00 AM,11/3/2025 4:00:00 AM,RFC,MIDATL,AE,AECO,753.783,True
11/3/2025 10:00:00 AM,11/3/2025 5:00:00 AM,RFC,MIDATL,AE,AECO,796.264,True
11/3/2025 11:00:00 AM,11/3/2025 6:00:00 AM,RFC,MIDATL,AE,AECO,885.182,True
11/3/2025 12:00:00 PM,11/3/2025 7:00:00 AM,RFC,MIDATL,AE,AECO,921.792,True
11/3/2025 1:00:00 PM,11/3/2025 8:00:00 AM,RFC,MIDATL,AE,AECO,924.371,True
11/3/2025 2:00:00 PM,11/3/2025 9:00:00 AM,RFC,MIDATL,AE,AECO,943.104,True
11/3/2025 3:00:00 PM,11/3/2025 10:00:00 AM,RFC,MIDATL,AE,AECO,911.470,True
11/3/2025 4:00:00 PM,11/3/2025 11:00:00 AM,RFC,MIDATL,AE,AECO,874.991,True
11/3/2025 5:00:00 PM,11/3/2025 12:00:00 PM,RFC,MIDATL,AE,AECO,885.455,True
11/3/2025 6:00:00 PM,11/3/2025 1:00:00 PM,RFC,MIDATL,AE,AECO,932.327,True
11/3/2025 7:00:00 PM,11/3/2025 2:00:00 PM,RFC,MIDATL,AE,AECO,915.228,True
11/3/2025 8:00:00 PM,11/3/2025 3:00:00 PM,RFC,MIDATL,AE,AECO,897.927,True
11/3/2025 9:00:00 PM,11/3/2025 4:00:00 PM,RFC,MIDATL,AE,AECO,979.104,True
11/3/2025 10:00:00 PM,11/3/2025 5:00:00 PM,RFC,MIDATL,AE,AECO,1050.185,True
11/3/2025 11:00:00 PM,11/3/2025 6:00:00 PM,RFC,MIDATL,AE,AECO,1056.000,True
11/4/2025 12:00:00 AM,11/3/2025 7:00:00 PM,RFC,MIDATL,AE,AECO,1038.224,True
11/4/2025 1:00:00 AM,11/3/2025 8:00:00 PM,RFC,MIDATL,AE,AECO,1000.080,True
11/4/2025 2:00:00 AM,11/3/2025 9:00:00 PM,RFC,MIDATL,AE,AECO,943.211,True
11/4/2025 3:00:00 AM,11/3/2025 10:00:00 PM,RFC,MIDATL,AE,AECO,890.886,True
11/4/2025 4:00:00 AM,11/3/2025 11:00:00 PM,RFC,MIDATL,AE,AECO,838.990,True
11/4/2025 5:00:00 AM,11/4/2025 12:00:00 AM,RFC,MIDATL,AE,AECO,798.598,True
11/4/2025 6:00:00 AM,11/4/2025 1:00:00 AM,RFC,MIDATL,AE,AECO,769.003,True
11/4/2025 7:00:00 AM,11/4/2025 2:00:00 AM,RFC,MIDATL,AE,AECO,754.862,True
11/4/2025 8:00:00 AM,11/4/2025 3:00:00 AM,RFC,MIDATL,AE,AECO,744.673,True
11/4/2025 9:00:00 AM,11/4/2025 4:00:00 AM,RFC,MIDATL,AE,AECO,766.579,True
11/4/2025 10:00:00 AM,11/4/2025 5:00:00 AM,RFC,MIDATL,AE,AECO,812.386,True
11/4/2025 11:00:00 AM,11/4/2025 6:00:00 AM,RFC,MIDATL,AE,AECO,880.161,True
11/4/2025 12:00:00 PM,11/4/2025 7:00:00 AM,RFC,MIDATL,AE,AECO,885.866,True
11/4/2025 1:00:00 PM,11/4/2025 8:00:00 AM,RFC,MIDATL,AE,AECO,783.808,True
11/4/2025 2:00:00 PM,11/4/2025 9:00:00 AM,RFC,MIDATL,AE,AECO,679.677,True
11/4/2025 3:00:00 PM,11/4/2025 10:00:00 AM,RFC,MIDATL,AE,AECO,606.319,True
11/4/2025 4:00:00 PM,11/4/2025 11:00:00 AM,RFC,MIDATL,AE,AECO,558.354,True
11/4/2025 5:00:00 PM,11/4/2025 12:00:00 PM,RFC,MIDATL,AE,AECO,559.441,True
11/4/2025 6:00:00 PM,11/4/2025 1:00:00 PM,RFC,MIDATL,AE,AECO,600.176,True
11/4/2025 7:00:00 PM,11/4/2025 2:00:00 PM,RFC,MIDATL,AE,AECO,675.973,True
11/4/2025 8:00:00 PM,11/4/2025 3:00:00 PM,RFC,MIDATL,AE,AECO,794.496,True
11/4/2025 9:00:00 PM,11/4/2025 4:00:00 PM,RFC,MIDATL,AE,AECO,918.366,True
11/4/2025 10:00:00 PM,11/4/2025 5:00:00 PM,RFC,MIDATL,AE,AECO,1018.041,True
11/4/2025 11:00:00 PM,11/4/2025 6:00:00 PM,RFC,MIDATL,AE,AECO,1031.304,True
11/5/2025 12:00:00 AM,11/4/2025 7:00:00 PM,RFC,MIDATL,AE,AECO,1016.909,True
11/5/2025 1:00:00 AM,11/4/2025 8:00:00 PM,RFC,MIDATL,AE,AECO,992.417,True
11/5/2025 2:00:00 AM,11/4/2025 9:00:00 PM,RFC,MIDATL,AE,AECO,954.102,True
11/5/2025 3:00:00 AM,11/4/2025 10:00:00 PM,RFC,MIDATL,AE,AECO,883.696,True
11/5/2025 4:00:00 AM,11/4/2025 11:00:00 PM,RFC,MIDATL,AE,AECO,851.370,True
11/5/2025 5:00:00 AM,11/5/2025 12:00:00 AM,RFC,MIDATL,AE,AECO,812.397,True
11/5/2025 6:00:00 AM,11/5/2025 1:00:00 AM,RFC,MIDATL,AE,AECO,781.214,True
11/5/2025 7:00:00 AM,11/5/2025 2:00:00 AM,RFC,MIDATL,AE,AECO,771.327,True
11/5/2025 8:00:00 AM,11/5/2025 3:00:00 AM,RFC,MIDATL,AE,AECO,775.366,True
11/5/2025 9:00:00 AM,11/5/2025 4:00:00 AM,RFC,MIDATL,AE,AECO,786.842,True
11/5/2025 10:00:00 AM,11/5/2025 5:00:00 AM,RFC,MIDATL,AE,AECO,840.617,True
11/5/2025 11:00:00 AM,11/5/2025 6:00:00 AM,RFC,MIDATL,AE,AECO,909.102,True
11/5/2025 12:00:00 PM,11/5/2025 7:00:00 AM,RFC,MIDATL,AE,AECO,902.434,True
11/5/2025 1:00:00 PM,11/5/2025 8:00:00 AM,RFC,MIDATL,AE,AECO,847.743,True
11/5/2025 2:00:00 PM,11/5/2025 9:00:00 AM,RFC,MIDATL,AE,AECO,704.103,True
11/5/2025 3:00:00 PM,11/5/2025 10:00:00 AM,RFC,MIDATL,AE,AECO,613.858,True
11/5/2025 4:00:00 PM,11/5/2025 11:00:00 AM,RFC,MIDATL,AE,AECO,577.680,True
11/5/2025 5:00:00 PM,11/5/2025 12:00:00 PM,RFC,MIDATL,AE,AECO,617.875,True
11/5/2025 6:00:00 PM,11/5/2025 1:00:00 PM,RFC,MIDATL,AE,AECO,705.602,True
11/5/2025 7:00:00 PM,11/5/2025 2:00:00 PM,RFC,MIDATL,AE,AECO,762.544,True
11/5/2025 8:00:00 PM,11/5/2025 3:00:00 PM,RFC,MIDATL,AE,AECO,855.402,True
11/5/2025 9:00:00 PM,11/5/2025 4:00:00 PM,RFC,MIDATL,AE,AECO,930.976,True
11/5/2025 10:00:00 PM,11/5/2025 5:00:00 PM,RFC,MIDATL,AE,AECO,996.723,True
11/5/2025 11:00:00 PM,11/5/2025 6:00:00 PM,RFC,MIDATL,AE,AECO,1025.043,True
11/6/2025 12:00:00 AM,11/5/2025 7:00:00 PM,RFC,MIDATL,AE,AECO,1004.697,True
11/6/2025 1:00:00 AM,11/5/2025 8:00:00 PM,RFC,MIDATL,AE,AECO,972.899,True
11/6/2025 2:00:00 AM,11/5/2025 9:00:00 PM,RFC,MIDATL,AE,AECO,933.132,True
11/6/2025 3:00:00 AM,11/5/2025 10:00:00 PM,RFC,MIDATL,AE,AECO,873.664,True
11/6/2025 4:00:00 AM,11/5/2025 11:00:00 PM,RFC,MIDATL,AE,AECO,820.733,True
11/6/2025 5:00:00 AM,11/6/2025 12:00:00 AM,RFC,MIDATL,AE,AECO,777.294,True
11/6/2025 6:00:00 AM,11/6/2025 1:00:00 AM,RFC,MIDATL,AE,AECO,748.663,True
11/6/2025 7:00:00 AM,11/6/2025 2:00:00 AM,RFC,MIDATL,AE,AECO,734.596,True
11/6/2025 8:00:00 AM,11/6/2025 3:00:00 AM,RFC,MIDATL,AE,AECO,733.044,True
11/6/2025 9:00:00 AM,11/6/2025 4:00:00 AM,RFC,MIDATL,AE,AECO,745.615,True
11/6/2025 10:00:00 AM,11/6/2025 5:00:00 AM,RFC,MIDATL,AE,AECO,780.537,True
11/6/2025 11:00:00 AM,11/6/2025 6:00:00 AM,RFC,MIDATL,AE,AECO,850.977,True
11/6/2025 12:00:00 PM,11/6/2025 7:00:00 AM,RFC,MIDATL,AE,AECO,859.701,True
11/6/2025 1:00:00 PM,11/6/2025 8:00:00 AM,RFC,MIDATL,AE,AECO,769.897,True
11/6/2025 2:00:00 PM,11/6/2025 9:00:00 AM,RFC,MIDATL,AE,AECO,666.715,True
11/6/2025 3:00:00 PM,11/6/2025 10:00:00 AM,RFC,MIDATL,AE,AECO,618.998,True
11/6/2025 4:00:00 PM,11/6/2025 11:00:00 AM,RFC,MIDATL,AE,AECO,623.023,True
11/6/2025 5:00:00 PM,11/6/2025 12:00:00 PM,RFC,MIDATL,AE,AECO,632.951,True
11/6/2025 6:00:00 PM,11/6/2025 1:00:00 PM,RFC,MIDATL,AE,AECO,660.835,True
11/6/2025 7:00:00 PM,11/6/2025 2:00:00 PM,RFC,MIDATL,AE,AECO,725.395,True
11/6/2025 8:00:00 PM,11/6/2025 3:00:00 PM,RFC,MIDATL,AE,AECO,815.896,True
11/6/2025 9:00:00 PM,11/6/2025 4:00:00 PM,RFC,MIDATL,AE,AECO,916.267,True
11/6/2025 10:00:00 PM,11/6/2025 5:00:00 PM,RFC,MIDATL,AE,AECO,1027.385,True
11/6/2025 11:00:00 PM,11/6/2025 6:00:00 PM,RFC,MIDATL,AE,AECO,1040.148,True
11/7/2025 12:00:00 AM,11/6/2025 7:00:00 PM,RFC,MIDATL,AE,AECO,1030.297,True
11/7/2025 1:00:00 AM,11/6/2025 8:00:00 PM,RFC,MIDATL,AE,AECO,1013.396,True
11/7/2025 2:00:00 AM,11/6/2025 9:00:00 PM,RFC,MIDATL,AE,AECO,971.824,True
11/7/2025 3:00:00 AM,11/6/2025 10:00:00 PM,RFC,MIDATL,AE,AECO,931.829,True
11/7/2025 4:00:00 AM,11/6/2025 11:00:00 PM,RFC,MIDATL,AE,AECO,888.421,True
11/7/2025 5:00:00 AM,11/7/2025 12:00:00 AM,RFC,MIDATL,AE,AECO,847.042,True
11/7/2025 6:00:00 AM,11/7/2025 1:00:00 AM,RFC,MIDATL,AE,AECO,826.556,True
11/7/2025 7:00:00 AM,11/7/2025 2:00:00 AM,RFC,MIDATL,AE,AECO,815.267,True
11/7/2025 8:00:00 AM,11/7/2025 3:00:00 AM,RFC,MIDATL,AE,AECO,817.725,True
11/7/2025 9:00:00 AM,11/7/2025 4:00:00 AM,RFC,MIDATL,AE,AECO,835.460,True
11/7/2025 10:00:00 AM,11/7/2025 5:00:00 AM,RFC,MIDATL,AE,AECO,873.884,True
11/7/2025 11:00:00 AM,11/7/2025 6:00:00 AM,RFC,MIDATL,AE,AECO,929.639,True
11/7/2025 12:00:00 PM,11/7/2025 7:00:00 AM,RFC,MIDATL,AE,AECO,917.034,True
11/7/2025 1:00:00 PM,11/7/2025 8:00:00 AM,RFC,MIDATL,AE,AECO,815.222,True
11/7/2025 2:00:00 PM,11/7/2025 9:00:00 AM,RFC,MIDATL,AE,AECO,736.582,True
11/7/2025 3:00:00 PM,11/7/2025 10:00:00 AM,RFC,MIDATL,AE,AECO,658.874,True
11/7/2025 4:00:00 PM,11/7/2025 11:00:00 AM,RFC,MIDATL,AE,AECO,601.289,True
11/7/2025 5:00:00 PM,11/7/2025 12:00:00 PM,RFC,MIDATL,AE,AECO,624.328,True
11/7/2025 6:00:00 PM,11/7/2025 1:00:00 PM,RFC,MIDATL,AE,AECO,712.425,True
11/7/2025 7:00:00 PM,11/7/2025 2:00:00 PM,RFC,MIDATL,AE,AECO,792.055,True
11/7/2025 8:00:00 PM,11/7/2025 3:00:00 PM,RFC,MIDATL,AE,AECO,874.783,True
11/7/2025 9:00:00 PM,11/7/2025 4:00:00 PM,RFC,MIDATL,AE,AECO,959.621,True
11/7/2025 10:00:00 PM,11/7/2025 5:00:00 PM,RFC,MIDATL,AE,AECO,1029.161,True
11/7/2025 11:00:00 PM,11/7/2025 6:00:00 PM,RFC,MIDATL,AE,AECO,1020.872,True
11/8/2025 12:00:00 AM,11/7/2025 7:00:00 PM,RFC,MIDATL,AE,AECO,998.510,True
11/8/2025 1:00:00 AM,11/7/2025 8:00:00 PM,RFC,MIDATL,AE,AECO,975.784,True
11/8/2025 2:00:00 AM,11/7/2025 9:00:00 PM,RFC,MIDATL,AE,AECO,935.734,True
11/8/2025 3:00:00 AM,11/7/2025 10:00:00 PM,RFC,MIDATL,AE,AECO,888.583,True
11/8/2025 4:00:00 AM,11/7/2025 11:00:00 PM,RFC,MIDATL,AE,AECO,832.976,True
11/8/2025 5:00:00 AM,11/8/2025 12:00:00 AM,RFC,MIDATL,AE,AECO,787.565,True
11/8/2025 6:00:00 AM,11/8/2025 1:00:00 AM,RFC,MIDATL,AE,AECO,755.219,True
11/8/2025 7:00:00 AM,11/8/2025 2:00:00 AM,RFC,MIDATL,AE,AECO,740.227,True
11/8/2025 8:00:00 AM,11/8/2025 3:00:00 AM,RFC,MIDATL,AE,AECO,724.307,True
11/8/2025 9:00:00 AM,11/8/2025 4:00:00 AM,RFC,MIDATL,AE,AECO,726.972,True
11/8/2025 10:00:00 AM,11/8/2025 5:00:00 AM,RFC,MIDATL,AE,AECO,744.177,True
11/8/2025 11:00:00 AM,11/8/2025 6:00:00 AM,RFC,MIDATL,AE,AECO,763.911,True
11/8/2025 12:00:00 PM,11/8/2025 7:00:00 AM,RFC,MIDATL,AE,AECO,777.114,True
11/8/2025 1:00:00 PM,11/8/2025 8:00:00 AM,RFC,MIDATL,AE,AECO,716.112,True
11/8/2025 2:00:00 PM,11/8/2025 9:00:00 AM,RFC,MIDATL,AE,AECO,633.057,True
11/8/2025 3:00:00 PM,11/8/2025 10:00:00 AM,RFC,MIDATL,AE,AECO,575.547,True
11/8/2025 4:00:00 PM,11/8/2025 11:00:00 AM,RFC,MIDATL,AE,AECO,548.385,True
11/8/2025 5:00:00 PM,11/8/2025 12:00:00 PM,RFC,MIDATL,AE,AECO,553.877,True
11/8/2025 6:00:00 PM,11/8/2025 1:00:00 PM,RFC,MIDATL,AE,AECO,605.952,True
11/8/2025 7:00:00 PM,11/8/2025 2:00:00 PM,RFC,MIDATL,AE,AECO,684.010,True
11/8/2025 8:00:00 PM,11/8/2025 3:00:00 PM,RFC,MIDATL,AE,AECO,797.475,True
11/8/2025 9:00:00 PM,11/8/2025 4:00:00 PM,RFC,MIDATL,AE,AECO,908.032,True
11/8/2025 10:00:00 PM,11/8/2025 5:00:00 PM,RFC,MIDATL,AE,AECO,963.920,True
11/8/2025 11:00:00 PM,11/8/2025 6:00:00 PM,RFC,MIDATL,AE,AECO,953.000,True
11/9/2025 12:00:00 AM,11/8/2025 7:00:00 PM,RFC,MIDATL,AE,AECO,931.676,True
11/9/2025 1:00:00 AM,11/8/2025 8:00:00 PM,RFC,MIDATL,AE,AECO,910.315,True
11/9/2025 2:00:00 AM,11/8/2025 9:00:00 PM,RFC,MIDATL,AE,AECO,880.234,True
11/9/2025 3:00:00 AM,11/8/2025 10:00:00 PM,RFC,MIDATL,AE,AECO,846.536,True
11/9/2025 4:00:00 AM,11/8/2025 11:00:00 PM,RFC,MIDATL,AE,AECO,804.464,True
11/9/2025 5:00:00 AM,11/9/2025 12:00:00 AM,RFC,MIDATL,AE,AECO,771.626,True
11/9/2025 6:00:00 AM,11/9/2025 1:00:00 AM,RFC,MIDATL,AE,AECO,744.242,True
11/9/2025 7:00:00 AM,11/9/2025 2:00:00 AM,RFC,MIDATL,AE,AECO,727.425,True
11/9/2025 8:00:00 AM,11/9/2025 3:00:00 AM,RFC,MIDATL,AE,AECO,724.495,True
11/9/2025 9:00:00 AM,11/9/2025 4:00:00 AM,RFC,MIDATL,AE,AECO,725.101,True
11/9/2025 10:00:00 AM,11/9/2025 5:00:00 AM,RFC,MIDATL,AE,AECO,741.362,True
11/9/2025 11:00:00 AM,11/9/2025 6:00:00 AM,RFC,MIDATL,AE,AECO,761.900,True
11/9/2025 12:00:00 PM,11/9/2025 7:00:00 AM,RFC,MIDATL,AE,AECO,767.453,True
11/9/2025 1:00:00 PM,11/9/2025 8:00:00 AM,RFC,MIDATL,AE,AECO,798.917,True
11/9/2025 2:00:00 PM,11/9/2025 9:00:00 AM,RFC,MIDATL,AE,AECO,806.536,True
11/9/2025 3:00:00 PM,11/9/2025 10:00:00 AM,RFC,MIDATL,AE,AECO,852.446,True
11/9/2025 4:00:00 PM,11/9/2025 11:00:00 AM,RFC,MIDATL,AE,AECO,820.682,True
11/9/2025 5:00:00 PM,11/9/2025 12:00:00 PM,RFC,MIDATL,AE,AECO,848.334,True
11/9/2025 6:00:00 PM,11/9/2025 1:00:00 PM,RFC,MIDATL,AE,AECO,845.133,True
11/9/2025 7:00:00 PM,11/9/2025 2:00:00 PM,RFC,MIDATL,AE,AECO,825.526,True
11/9/2025 8:00:00 PM,11/9/2025 3:00:00 PM,RFC,MIDATL,AE,AECO,878.032,True
11/9/2025 9:00:00 PM,11/9/2025 4:00:00 PM,RFC,MIDATL,AE,AECO,948.480,True
11/9/2025 10:00:00 PM,11/9/2025 5:00:00 PM,RFC,MIDATL,AE,AECO,1017.033,True
11/9/2025 11:00:00 PM,11/9/2025 6:00:00 PM,RFC,MIDATL,AE,AECO,1007.125,True
11/10/2025 12:00:00 AM,11/9/2025 7:00:00 PM,RFC,MIDATL,AE,AECO,980.590,True
11/10/2025 1:00:00 AM,11/9/2025 8:00:00 PM,RFC,MIDATL,AE,AECO,952.221,True
11/10/2025 2:00:00 AM,11/9/2025 9:00:00 PM,RFC,MIDATL,AE,AECO,908.209,True
11/10/2025 3:00:00 AM,11/9/2025 10:00:00 PM,RFC,MIDATL,AE,AECO,855.014,True
11/10/2025 4:00:00 AM,11/9/2025 11:00:00 PM,RFC,MIDATL,AE,AECO,799.135,True
11/10/2025 5:00:00 AM,11/10/2025 12:00:00 AM,RFC,MIDATL,AE,AECO,756.700,True
11/10/2025 6:00:00 AM,11/10/2025 1:00:00 AM,RFC,MIDATL,AE,AECO,730.329,True
11/10/2025 7:00:00 AM,11/10/2025 2:00:00 AM,RFC,MIDATL,AE,AECO,714.591,True
11/10/2025 8:00:00 AM,11/10/2025 3:00:00 AM,RFC,MIDATL,AE,AECO,716.793,True
11/10/2025 9:00:00 AM,11/10/2025 4:00:00 AM,RFC,MIDATL,AE,AECO,729.066,True
11/10/2025 10:00:00 AM,11/10/2025 5:00:00 AM,RFC,MIDATL,AE,AECO,772.515,True
11/10/2025 11:00:00 AM,11/10/2025 6:00:00 AM,RFC,MIDATL,AE,AECO,845.670,True
11/10/2025 12:00:00 PM,11/10/2025 7:00:00 AM,RFC,MIDATL,AE,AECO,876.153,True
11/10/2025 1:00:00 PM,11/10/2025 8:00:00 AM,RFC,MIDATL,AE,AECO,859.157,True
11/10/2025 2:00:00 PM,11/10/2025 9:00:00 AM,RFC,MIDATL,AE,AECO,900.431,True
11/10/2025 3:00:00 PM,11/10/2025 10:00:00 AM,RFC,MIDATL,AE,AECO,896.067,True
11/10/2025 4:00:00 PM,11/10/2025 11:00:00 AM,RFC,MIDATL,AE,AECO,873.765,True
11/10/2025 5:00:00 PM,11/10/2025 12:00:00 PM,RFC,MIDATL,AE,AECO,849.766,True
11/10/2025 6:00:00 PM,11/10/2025 1:00:00 PM,RFC,MIDATL,AE,AECO,773.821,True
11/10/2025 7:00:00 PM,11/10/2025 2:00:00 PM,RFC,MIDATL,AE,AECO,791.102,True
11/10/2025 8:00:00 PM,11/10/2025 3:00:00 PM,RFC,MIDATL,AE,AECO,897.306,True
11/10/2025 9:00:00 PM,11/10/2025 4:00:00 PM,RFC,MIDATL,AE,AECO,1003.954,True
11/10/2025 10:00:00 PM,11/10/2025 5:00:00 PM,RFC,MIDATL,AE,AECO,1100.703,True
11/10/2025 11:00:00 PM,11/10/2025 6:00:00 PM,RFC,MIDATL,AE,AECO,1110.676,True
11/11/2025 12:00:00 AM,11/10/2025 7:00:00 PM,RFC,MIDATL,AE,AECO,1096.754,True
11/11/2025 1:00:00 AM,11/10/2025 8:00:00 PM,RFC,MIDATL,AE,AECO,1072.618,True
11/11/2025 2:00:00 AM,11/10/2025 9:00:00 PM,RFC,MIDATL,AE,AECO,1026.969,True
11/11/2025 3:00:00 AM,11/10/2025 10:00:00 PM,RFC,MIDATL,AE,AECO,972.769,True
11/11/2025 4:00:00 AM,11/10/2025 11:00:00 PM,RFC,MIDATL,AE,AECO,917.396,True
11/11/2025 5:00:00 AM,11/11/2025 12:00:00 AM,RFC,MIDATL,AE,AECO,894.349,True
11/11/2025 6:00:00 AM,11/11/2025 1:00:00 AM,RFC,MIDATL,AE,AECO,866.333,True
11/11/2025 7:00:00 AM,11/11/2025 2:00:00 AM,RFC,MIDATL,AE,AECO,861.611,True
11/11/2025 8:00:00 AM,11/11/2025 3:00:00 AM,RFC,MIDATL,AE,AECO,852.512,True
11/11/2025 9:00:00 AM,11/11/2025 4:00:00 AM,RFC,MIDATL,AE,AECO,876.774,True
11/11/2025 10:00:00 AM,11/11/2025 5:00:00 AM,RFC,MIDATL,AE,AECO,913.232,True
11/11/2025 11:00:00 AM,11/11/2025 6:00:00 AM,RFC,MIDATL,AE,AECO,990.987,True
11/11/2025 12:00:00 PM,11/11/2025 7:00:00 AM,RFC,MIDATL,AE,AECO,1003.974,True
11/11/2025 1:00:00 PM,11/11/2025 8:00:00 AM,RFC,MIDATL,AE,AECO,880.633,True
11/11/2025 2:00:00 PM,11/11/2025 9:00:00 AM,RFC,MIDATL,AE,AECO,801.640,True
11/11/2025 3:00:00 PM,11/11/2025 10:00:00 AM,RFC,MIDATL,AE,AECO,745.333,True
11/11/2025 4:00:00 PM,11/11/2025 11:00:00 AM,RFC,MIDATL,AE,AECO,737.069,True
11/11/2025 5:00:00 PM,11/11/2025 12:00:00 PM,RFC,MIDATL,AE,AECO,744.263,True
11/11/2025 6:00:00 PM,11/11/2025 1:00:00 PM,RFC,MIDATL,AE,AECO,846.845,True
11/11/2025 7:00:00 PM,11/11/2025 2:00:00 PM,RFC,MIDATL,AE,AECO,930.036,True
11/11/2025 8:00:00 PM,11/11/2025 3:00:00 PM,RFC,MIDATL,AE,AECO,1016.514,True
11/11/2025 9:00:00 PM,11/11/2025 4:00:00 PM,RFC,MIDATL,AE,AECO,1091.631,True
11/11/2025 10:00:00 PM,11/11/2025 5:00:00 PM,RFC,MIDATL,AE,AECO,1179.585,True
11/11/2025 11:00:00 PM,11/11/2025 6:00:00 PM,RFC,MIDATL,AE,AECO,1176.348,True
11/12/2025 12:00:00 AM,11/11/2025 7:00:00 PM,RFC,MIDATL,AE,AECO,1154.865,True
11/12/2025 1:00:00 AM,11/11/2025 8:00:00 PM,RFC,MIDATL,AE,AECO,1123.264,True
11/12/2025 2:00:00 AM,11/11/2025 9:00:00 PM,RFC,MIDATL,AE,AECO,1068.017,True
11/12/2025 3:00:00 AM,11/11/2025 10:00:00 PM,RFC,MIDATL,AE,AECO,1005.348,True
11/12/2025 4:00:00 AM,11/11/2025 11:00:00 PM,RFC,MIDATL,AE,AECO,943.856,True
11/12/2025 5:00:00 AM,11/12/2025 12:00:00 AM,RFC,MIDATL,AE,AECO,901.582,True
11/12/2025 6:00:00 AM,11/12/2025 1:00:00 AM,RFC,MIDATL,AE,AECO,870.161,True
11/12/2025 7:00:00 AM,11/12/2025 2:00:00 AM,RFC,MIDATL,AE,AECO,853.998,True
11/12/2025 8:00:00 AM,11/12/2025 3:00:00 AM,RFC,MIDATL,AE,AECO,848.077,True
11/12/2025 9:00:00 AM,11/12/2025 4:00:00 AM,RFC,MIDATL,AE,AECO,853.699,True
11/12/2025 10:00:00 AM,11/12/2025 5:00:00 AM,RFC,MIDATL,AE,AECO,907.212,True
11/12/2025 11:00:00 AM,11/12/2025 6:00:00 AM,RFC,MIDATL,AE,AECO,988.171,True
11/12/2025 12:00:00 PM,11/12/2025 7:00:00 AM,RFC,MIDATL,AE,AECO,1000.505,True
11/12/2025 1:00:00 PM,11/12/2025 8:00:00 AM,RFC,MIDATL,AE,AECO,1000.871,True
11/12/2025 2:00:00 PM,11/12/2025 9:00:00 AM,RFC,MIDATL,AE,AECO,969.832,True
11/12/2025 3:00:00 PM,11/12/2025 10:00:00 AM,RFC,MIDATL,AE,AECO,943.847,True
11/12/2025 4:00:00 PM,11/12/2025 11:00:00 AM,RFC,MIDATL,AE,AECO,911.052,True
11/12/2025 5:00:00 PM,11/12/2025 12:00:00 PM,RFC,MIDATL,AE,AECO,882.860,True
11/12/2025 6:00:00 PM,11/12/2025 1:00:00 PM,RFC,MIDATL,AE,AECO,801.996,True
11/12/2025 7:00:00 PM,11/12/2025 2:00:00 PM,RFC,MIDATL,AE,AECO,786.715,True
11/12/2025 8:00:00 PM,11/12/2025 3:00:00 PM,RFC,MIDATL,AE,AECO,913.439,True
11/12/2025 9:00:00 PM,11/12/2025 4:00:00 PM,RFC,MIDATL,AE,AECO,1003.483,True
11/12/2025 10:00:00 PM,11/12/2025 5:00:00 PM,RFC,MIDATL,AE,AECO,1092.434,True
11/12/2025 11:00:00 PM,11/12/2025 6:00:00 PM,RFC,MIDATL,AE,AECO,1092.924,True
11/13/2025 12:00:00 AM,11/12/2025 7:00:00 PM,RFC,MIDATL,AE,AECO,1073.358,True
11/13/2025 1:00:00 AM,11/12/2025 8:00:00 PM,RFC,MIDATL,AE,AECO,1044.705,True
11/13/2025 2:00:00 AM,11/12/2025 9:00:00 PM,RFC,MIDATL,AE,AECO,990.159,True
11/13/2025 3:00:00 AM,11/12/2025 10:00:00 PM,RFC,MIDATL,AE,AECO,936.348,True
11/13/2025 4:00:00 AM,11/12/2025 11:00:00 PM,RFC,MIDATL,AE,AECO,875.367,True
11/13/2025 5:00:00 AM,11/13/2025 12:00:00 AM,RFC,MIDATL,AE,AECO,837.749,True
11/13/2025 6:00:00 AM,11/13/2025 1:00:00 AM,RFC,MIDATL,AE,AECO,809.092,True
11/13/2025 7:00:00 AM,11/13/2025 2:00:00 AM,RFC,MIDATL,AE,AECO,794.705,True
11/13/2025 8:00:00 AM,11/13/2025 3:00:00 AM,RFC,MIDATL,AE,AECO,794.071,True
11/13/2025 9:00:00 AM,11/13/2025 4:00:00 AM,RFC,MIDATL,AE,AECO,805.734,True
11/13/2025 10:00:00 AM,11/13/2025 5:00:00 AM,RFC,MIDATL,AE,AECO,861.809,True
11/13/2025 11:00:00 AM,11/13/2025 6:00:00 AM,RFC,MIDATL,AE,AECO,932.534,True
11/13/2025 12:00:00 PM,11/13/2025 7:00:00 AM,RFC,MIDATL,AE,AECO,937.890,True
11/13/2025 1:00:00 PM,11/13/2025 8:00:00 AM,RFC,MIDATL,AE,AECO,828.405,True
11/13/2025 2:00:00 PM,11/13/2025 9:00:00 AM,RFC,MIDATL,AE,AECO,718.459,True
11/13/2025 3:00:00 PM,11/13/2025 10:00:00 AM,RFC,MIDATL,AE,AECO,669.577,True
11/13/2025 4:00:00 PM,11/13/2025 11:00:00 AM,RFC,MIDATL,AE,AECO,714.745,True
11/13/2025 5:00:00 PM,11/13/2025 12:00:00 PM,RFC,MIDATL,AE,AECO,712.996,True
11/13/2025 6:00:00 PM,11/13/2025 1:00:00 PM,RFC,MIDATL,AE,AECO,708.737,True
11/13/2025 7:00:00 PM,11/13/2025 2:00:00 PM,RFC,MIDATL,AE,AECO,773.489,True
11/13/2025 8:00:00 PM,11/13/2025 3:00:00 PM,RFC,MIDATL,AE,AECO,882.202,True
11/13/2025 9:00:00 PM,11/13/2025 4:00:00 PM,RFC,MIDATL,AE,AECO,976.974,True
11/13/2025 10:00:00 PM,11/13/2025 5:00:00 PM,RFC,MIDATL,AE,AECO,1078.521,True
11/13/2025 11:00:00 PM,11/13/2025 6:00:00 PM,RFC,MIDATL,AE,AECO,1086.619,True
11/14/2025 12:00:00 AM,11/13/2025 7:00:00 PM,RFC,MIDATL,AE,AECO,1072.978,True
11/14/2025 1:00:00 AM,11/13/2025 8:00:00 PM,RFC,MIDATL,AE,AECO,1064.729,True
11/14/2025 2:00:00 AM,11/13/2025 9:00:00 PM,RFC,MIDATL,AE,AECO,1026.556,True
11/14/2025 3:00:00 AM,11/13/2025 10:00:00 PM,RFC,MIDATL,AE,AECO,968.669,True
11/14/2025 4:00:00 AM,11/13/2025 11:00:00 PM,RFC,MIDATL,AE,AECO,907.490,True
11/14/2025 5:00:00 AM,11/14/2025 12:00:00 AM,RFC,MIDATL,AE,AECO,867.275,True
11/14/2025 6:00:00 AM,11/14/2025 1:00:00 AM,RFC,MIDATL,AE,AECO,840.852,True
11/14/2025 7:00:00 AM,11/14/2025 2:00:00 AM,RFC,MIDATL,AE,AECO,833.646,True
11/14/2025 8:00:00 AM,11/14/2025 3:00:00 AM,RFC,MIDATL,AE,AECO,825.878,True
11/14/2025 9:00:00 AM,11/14/2025 4:00:00 AM,RFC,MIDATL,AE,AECO,846.693,True
11/14/2025 10:00:00 AM,11/14/2025 5:00:00 AM,RFC,MIDATL,AE,AECO,899.204,True
11/14/2025 11:00:00 AM,11/14/2025 6:00:00 AM,RFC,MIDATL,AE,AECO,968.617,True
11/14/2025 12:00:00 PM,11/14/2025 7:00:00 AM,RFC,MIDATL,AE,AECO,981.298,True
11/14/2025 1:00:00 PM,11/14/2025 8:00:00 AM,RFC,MIDATL,AE,AECO,871.283,True
11/14/2025 2:00:00 PM,11/14/2025 9:00:00 AM,RFC,MIDATL,AE,AECO,740.394,True
11/14/2025 3:00:00 PM,11/14/2025 10:00:00 AM,RFC,MIDATL,AE,AECO,625.195,True
11/14/2025 4:00:00 PM,11/14/2025 11:00:00 AM,RFC,MIDATL,AE,AECO,607.025,True
11/14/2025 5:00:00 PM,11/14/2025 12:00:00 PM,RFC,MIDATL,AE,AECO,606.470,True
11/14/2025 6:00:00 PM,11/14/2025 1:00:00 PM,RFC,MIDATL,AE,AECO,644.109,True
11/14/2025 7:00:00 PM,11/14/2025 2:00:00 PM,RFC,MIDATL,AE,AECO,732.803,True
11/14/2025 8:00:00 PM,11/14/2025 3:00:00 PM,RFC,MIDATL,AE,AECO,864.226,True
11/14/2025 9:00:00 PM,11/14/2025 4:00:00 PM,RFC,MIDATL,AE,AECO,1022.957,True
11/14/2025 10:00:00 PM,11/14/2025 5:00:00 PM,RFC,MIDATL,AE,AECO,1050.804,True
11/14/2025 11:00:00 PM,11/14/2025 6:00:00 PM,RFC,MIDATL,AE,AECO,1051.416,True
11/15/2025 12:00:00 AM,11/14/2025 7:00:00 PM,RFC,MIDATL,AE,AECO,1034.046,True
11/15/2025 1:00:00 AM,11/14/2025 8:00:00 PM,RFC,MIDATL,AE,AECO,1011.362,True
11/15/2025 2:00:00 AM,11/14/2025 9:00:00 PM,RFC,MIDATL,AE,AECO,970.238,True
11/15/2025 3:00:00 AM,11/14/2025 10:00:00 PM,RFC,MIDATL,AE,AECO,923.224,True
11/15/2025 4:00:00 AM,11/14/2025 11:00:00 PM,RFC,MIDATL,AE,AECO,874.441,True
11/15/2025 5:00:00 AM,11/15/2025 12:00:00 AM,RFC,MIDATL,AE,AECO,831.460,True
11/15/2025 6:00:00 AM,11/15/2025 1:00:00 AM,RFC,MIDATL,AE,AECO,806.450,True
11/15/2025 7:00:00 AM,11/15/2025 2:00:00 AM,RFC,MIDATL,AE,AECO,792.743,True
11/15/2025 8:00:00 AM,11/15/2025 3:00:00 AM,RFC,MIDATL,AE,AECO,791.398,True
11/15/2025 9:00:00 AM,11/15/2025 4:00:00 AM,RFC,MIDATL,AE,AECO,802.258,True
11/15/2025 10:00:00 AM,11/15/2025 5:00:00 AM,RFC,MIDATL,AE,AECO,820.549,True
11/15/2025 11:00:00 AM,11/15/2025 6:00:00 AM,RFC,MIDATL,AE,AECO,864.942,True
11/15/2025 12:00:00 PM,11/15/2025 7:00:00 AM,RFC,MIDATL,AE,AECO,868.074,True
11/15/2025 1:00:00 PM,11/15/2025 8:00:00 AM,RFC,MIDATL,AE,AECO,804.301,True
11/15/2025 2:00:00 PM,11/15/2025 9:00:00 AM,RFC,MIDATL,AE,AECO,712.609,True
11/15/2025 3:00:00 PM,11/15/2025 10:00:00 AM,RFC,MIDATL,AE,AECO,685.959,True
11/15/2025 4:00:00 PM,11/15/2025 11:00:00 AM,RFC,MIDATL,AE,AECO,729.697,True
11/15/2025 5:00:00 PM,11/15/2025 12:00:00 PM,RFC,MIDATL,AE,AECO,772.538,True
11/15/2025 6:00:00 PM,11/15/2025 1:00:00 PM,RFC,MIDATL,AE,AECO,844.523,True
11/15/2025 7:00:00 PM,11/15/2025 2:00:00 PM,RFC,MIDATL,AE,AECO,868.803,True
11/15/2025 8:00:00 PM,11/15/2025 3:00:00 PM,RFC,MIDATL,AE,AECO,909.978,True
11/15/2025 9:00:00 PM,11/15/2025 4:00:00 PM,RFC,MIDATL,AE,AECO,970.825,True
11/15/2025 10:00:00 PM,11/15/2025 5:00:00 PM,RFC,MIDATL,AE,AECO,1023.316,True
11/15/2025 11:00:00 PM,11/15/2025 6:00:00 PM,RFC,MIDATL,AE,AECO,1006.159,True
11/16/2025 12:00:00 AM,11/15/2025 7:00:00 PM,RFC,MIDATL,AE,AECO,986.961,True
11/16/2025 1:00:00 AM,11/15/2025 8:00:00 PM,RFC,MIDATL,AE,AECO,965.240,True
11/16/2025 2:00:00 AM,11/15/2025 9:00:00 PM,RFC,MIDATL,AE,AECO,922.528,True
11/16/2025 3:00:00 AM,11/15/2025 10:00:00 PM,RFC,MIDATL,AE,AECO,885.576,True
11/16/2025 4:00:00 AM,11/15/2025 11:00:00 PM,RFC,MIDATL,AE,AECO,828.999,True
11/16/2025 5:00:00 AM,11/16/2025 12:00:00 AM,RFC,MIDATL,AE,AECO,783.083,True
11/16/2025 6:00:00 AM,11/16/2025 1:00:00 AM,RFC,MIDATL,AE,AECO,755.808,True
11/16/2025 7:00:00 AM,11/16/2025 2:00:00 AM,RFC,MIDATL,AE,AECO,731.560,True
11/16/2025 8:00:00 AM,11/16/2025 3:00:00 AM,RFC,MIDATL,AE,AECO,719.445,True
11/16/2025 9:00:00 AM,11/16/2025 4:00:00 AM,RFC,MIDATL,AE,AECO,722.098,True
11/16/2025 10:00:00 AM,11/16/2025 5:00:00 AM,RFC,MIDATL,AE,AECO,729.971,True
11/16/2025 11:00:00 AM,11/16/2025 6:00:00 AM,RFC,MIDATL,AE,AECO,752.976,True
11/16/2025 12:00:00 PM,11/16/2025 7:00:00 AM,RFC,MIDATL,AE,AECO,765.396,True
11/16/2025 1:00:00 PM,11/16/2025 8:00:00 AM,RFC,MIDATL,AE,AECO,738.322,True
11/16/2025 2:00:00 PM,11/16/2025 9:00:00 AM,RFC,MIDATL,AE,AECO,645.082,True
11/16/2025 3:00:00 PM,11/16/2025 10:00:00 AM,RFC,MIDATL,AE,AECO,599.302,True
11/16/2025 4:00:00 PM,11/16/2025 11:00:00 AM,RFC,MIDATL,AE,AECO,593.491,True
11/16/2025 5:00:00 PM,11/16/2025 12:00:00 PM,RFC,MIDATL,AE,AECO,560.335,True
11/16/2025 6:00:00 PM,11/16/2025 1:00:00 PM,RFC,MIDATL,AE,AECO,603.632,True
11/16/2025 7:00:00 PM,11/16/2025 2:00:00 PM,RFC,MIDATL,AE,AECO,678.614,True
11/16/2025 8:00:00 PM,11/16/2025 3:00:00 PM,RFC,MIDATL,AE,AECO,800.957,True
11/16/2025 9:00:00 PM,11/16/2025 4:00:00 PM,RFC,MIDATL,AE,AECO,923.798,True
11/16/2025 10:00:00 PM,11/16/2025 5:00:00 PM,RFC,MIDATL,AE,AECO,1026.457,True
11/16/2025 11:00:00 PM,11/16/2025 6:00:00 PM,RFC,MIDATL,AE,AECO,1046.267,True
11/17/2025 12:00:00 AM,11/16/2025 7:00:00 PM,RFC,MIDATL,AE,AECO,1021.065,True
11/17/2025 1:00:00 AM,11/16/2025 8:00:00 PM,RFC,MIDATL,AE,AECO,1004.957,True
11/17/2025 2:00:00 AM,11/16/2025 9:00:00 PM,RFC,MIDATL,AE,AECO,962.868,True
11/17/2025 3:00:00 AM,11/16/2025 10:00:00 PM,RFC,MIDATL,AE,AECO,914.932,True
11/17/2025 4:00:00 AM,11/16/2025 11:00:00 PM,RFC,MIDATL,AE,AECO,869.377,True
11/17/2025 5:00:00 AM,11/17/2025 12:00:00 AM,RFC,MIDATL,AE,AECO,831.798,True
11/17/2025 6:00:00 AM,11/17/2025 1:00:00 AM,RFC,MIDATL,AE,AECO,802.973,True
11/17/2025 7:00:00 AM,11/17/2025 2:00:00 AM,RFC,MIDATL,AE,AECO,794.008,True
11/17/2025 8:00:00 AM,11/17/2025 3:00:00 AM,RFC,MIDATL,AE,AECO,789.131,True
11/17/2025 9:00:00 AM,11/17/2025 4:00:00 AM,RFC,MIDATL,AE,AECO,805.645,True
11/17/2025 10:00:00 AM,11/17/2025 5:00:00 AM,RFC,MIDATL,AE,AECO,866.101,True
11/17/2025 11:00:00 AM,11/17/2025 6:00:00 AM,RFC,MIDATL,AE,AECO,946.275,True
11/17/2025 12:00:00 PM,11/17/2025 7:00:00 AM,RFC,MIDATL,AE,AECO,963.646,True
11/17/2025 1:00:00 PM,11/17/2025 8:00:00 AM,RFC,MIDATL,AE,AECO,874.752,True
11/17/2025 2:00:00 PM,11/17/2025 9:00:00 AM,RFC,MIDATL,AE,AECO,813.304,True
11/17/2025 3:00:00 PM,11/17/2025 10:00:00 AM,RFC,MIDATL,AE,AECO,784.819,True
11/17/2025 4:00:00 PM,11/17/2025 11:00:00 AM,RFC,MIDATL,AE,AECO,773.511,True
11/17/2025 5:00:00 PM,11/17/2025 12:00:00 PM,RFC,MIDATL,AE,AECO,792.454,True
11/17/2025 6:00:00 PM,11/17/2025 1:00:00 PM,RFC,MIDATL,AE,AECO,831.015,True
11/17/2025 7:00:00 PM,11/17/2025 2:00:00 PM,RFC,MIDATL,AE,AECO,864.702,True
11/17/2025 8:00:00 PM,11/17/2025 3:00:00 PM,RFC,MIDATL,AE,AECO,934.133,True
11/17/2025 9:00:00 PM,11/17/2025 4:00:00 PM,RFC,MIDATL,AE,AECO,1046.415,True
11/17/2025 10:00:00 PM,11/17/2025 5:00:00 PM,RFC,MIDATL,AE,AECO,1146.443,True
11/17/2025 11:00:00 PM,11/17/2025 6:00:00 PM,RFC,MIDATL,AE,AECO,1136.960,True
11/18/2025 12:00:00 AM,11/17/2025 7:00:00 PM,RFC,MIDATL,AE,AECO,1122.364,True
11/18/2025 1:00:00 AM,11/17/2025 8:00:00 PM,RFC,MIDATL,AE,AECO,1096.048,True
11/18/2025 2:00:00 AM,11/17/2025 9:00:00 PM,RFC,MIDATL,AE,AECO,1045.221,True
11/18/2025 3:00:00 AM,11/17/2025 10:00:00 PM,RFC,MIDATL,AE,AECO,981.341,True
11/18/2025 4:00:00 AM,11/17/2025 11:00:00 PM,RFC,MIDATL,AE,AECO,918.789,True
11/18/2025 5:00:00 AM,11/18/2025 12:00:00 AM,RFC,MIDATL,AE,AECO,886.901,True
11/18/2025 6:00:00 AM,11/18/2025 1:00:00 AM,RFC,MIDATL,AE,AECO,868.317,True
11/18/2025 7:00:00 AM,11/18/2025 2:00:00 AM,RFC,MIDATL,AE,AECO,853.017,True
11/18/2025 8:00:00 AM,11/18/2025 3:00:00 AM,RFC,MIDATL,AE,AECO,857.906,True
11/18/2025 9:00:00 AM,11/18/2025 4:00:00 AM,RFC,MIDATL,AE,AECO,879.269,True
11/18/2025 10:00:00 AM,11/18/2025 5:00:00 AM,RFC,MIDATL,AE,AECO,931.639,True
11/18/2025 11:00:00 AM,11/18/2025 6:00:00 AM,RFC,MIDATL,AE,AECO,1011.249,True
11/18/2025 12:00:00 PM,11/18/2025 7:00:00 AM,RFC,MIDATL,AE,AECO,1021.365,True
11/18/2025 1:00:00 PM,11/18/2025 8:00:00 AM,RFC,MIDATL,AE,AECO,907.009,True
11/18/2025 2:00:00 PM,11/18/2025 9:00:00 AM,RFC,MIDATL,AE,AECO,784.662,True
11/18/2025 3:00:00 PM,11/18/2025 10:00:00 AM,RFC,MIDATL,AE,AECO,704.525,True
11/18/2025 4:00:00 PM,11/18/2025 11:00:00 AM,RFC,MIDATL,AE,AECO,694.754,True
11/18/2025 5:00:00 PM,11/18/2025 12:00:00 PM,RFC,MIDATL,AE,AECO,736.455,True
11/18/2025 6:00:00 PM,11/18/2025 1:00:00 PM,RFC,MIDATL,AE,AECO,819.281,True
11/18/2025 7:00:00 PM,11/18/2025 2:00:00 PM,RFC,MIDATL,AE,AECO,909.675,True
11/18/2025 8:00:00 PM,11/18/2025 3:00:00 PM,RFC,MIDATL,AE,AECO,1000.514,True
11/18/2025 9:00:00 PM,11/18/2025 4:00:00 PM,RFC,MIDATL,AE,AECO,1063.190,True
11/18/2025 10:00:00 PM,11/18/2025 5:00:00 PM,RFC,MIDATL,AE,AECO,1128.990,True
11/18/2025 11:00:00 PM,11/18/2025 6:00:00 PM,RFC,MIDATL,AE,AECO,1124.392,True
11/19/2025 12:00:00 AM,11/18/2025 7:00:00 PM,RFC,MIDATL,AE,AECO,1105.322,True
11/19/2025 1:00:00 AM,11/18/2025 8:00:00 PM,RFC,MIDATL,AE,AECO,1074.513,True
11/19/2025 2:00:00 AM,11/18/2025 9:00:00 PM,RFC,MIDATL,AE,AECO,1025.115,True
11/19/2025 3:00:00 AM,11/18/2025 10:00:00 PM,RFC,MIDATL,AE,AECO,962.116,True
11/19/2025 4:00:00 AM,11/18/2025 11:00:00 PM,RFC,MIDATL,AE,AECO,899.037,True
11/19/2025 5:00:00 AM,11/19/2025 12:00:00 AM,RFC,MIDATL,AE,AECO,853.856,True
11/19/2025 6:00:00 AM,11/19/2025 1:00:00 AM,RFC,MIDATL,AE,AECO,834.310,True
11/19/2025 7:00:00 AM,11/19/2025 2:00:00 AM,RFC,MIDATL,AE,AECO,816.323,True
11/19/2025 8:00:00 AM,11/19/2025 3:00:00 AM,RFC,MIDATL,AE,AECO,810.739,True
11/19/2025 9:00:00 AM,11/19/2025 4:00:00 AM,RFC,MIDATL,AE,AECO,826.302,True
11/19/2025 10:00:00 AM,11/19/2025 5:00:00 AM,RFC,MIDATL,AE,AECO,882.392,True
11/19/2025 11:00:00 AM,11/19/2025 6:00:00 AM,RFC,MIDATL,AE,AECO,959.254,True
11/19/2025 12:00:00 PM,11/19/2025 7:00:00 AM,RFC,MIDATL,AE,AECO,1004.374,True
11/19/2025 1:00:00 PM,11/19/2025 8:00:00 AM,RFC,MIDATL,AE,AECO,1020.932,True
11/19/2025 2:00:00 PM,11/19/2025 9:00:00 AM,RFC,MIDATL,AE,AECO,1024.580,True
11/19/2025 3:00:00 PM,11/19/2025 10:00:00 AM,RFC,MIDATL,AE,AECO,1014.938,True
11/19/2025 4:00:00 PM,11/19/2025 11:00:00 AM,RFC,MIDATL,AE,AECO,1022.106,True
11/19/2025 5:00:00 PM,11/19/2025 12:00:00 PM,RFC,MIDATL,AE,AECO,1004.837,True
11/19/2025 6:00:00 PM,11/19/2025 1:00:00 PM,RFC,MIDATL,AE,AECO,996.035,True
11/19/2025 7:00:00 PM,11/19/2025 2:00:00 PM,RFC,MIDATL,AE,AECO,1007.433,True
11/19/2025 8:00:00 PM,11/19/2025 3:00:00 PM,RFC,MIDATL,AE,AECO,1037.250,True
11/19/2025 9:00:00 PM,11/19/2025 4:00:00 PM,RFC,MIDATL,AE,AECO,1088.059,True
11/19/2025 10:00:00 PM,11/19/2025 5:00:00 PM,RFC,MIDATL,AE,AECO,1145.536,True
11/19/2025 11:00:00 PM,11/19/2025 6:00:00 PM,RFC,MIDATL,AE,AECO,1132.287,True
11/20/2025 12:00:00 AM,11/19/2025 7:00:00 PM,RFC,MIDATL,AE,AECO,1114.268,True
11/20/2025 1:00:00 AM,11/19/2025 8:00:00 PM,RFC,MIDATL,AE,AECO,1082.475,True
11/20/2025 2:00:00 AM,11/19/2025 9:00:00 PM,RFC,MIDATL,AE,AECO,1034.745,True
11/20/2025 3:00:00 AM,11/19/2025 10:00:00 PM,RFC,MIDATL,AE,AECO,958.166,True
11/20/2025 4:00:00 AM,11/19/2025 11:00:00 PM,RFC,MIDATL,AE,AECO,894.538,True
11/20/2025 5:00:00 AM,11/20/2025 12:00:00 AM,RFC,MIDATL,AE,AECO,856.696,True
11/20/2025 6:00:00 AM,11/20/2025 1:00:00 AM,RFC,MIDATL,AE,AECO,832.690,True
11/20/2025 7:00:00 AM,11/20/2025 2:00:00 AM,RFC,MIDATL,AE,AECO,820.242,True
11/20/2025 8:00:00 AM,11/20/2025 3:00:00 AM,RFC,MIDATL,AE,AECO,822.625,True
11/20/2025 9:00:00 AM,11/20/2025 4:00:00 AM,RFC,MIDATL,AE,AECO,844.303,True
11/20/2025 10:00:00 AM,11/20/2025 5:00:00 AM,RFC,MIDATL,AE,AECO,896.800,True
11/20/2025 11:00:00 AM,11/20/2025 6:00:00 AM,RFC,MIDATL,AE,AECO,971.836,True
11/20/2025 12:00:00 PM,11/20/2025 7:00:00 AM,RFC,MIDATL,AE,AECO,989.984,True
11/20/2025 1:00:00 PM,11/20/2025 8:00:00 AM,RFC,MIDATL,AE,AECO,944.088,True
11/20/2025 2:00:00 PM,11/20/2025 9:00:00 AM,RFC,MIDATL,AE,AECO,915.559,True
11/20/2025 3:00:00 PM,11/20/2025 10:00:00 AM,RFC,MIDATL,AE,AECO,818.692,True
11/20/2025 4:00:00 PM,11/20/2025 11:00:00 AM,RFC,MIDATL,AE,AECO,812.141,True
11/20/2025 5:00:00 PM,11/20/2025 12:00:00 PM,RFC,MIDATL,AE,AECO,819.366,True
11/20/2025 6:00:00 PM,11/20/2025 1:00:00 PM,RFC,MIDATL,AE,AECO,802.934,True
11/20/2025 7:00:00 PM,11/20/2025 2:00:00 PM,RFC,MIDATL,AE,AECO,812.410,True
11/20/2025 8:00:00 PM,11/20/2025 3:00:00 PM,RFC,MIDATL,AE,AECO,918.088,True
11/20/2025 9:00:00 PM,11/20/2025 4:00:00 PM,RFC,MIDATL,AE,AECO,1017.028,True
11/20/2025 10:00:00 PM,11/20/2025 5:00:00 PM,RFC,MIDATL,AE,AECO,1105.759,True
11/20/2025 11:00:00 PM,11/20/2025 6:00:00 PM,RFC,MIDATL,AE,AECO,1103.904,True
11/21/2025 12:00:00 AM,11/20/2025 7:00:00 PM,RFC,MIDATL,AE,AECO,1082.300,True
11/21/2025 1:00:00 AM,11/20/2025 8:00:00 PM,RFC,MIDATL,AE,AECO,1066.793,True
11/21/2025 2:00:00 AM,11/20/2025 9:00:00 PM,RFC,MIDATL,AE,AECO,1015.611,True
11/21/2025 3:00:00 AM,11/20/2025 10:00:00 PM,RFC,MIDATL,AE,AECO,951.608,True
11/21/2025 4:00:00 AM,11/20/2025 11:00:00 PM,RFC,MIDATL,AE,AECO,896.554,True
11/21/2025 5:00:00 AM,11/21/2025 12:00:00 AM,RFC,MIDATL,AE,AECO,840.096,True
11/21/2025 6:00:00 AM,11/21/2025 1:00:00 AM,RFC,MIDATL,AE,AECO,812.589,True
11/21/2025 7:00:00 AM,11/21/2025 2:00:00 AM,RFC,MIDATL,AE,AECO,798.502,True
11/21/2025 8:00:00 AM,11/21/2025 3:00:00 AM,RFC,MIDATL,AE,AECO,790.008,True
11/21/2025 9:00:00 AM,11/21/2025 4:00:00 AM,RFC,MIDATL,AE,AECO,801.320,True
11/21/2025 10:00:00 AM,11/21/2025 5:00:00 AM,RFC,MIDATL,AE,AECO,857.939,True
11/21/2025 11:00:00 AM,11/21/2025 6:00:00 AM,RFC,MIDATL,AE,AECO,919.335,True
11/21/2025 12:00:00 PM,11/21/2025 7:00:00 AM,RFC,MIDATL,AE,AECO,953.718,True
11/21/2025 1:00:00 PM,11/21/2025 8:00:00 AM,RFC,MIDATL,AE,AECO,952.414,True
11/21/2025 2:00:00 PM,11/21/2025 9:00:00 AM,RFC,MIDATL,AE,AECO,938.901,True
11/21/2025 3:00:00 PM,11/21/2025 10:00:00 AM,RFC,MIDATL,AE,AECO,885.237,True
11/21/2025 4:00:00 PM,11/21/2025 11:00:00 AM,RFC,MIDATL,AE,AECO,839.373,True
11/21/2025 5:00:00 PM,11/21/2025 12:00:00 PM,RFC,MIDATL,AE,AECO,802.838,True
11/21/2025 6:00:00 PM,11/21/2025 1:00:00 PM,RFC,MIDATL,AE,AECO,804.024,True
11/21/2025 7:00:00 PM,11/21/2025 2:00:00 PM,RFC,MIDATL,AE,AECO,847.565,True
11/21/2025 8:00:00 PM,11/21/2025 3:00:00 PM,RFC,MIDATL,AE,AECO,911.444,True
11/21/2025 9:00:00 PM,11/21/2025 4:00:00 PM,RFC,MIDATL,AE,AECO,1007.160,True
11/21/2025 10:00:00 PM,11/21/2025 5:00:00 PM,RFC,MIDATL,AE,AECO,1054.859,True
11/21/2025 11:00:00 PM,11/21/2025 6:00:00 PM,RFC,MIDATL,AE,AECO,1047.249,True
11/22/2025 12:00:00 AM,11/21/2025 7:00:00 PM,RFC,MIDATL,AE,AECO,1028.763,True
11/22/2025 1:00:00 AM,11/21/2025 8:00:00 PM,RFC,MIDATL,AE,AECO,1011.457,True
11/22/2025 2:00:00 AM,11/21/2025 9:00:00 PM,RFC,MIDATL,AE,AECO,969.689,True
11/22/2025 3:00:00 AM,11/21/2025 10:00:00 PM,RFC,MIDATL,AE,AECO,925.985,True
11/22/2025 4:00:00 AM,11/21/2025 11:00:00 PM,RFC,MIDATL,AE,AECO,876.611,True
11/22/2025 5:00:00 AM,11/22/2025 12:00:00 AM,RFC,MIDATL,AE,AECO,828.601,True
11/22/2025 6:00:00 AM,11/22/2025 1:00:00 AM,RFC,MIDATL,AE,AECO,794.229,True
11/22/2025 7:00:00 AM,11/22/2025 2:00:00 AM,RFC,MIDATL,AE,AECO,775.604,True
11/22/2025 8:00:00 AM,11/22/2025 3:00:00 AM,RFC,MIDATL,AE,AECO,765.707,True
11/22/2025 9:00:00 AM,11/22/2025 4:00:00 AM,RFC,MIDATL,AE,AECO,763.787,True
11/22/2025 10:00:00 AM,11/22/2025 5:00:00 AM,RFC,MIDATL,AE,AECO,782.609,True
11/22/2025 11:00:00 AM,11/22/2025 6:00:00 AM,RFC,MIDATL,AE,AECO,817.583,True
11/22/2025 12:00:00 PM,11/22/2025 7:00:00 AM,RFC,MIDATL,AE,AECO,851.376,True
11/22/2025 1:00:00 PM,11/22/2025 8:00:00 AM,RFC,MIDATL,AE,AECO,888.381,True
11/22/2025 2:00:00 PM,11/22/2025 9:00:00 AM,RFC,MIDATL,AE,AECO,926.305,True
11/22/2025 3:00:00 PM,11/22/2025 10:00:00 AM,RFC,MIDATL,AE,AECO,925.243,True
11/22/2025 4:00:00 PM,11/22/2025 11:00:00 AM,RFC,MIDATL,AE,AECO,920.408,True
11/22/2025 5:00:00 PM,11/22/2025 12:00:00 PM,RFC,MIDATL,AE,AECO,871.391,True
11/22/2025 6:00:00 PM,11/22/2025 1:00:00 PM,RFC,MIDATL,AE,AECO,857.200,True
11/22/2025 7:00:00 PM,11/22/2025 2:00:00 PM,RFC,MIDATL,AE,AECO,871.632,True
11/22/2025 8:00:00 PM,11/22/2025 3:00:00 PM,RFC,MIDATL,AE,AECO,929.075,True
11/22/2025 9:00:00 PM,11/22/2025 4:00:00 PM,RFC,MIDATL,AE,AECO,986.284,True
11/22/2025 10:00:00 PM,11/22/2025 5:00:00 PM,RFC,MIDATL,AE,AECO,1044.278,True
11/22/2025 11:00:00 PM,11/22/2025 6:00:00 PM,RFC,MIDATL,AE,AECO,1034.994,True
11/23/2025 12:00:00 AM,11/22/2025 7:00:00 PM,RFC,MIDATL,AE,AECO,1023.382,True
11/23/2025 1:00:00 AM,11/22/2025 8:00:00 PM,RFC,MIDATL,AE,AECO,1011.479,True
11/23/2025 2:00:00 AM,11/22/2025 9:00:00 PM,RFC,MIDATL,AE,AECO,981.829,True
11/23/2025 3:00:00 AM,11/22/2025 10:00:00 PM,RFC,MIDATL,AE,AECO,950.024,True
11/23/2025 4:00:00 AM,11/22/2025 11:00:00 PM,RFC,MIDATL,AE,AECO,908.962,True
11/23/2025 5:00:00 AM,11/23/2025 12:00:00 AM,RFC,MIDATL,AE,AECO,873.992,True
11/23/2025 6:00:00 AM,11/23/2025 1:00:00 AM,RFC,MIDATL,AE,AECO,852.796,True
11/23/2025 7:00:00 AM,11/23/2025 2:00:00 AM,RFC,MIDATL,AE,AECO,841.108,True
11/23/2025 8:00:00 AM,11/23/2025 3:00:00 AM,RFC,MIDATL,AE,AECO,841.309,True
11/23/2025 9:00:00 AM,11/23/2025 4:00:00 AM,RFC,MIDATL,AE,AECO,846.711,True
11/23/2025 10:00:00 AM,11/23/2025 5:00:00 AM,RFC,MIDATL,AE,AECO,871.935,True
11/23/2025 11:00:00 AM,11/23/2025 6:00:00 AM,RFC,MIDATL,AE,AECO,902.056,True
11/23/2025 12:00:00 PM,11/23/2025 7:00:00 AM,RFC,MIDATL,AE,AECO,908.517,True
11/23/2025 1:00:00 PM,11/23/2025 8:00:00 AM,RFC,MIDATL,AE,AECO,844.476,True
11/23/2025 2:00:00 PM,11/23/2025 9:00:00 AM,RFC,MIDATL,AE,AECO,754.800,True
11/23/2025 3:00:00 PM,11/23/2025 10:00:00 AM,RFC,MIDATL,AE,AECO,739.797,True
11/23/2025 4:00:00 PM,11/23/2025 11:00:00 AM,RFC,MIDATL,AE,AECO,722.771,True
11/23/2025 5:00:00 PM,11/23/2025 12:00:00 PM,RFC,MIDATL,AE,AECO,768.929,True
11/23/2025 6:00:00 PM,11/23/2025 1:00:00 PM,RFC,MIDATL,AE,AECO,811.399,True
11/23/2025 7:00:00 PM,11/23/2025 2:00:00 PM,RFC,MIDATL,AE,AECO,832.286,True
11/23/2025 8:00:00 PM,11/23/2025 3:00:00 PM,RFC,MIDATL,AE,AECO,913.421,True
11/23/2025 9:00:00 PM,11/23/2025 4:00:00 PM,RFC,MIDATL,AE,AECO,991.957,True
11/23/2025 10:00:00 PM,11/23/2025 5:00:00 PM,RFC,MIDATL,AE,AECO,1080.872,True
11/23/2025 11:00:00 PM,11/23/2025 6:00:00 PM,RFC,MIDATL,AE,AECO,1072.242,True
11/24/2025 12:00:00 AM,11/23/2025 7:00:00 PM,RFC,MIDATL,AE,AECO,1053.044,True
11/24/2025 1:00:00 AM,11/23/2025 8:00:00 PM,RFC,MIDATL,AE,AECO,1032.131,True
11/24/2025 2:00:00 AM,11/23/2025 9:00:00 PM,RFC,MIDATL,AE,AECO,1005.733,True
11/24/2025 3:00:00 AM,11/23/2025 10:00:00 PM,RFC,MIDATL,AE,AECO,950.485,True
11/24/2025 4:00:00 AM,11/23/2025 11:00:00 PM,RFC,MIDATL,AE,AECO,889.872,True
11/24/2025 5:00:00 AM,11/24/2025 12:00:00 AM,RFC,MIDATL,AE,AECO,851.954,True
11/24/2025 6:00:00 AM,11/24/2025 1:00:00 AM,RFC,MIDATL,AE,AECO,831.535,True
11/24/2025 7:00:00 AM,11/24/2025 2:00:00 AM,RFC,MIDATL,AE,AECO,823.435,True
11/24/2025 8:00:00 AM,11/24/2025 3:00:00 AM,RFC,MIDATL,AE,AECO,822.597,True
11/24/2025 9:00:00 AM,11/24/2025 4:00:00 AM,RFC,MIDATL,AE,AECO,847.257,True
11/24/2025 10:00:00 AM,11/24/2025 5:00:00 AM,RFC,MIDATL,AE,AECO,899.661,True
11/24/2025 11:00:00 AM,11/24/2025 6:00:00 AM,RFC,MIDATL,AE,AECO,983.307,True
11/24/2025 12:00:00 PM,11/24/2025 7:00:00 AM,RFC,MIDATL,AE,AECO,984.991,True
11/24/2025 1:00:00 PM,11/24/2025 8:00:00 AM,RFC,MIDATL,AE,AECO,910.561,True
11/24/2025 2:00:00 PM,11/24/2025 9:00:00 AM,RFC,MIDATL,AE,AECO,786.206,True
11/24/2025 3:00:00 PM,11/24/2025 10:00:00 AM,RFC,MIDATL,AE,AECO,684.790,True
11/24/2025 4:00:00 PM,11/24/2025 11:00:00 AM,RFC,MIDATL,AE,AECO,639.204,True
11/24/2025 5:00:00 PM,11/24/2025 12:00:00 PM,RFC,MIDATL,AE,AECO,632.329,True
11/24/2025 6:00:00 PM,11/24/2025 1:00:00 PM,RFC,MIDATL,AE,AECO,670.632,True
11/24/2025 7:00:00 PM,11/24/2025 2:00:00 PM,RFC,MIDATL,AE,AECO,742.760,True
11/24/2025 8:00:00 PM,11/24/2025 3:00:00 PM,RFC,MIDATL,AE,AECO,864.898,True
11/24/2025 9:00:00 PM,11/24/2025 4:00:00 PM,RFC,MIDATL,AE,AECO,1000.726,True
11/24/2025 10:00:00 PM,11/24/2025 5:00:00 PM,RFC,MIDATL,AE,AECO,1087.363,True
11/24/2025 11:00:00 PM,11/24/2025 6:00:00 PM,RFC,MIDATL,AE,AECO,1090.632,True
11/25/2025 12:00:00 AM,11/24/2025 7:00:00 PM,RFC,MIDATL,AE,AECO,1101.033,True
11/25/2025 1:00:00 AM,11/24/2025 8:00:00 PM,RFC,MIDATL,AE,AECO,1080.091,True
11/25/2025 2:00:00 AM,11/24/2025 9:00:00 PM,RFC,MIDATL,AE,AECO,1038.103,True
11/25/2025 3:00:00 AM,11/24/2025 10:00:00 PM,RFC,MIDATL,AE,AECO,978.516,True
11/25/2025 4:00:00 AM,11/24/2025 11:00:00 PM,RFC,MIDATL,AE,AECO,922.020,True
11/25/2025 5:00:00 AM,11/25/2025 12:00:00 AM,RFC,MIDATL,AE,AECO,867.596,True
11/25/2025 6:00:00 AM,11/25/2025 1:00:00 AM,RFC,MIDATL,AE,AECO,843.709,True
11/25/2025 7:00:00 AM,11/25/2025 2:00:00 AM,RFC,MIDATL,AE,AECO,825.335,True
11/25/2025 8:00:00 AM,11/25/2025 3:00:00 AM,RFC,MIDATL,AE,AECO,820.524,True
11/25/2025 9:00:00 AM,11/25/2025 4:00:00 AM,RFC,MIDATL,AE,AECO,831.552,True
11/25/2025 10:00:00 AM,11/25/2025 5:00:00 AM,RFC,MIDATL,AE,AECO,883.873,True
11/25/2025 11:00:00 AM,11/25/2025 6:00:00 AM,RFC,MIDATL,AE,AECO,966.133,True
11/25/2025 12:00:00 PM,11/25/2025 7:00:00 AM,RFC,MIDATL,AE,AECO,980.929,True
11/25/2025 1:00:00 PM,11/25/2025 8:00:00 AM,RFC,MIDATL,AE,AECO,962.724,True
11/25/2025 2:00:00 PM,11/25/2025 9:00:00 AM,RFC,MIDATL,AE,AECO,930.888,True
11/25/2025 3:00:00 PM,11/25/2025 10:00:00 AM,RFC,MIDATL,AE,AECO,851.106,True
11/25/2025 4:00:00 PM,11/25/2025 11:00:00 AM,RFC,MIDATL,AE,AECO,861.661,True
11/25/2025 5:00:00 PM,11/25/2025 12:00:00 PM,RFC,MIDATL,AE,AECO,890.012,True
11/25/2025 6:00:00 PM,11/25/2025 1:00:00 PM,RFC,MIDATL,AE,AECO,937.589,True
11/25/2025 7:00:00 PM,11/25/2025 2:00:00 PM,RFC,MIDATL,AE,AECO,948.683,True
11/25/2025 8:00:00 PM,11/25/2025 3:00:00 PM,RFC,MIDATL,AE,AECO,987.326,True
11/25/2025 9:00:00 PM,11/25/2025 4:00:00 PM,RFC,MIDATL,AE,AECO,1044.956,True
11/25/2025 10:00:00 PM,11/25/2025 5:00:00 PM,RFC,MIDATL,AE,AECO,1092.028,True
11/25/2025 11:00:00 PM,11/25/2025 6:00:00 PM,RFC,MIDATL,AE,AECO,1094.211,True
11/26/2025 12:00:00 AM,11/25/2025 7:00:00 PM,RFC,MIDATL,AE,AECO,1073.987,True
11/26/2025 1:00:00 AM,11/25/2025 8:00:00 PM,RFC,MIDATL,AE,AECO,1034.420,True
11/26/2025 2:00:00 AM,11/25/2025 9:00:00 PM,RFC,MIDATL,AE,AECO,999.243,True
11/26/2025 3:00:00 AM,11/25/2025 10:00:00 PM,RFC,MIDATL,AE,AECO,932.451,True
11/26/2025 4:00:00 AM,11/25/2025 11:00:00 PM,RFC,MIDATL,AE,AECO,870.672,True
11/26/2025 5:00:00 AM,11/26/2025 12:00:00 AM,RFC,MIDATL,AE,AECO,815.562,True
11/26/2025 6:00:00 AM,11/26/2025 1:00:00 AM,RFC,MIDATL,AE,AECO,781.317,True
11/26/2025 7:00:00 AM,11/26/2025 2:00:00 AM,RFC,MIDATL,AE,AECO,757.964,True
11/26/2025 8:00:00 AM,11/26/2025 3:00:00 AM,RFC,MIDATL,AE,AECO,755.961,True
11/26/2025 9:00:00 AM,11/26/2025 4:00:00 AM,RFC,MIDATL,AE,AECO,758.222,True
11/26/2025 10:00:00 AM,11/26/2025 5:00:00 AM,RFC,MIDATL,AE,AECO,797.931,True
11/26/2025 11:00:00 AM,11/26/2025 6:00:00 AM,RFC,MIDATL,AE,AECO,871.833,True
11/26/2025 12:00:00 PM,11/26/2025 7:00:00 AM,RFC,MIDATL,AE,AECO,926.927,True
11/26/2025 1:00:00 PM,11/26/2025 8:00:00 AM,RFC,MIDATL,AE,AECO,933.138,True
11/26/2025 2:00:00 PM,11/26/2025 9:00:00 AM,RFC,MIDATL,AE,AECO,945.605,True
11/26/2025 3:00:00 PM,11/26/2025 10:00:00 AM,RFC,MIDATL,AE,AECO,963.483,True
11/26/2025 4:00:00 PM,11/26/2025 11:00:00 AM,RFC,MIDATL,AE,AECO,955.501,True
11/26/2025 5:00:00 PM,11/26/2025 12:00:00 PM,RFC,MIDATL,AE,AECO,934.363,True
11/26/2025 6:00:00 PM,11/26/2025 1:00:00 PM,RFC,MIDATL,AE,AECO,873.268,True
11/26/2025 7:00:00 PM,11/26/2025 2:00:00 PM,RFC,MIDATL,AE,AECO,861.499,True
11/26/2025 8:00:00 PM,11/26/2025 3:00:00 PM,RFC,MIDATL,AE,AECO,902.184,True
11/26/2025 9:00:00 PM,11/26/2025 4:00:00 PM,RFC,MIDATL,AE,AECO,982.611,True
11/26/2025 10:00:00 PM,11/26/2025 5:00:00 PM,RFC,MIDATL,AE,AECO,1057.853,True
11/26/2025 11:00:00 PM,11/26/2025 6:00:00 PM,RFC,MIDATL,AE,AECO,1054.035,True
11/27/2025 12:00:00 AM,11/26/2025 7:00:00 PM,RFC,MIDATL,AE,AECO,1033.234,True
11/27/2025 1:00:00 AM,11/26/2025 8:00:00 PM,RFC,MIDATL,AE,AECO,1007.277,True
11/27/2025 2:00:00 AM,11/26/2025 9:00:00 PM,RFC,MIDATL,AE,AECO,965.071,True
11/27/2025 3:00:00 AM,11/26/2025 10:00:00 PM,RFC,MIDATL,AE,AECO,921.979,True
11/27/2025 4:00:00 AM,11/26/2025 11:00:00 PM,RFC,MIDATL,AE,AECO,874.239,True
11/27/2025 5:00:00 AM,11/27/2025 12:00:00 AM,RFC,MIDATL,AE,AECO,826.637,True
11/27/2025 6:00:00 AM,11/27/2025 1:00:00 AM,RFC,MIDATL,AE,AECO,796.900,True
11/27/2025 7:00:00 AM,11/27/2025 2:00:00 AM,RFC,MIDATL,AE,AECO,784.619,True
11/27/2025 8:00:00 AM,11/27/2025 3:00:00 AM,RFC,MIDATL,AE,AECO,777.698,True
11/27/2025 9:00:00 AM,11/27/2025 4:00:00 AM,RFC,MIDATL,AE,AECO,787.750,True
11/27/2025 10:00:00 AM,11/27/2025 5:00:00 AM,RFC,MIDATL,AE,AECO,807.774,True
11/27/2025 11:00:00 AM,11/27/2025 6:00:00 AM,RFC,MIDATL,AE,AECO,849.536,True
11/27/2025 12:00:00 PM,11/27/2025 7:00:00 AM,RFC,MIDATL,AE,AECO,863.508,True
11/27/2025 1:00:00 PM,11/27/2025 8:00:00 AM,RFC,MIDATL,AE,AECO,814.692,True
11/27/2025 2:00:00 PM,11/27/2025 9:00:00 AM,RFC,MIDATL,AE,AECO,737.336,True
11/27/2025 3:00:00 PM,11/27/2025 10:00:00 AM,RFC,MIDATL,AE,AECO,686.432,True
11/27/2025 4:00:00 PM,11/27/2025 11:00:00 AM,RFC,MIDATL,AE,AECO,688.228,True
11/27/2025 5:00:00 PM,11/27/2025 12:00:00 PM,RFC,MIDATL,AE,AECO,766.676,True
11/27/2025 6:00:00 PM,11/27/2025 1:00:00 PM,RFC,MIDATL,AE,AECO,802.968,True
11/27/2025 7:00:00 PM,11/27/2025 2:00:00 PM,RFC,MIDATL,AE,AECO,871.921,True
11/27/2025 8:00:00 PM,11/27/2025 3:00:00 PM,RFC,MIDATL,AE,AECO,929.676,True
11/27/2025 9:00:00 PM,11/27/2025 4:00:00 PM,RFC,MIDATL,AE,AECO,969.835,True
11/27/2025 10:00:00 PM,11/27/2025 5:00:00 PM,RFC,MIDATL,AE,AECO,997.877,True
11/27/2025 11:00:00 PM,11/27/2025 6:00:00 PM,RFC,MIDATL,AE,AECO,992.694,True
11/28/2025 12:00:00 AM,11/27/2025 7:00:00 PM,RFC,MIDATL,AE,AECO,991.507,True
11/28/2025 1:00:00 AM,11/27/2025 8:00:00 PM,RFC,MIDATL,AE,AECO,999.972,True
11/28/2025 2:00:00 AM,11/27/2025 9:00:00 PM,RFC,MIDATL,AE,AECO,992.487,True
11/28/2025 3:00:00 AM,11/27/2025 10:00:00 PM,RFC,MIDATL,AE,AECO,967.294,True
11/28/2025 4:00:00 AM,11/27/2025 11:00:00 PM,RFC,MIDATL,AE,AECO,931.572,True
11/28/2025 5:00:00 AM,11/28/2025 12:00:00 AM,RFC,MIDATL,AE,AECO,898.253,True
11/28/2025 6:00:00 AM,11/28/2025 1:00:00 AM,RFC,MIDATL,AE,AECO,875.811,True
11/28/2025 7:00:00 AM,11/28/2025 2:00:00 AM,RFC,MIDATL,AE,AECO,863.829,True
11/28/2025 8:00:00 AM,11/28/2025 3:00:00 AM,RFC,MIDATL,AE,AECO,863.776,True
11/28/2025 9:00:00 AM,11/28/2025 4:00:00 AM,RFC,MIDATL,AE,AECO,876.472,True
11/28/2025 10:00:00 AM,11/28/2025 5:00:00 AM,RFC,MIDATL,AE,AECO,908.513,True
11/28/2025 11:00:00 AM,11/28/2025 6:00:00 AM,RFC,MIDATL,AE,AECO,955.103,True
11/28/2025 12:00:00 PM,11/28/2025 7:00:00 AM,RFC,MIDATL,AE,AECO,964.611,True
11/28/2025 1:00:00 PM,11/28/2025 8:00:00 AM,RFC,MIDATL,AE,AECO,897.922,True
11/28/2025 2:00:00 PM,11/28/2025 9:00:00 AM,RFC,MIDATL,AE,AECO,803.333,True
11/28/2025 3:00:00 PM,11/28/2025 10:00:00 AM,RFC,MIDATL,AE,AECO,722.811,True
11/28/2025 4:00:00 PM,11/28/2025 11:00:00 AM,RFC,MIDATL,AE,AECO,690.657,True
11/28/2025 5:00:00 PM,11/28/2025 12:00:00 PM,RFC,MIDATL,AE,AECO,695.508,True
11/28/2025 6:00:00 PM,11/28/2025 1:00:00 PM,RFC,MIDATL,AE,AECO,749.530,True
11/28/2025 7:00:00 PM,11/28/2025 2:00:00 PM,RFC,MIDATL,AE,AECO,845.564,True
11/28/2025 8:00:00 PM,11/28/2025 3:00:00 PM,RFC,MIDATL,AE,AECO,982.780,True
11/28/2025 9:00:00 PM,11/28/2025 4:00:00 PM,RFC,MIDATL,AE,AECO,1095.246,True
11/28/2025 10:00:00 PM,11/28/2025 5:00:00 PM,RFC,MIDATL,AE,AECO,1166.667,True
11/28/2025 11:00:00 PM,11/28/2025 6:00:00 PM,RFC,MIDATL,AE,AECO,1172.653,True
11/29/2025 12:00:00 AM,11/28/2025 7:00:00 PM,RFC,MIDATL,AE,AECO,1163.607,True
11/29/2025 1:00:00 AM,11/28/2025 8:00:00 PM,RFC,MIDATL,AE,AECO,1145.093,True
11/29/2025 2:00:00 AM,11/28/2025 9:00:00 PM,RFC,MIDATL,AE,AECO,1108.123,True
11/29/2025 3:00:00 AM,11/28/2025 10:00:00 PM,RFC,MIDATL,AE,AECO,1059.675,True
11/29/2025 4:00:00 AM,11/28/2025 11:00:00 PM,RFC,MIDATL,AE,AECO,1007.223,True
11/29/2025 5:00:00 AM,11/29/2025 12:00:00 AM,RFC,MIDATL,AE,AECO,961.926,True
11/29/2025 6:00:00 AM,11/29/2025 1:00:00 AM,RFC,MIDATL,AE,AECO,933.268,True
11/29/2025 7:00:00 AM,11/29/2025 2:00:00 AM,RFC,MIDATL,AE,AECO,918.113,True
11/29/2025 8:00:00 AM,11/29/2025 3:00:00 AM,RFC,MIDATL,AE,AECO,912.179,True
11/29/2025 9:00:00 AM,11/29/2025 4:00:00 AM,RFC,MIDATL,AE,AECO,916.005,True
11/29/2025 10:00:00 AM,11/29/2025 5:00:00 AM,RFC,MIDATL,AE,AECO,930.997,True
11/29/2025 11:00:00 AM,11/29/2025 6:00:00 AM,RFC,MIDATL,AE,AECO,972.226,True
11/29/2025 12:00:00 PM,11/29/2025 7:00:00 AM,RFC,MIDATL,AE,AECO,982.071,True
11/29/2025 1:00:00 PM,11/29/2025 8:00:00 AM,RFC,MIDATL,AE,AECO,913.709,True
11/29/2025 2:00:00 PM,11/29/2025 9:00:00 AM,RFC,MIDATL,AE,AECO,812.550,True
11/29/2025 3:00:00 PM,11/29/2025 10:00:00 AM,RFC,MIDATL,AE,AECO,726.798,True
11/29/2025 4:00:00 PM,11/29/2025 11:00:00 AM,RFC,MIDATL,AE,AECO,676.828,True
11/29/2025 5:00:00 PM,11/29/2025 12:00:00 PM,RFC,MIDATL,AE,AECO,664.743,True
11/29/2025 6:00:00 PM,11/29/2025 1:00:00 PM,RFC,MIDATL,AE,AECO,701.623,True
11/29/2025 7:00:00 PM,11/29/2025 2:00:00 PM,RFC,MIDATL,AE,AECO,783.458,True
11/29/2025 8:00:00 PM,11/29/2025 3:00:00 PM,RFC,MIDATL,AE,AECO,907.398,True
11/29/2025 9:00:00 PM,11/29/2025 4:00:00 PM,RFC,MIDATL,AE,AECO,1038.806,True
11/29/2025 10:00:00 PM,11/29/2025 5:00:00 PM,RFC,MIDATL,AE,AECO,1134.701,True
11/29/2025 11:00:00 PM,11/29/2025 6:00:00 PM,RFC,MIDATL,AE,AECO,1144.340,True
11/30/2025 12:00:00 AM,11/29/2025 7:00:00 PM,RFC,MIDATL,AE,AECO,1142.119,True
11/30/2025 1:00:00 AM,11/29/2025 8:00:00 PM,RFC,MIDATL,AE,AECO,1132.822,True
11/30/2025 2:00:00 AM,11/29/2025 9:00:00 PM,RFC,MIDATL,AE,AECO,1101.343,True
11/30/2025 3:00:00 AM,11/29/2025 10:00:00 PM,RFC,MIDATL,AE,AECO,1051.027,True
11/30/2025 4:00:00 AM,11/29/2025 11:00:00 PM,RFC,MIDATL,AE,AECO,996.252,True
11/30/2025 5:00:00 AM,11/30/2025 12:00:00 AM,RFC,MIDATL,AE,AECO,946.135,True
11/30/2025 6:00:00 AM,11/30/2025 1:00:00 AM,RFC,MIDATL,AE,AECO,912.714,True
11/30/2025 7:00:00 AM,11/30/2025 2:00:00 AM,RFC,MIDATL,AE,AECO,886.387,True
11/30/2025 8:00:00 AM,11/30/2025 3:00:00 AM,RFC,MIDATL,AE,AECO,880.545,True
11/30/2025 9:00:00 AM,11/30/2025 4:00:00 AM,RFC,MIDATL,AE,AECO,886.981,True
11/30/2025 10:00:00 AM,11/30/2025 5:00:00 AM,RFC,MIDATL,AE,AECO,900.993,True
11/30/2025 11:00:00 AM,11/30/2025 6:00:00 AM,RFC,MIDATL,AE,AECO,923.112,True
11/30/2025 12:00:00 PM,11/30/2025 7:00:00 AM,RFC,MIDATL,AE,AECO,934.219,True
11/30/2025 1:00:00 PM,11/30/2025 8:00:00 AM,RFC,MIDATL,AE,AECO,963.911,True
11/30/2025 2:00:00 PM,11/30/2025 9:00:00 AM,RFC,MIDATL,AE,AECO,985.225,True
11/30/2025 3:00:00 PM,11/30/2025 10:00:00 AM,RFC,MIDATL,AE,AECO,998.651,True
11/30/2025 4:00:00 PM,11/30/2025 11:00:00 AM,RFC,MIDATL,AE,AECO,997.436,True
11/30/2025 5:00:00 PM,11/30/2025 12:00:00 PM,RFC,MIDATL,AE,AECO,1020.238,True
11/30/2025 6:00:00 PM,11/30/2025 1:00:00 PM,RFC,MIDATL,AE,AECO,1054.221,True
11/30/2025 7:00:00 PM,11/30/2025 2:00:00 PM,RFC,MIDATL,AE,AECO,1058.931,True
11/30/2025 8:00:00 PM,11/30/2025 3:00:00 PM,RFC,MIDATL,AE,AECO,1072.218,True
11/30/2025 9:00:00 PM,11/30/2025 4:00:00 PM,RFC,MIDATL,AE,AECO,1120.430,True
11/30/2025 10:00:00 PM,11/30/2025 5:00:00 PM,RFC,MIDATL,AE,AECO,1182.042,True
11/30/2025 11:00:00 PM,11/30/2025 6:00:00 PM,RFC,MIDATL,AE,AECO,1135.069,True
12/1/2025 12:00:00 AM,11/30/2025 7:00:00 PM,RFC,MIDATL,AE,AECO,1119.746,True
12/1/2025 1:00:00 AM,11/30/2025 8:00:00 PM,RFC,MIDATL,AE,AECO,1085.563,True
12/1/2025 2:00:00 AM,11/30/2025 9:00:00 PM,RFC,MIDATL,AE,AECO,1039.996,True
12/1/2025 3:00:00 AM,11/30/2025 10:00:00 PM,RFC,MIDATL,AE,AECO,985.554,True
12/1/2025 4:00:00 AM,11/30/2025 11:00:00 PM,RFC,MIDATL,AE,AECO,923.415,True
12/1/2025 5:00:00 AM,12/1/2025 12:00:00 AM,RFC,MIDATL,AE,AECO,886.168,False
12/1/2025 6:00:00 AM,12/1/2025 1:00:00 AM,RFC,MIDATL,AE,AECO,868.162,False
12/1/2025 7:00:00 AM,12/1/2025 2:00:00 AM,RFC,MIDATL,AE,AECO,859.432,False
12/1/2025 8:00:00 AM,12/1/2025 3:00:00 AM,RFC,MIDATL,AE,AECO,856.492,False
12/1/2025 9:00:00 AM,12/1/2025 4:00:00 AM,RFC,MIDATL,AE,AECO,886.089,False
12/1/2025 10:00:00 AM,12/1/2025 5:00:00 AM,RFC,MIDATL,AE,AECO,942.727,False
12/1/2025 11:00:00 AM,12/1/2025 6:00:00 AM,RFC,MIDATL,AE,AECO,1039.410,False
12/1/2025 12:00:00 PM,12/1/2025 7:00:00 AM,RFC,MIDATL,AE,AECO,1065.751,False
12/1/2025 1:00:00 PM,12/1/2025 8:00:00 AM,RFC,MIDATL,AE,AECO,981.529,False
12/1/2025 2:00:00 PM,12/1/2025 9:00:00 AM,RFC,MIDATL,AE,AECO,865.496,False
12/1/2025 3:00:00 PM,12/1/2025 10:00:00 AM,RFC,MIDATL,AE,AECO,757.371,False
12/1/2025 4:00:00 PM,12/1/2025 11:00:00 AM,RFC,MIDATL,AE,AECO,698.874,False
12/1/2025 5:00:00 PM,12/1/2025 12:00:00 PM,RFC,MIDATL,AE,AECO,692.573,False
12/1/2025 6:00:00 PM,12/1/2025 1:00:00 PM,RFC,MIDATL,AE,AECO,721.804,False
12/1/2025 7:00:00 PM,12/1/2025 2:00:00 PM,RFC,MIDATL,AE,AECO,809.618,False
12/1/2025 8:00:00 PM,12/1/2025 3:00:00 PM,RFC,MIDATL,AE,AECO,934.670,False
12/1/2025 9:00:00 PM,12/1/2025 4:00:00 PM,RFC,MIDATL,AE,AECO,1072.071,False
12/1/2025 10:00:00 PM,12/1/2025 5:00:00 PM,RFC,MIDATL,AE,AECO,1192.414,False
12/1/2025 11:00:00 PM,12/1/2025 6:00:00 PM,RFC,MIDATL,AE,AECO,1230.251,False
12/2/2025 12:00:00 AM,12/1/2025 7:00:00 PM,RFC,MIDATL,AE,AECO,1198.788,False
12/2/2025 1:00:00 AM,12/1/2025 8:00:00 PM,RFC,MIDATL,AE,AECO,1192.104,False
12/2/2025 2:00:00 AM,12/1/2025 9:00:00 PM,RFC,MIDATL,AE,AECO,1145.748,False
12/2/2025 3:00:00 AM,12/1/2025 10:00:00 PM,RFC,MIDATL,AE,AECO,1067.816,False
12/2/2025 4:00:00 AM,12/1/2025 11:00:00 PM,RFC,MIDATL,AE,AECO,1016.616,False
12/2/2025 5:00:00 AM,12/2/2025 12:00:00 AM,RFC,MIDATL,AE,AECO,977.831,False
12/2/2025 6:00:00 AM,12/2/2025 1:00:00 AM,RFC,MIDATL,AE,AECO,939.114,False
12/2/2025 7:00:00 AM,12/2/2025 2:00:00 AM,RFC,MIDATL,AE,AECO,921.326,False
12/2/2025 8:00:00 AM,12/2/2025 3:00:00 AM,RFC,MIDATL,AE,AECO,910.660,False
12/2/2025 9:00:00 AM,12/2/2025 4:00:00 AM,RFC,MIDATL,AE,AECO,926.405,False
12/2/2025 10:00:00 AM,12/2/2025 5:00:00 AM,RFC,MIDATL,AE,AECO,954.579,False
12/2/2025 11:00:00 AM,12/2/2025 6:00:00 AM,RFC,MIDATL,AE,AECO,1041.347,False
12/2/2025 12:00:00 PM,12/2/2025 7:00:00 AM,RFC,MIDATL,AE,AECO,1090.806,False
12/2/2025 1:00:00 PM,12/2/2025 8:00:00 AM,RFC,MIDATL,AE,AECO,1097.318,False
12/2/2025 2:00:00 PM,12/2/2025 9:00:00 AM,RFC,MIDATL,AE,AECO,1122.159,False
12/2/2025 3:00:00 PM,12/2/2025 10:00:00 AM,RFC,MIDATL,AE,AECO,1125.036,False
12/2/2025 4:00:00 PM,12/2/2025 11:00:00 AM,RFC,MIDATL,AE,AECO,1121.069,False
12/2/2025 5:00:00 PM,12/2/2025 12:00:00 PM,RFC,MIDATL,AE,AECO,1120.300,False
12/2/2025 6:00:00 PM,12/2/2025 1:00:00 PM,RFC,MIDATL,AE,AECO,1122.882,False
12/2/2025 7:00:00 PM,12/2/2025 2:00:00 PM,RFC,MIDATL,AE,AECO,1107.537,False
12/2/2025 8:00:00 PM,12/2/2025 3:00:00 PM,RFC,MIDATL,AE,AECO,1097.642,False
12/2/2025 9:00:00 PM,12/2/2025 4:00:00 PM,RFC,MIDATL,AE,AECO,1143.910,False
12/2/2025 10:00:00 PM,12/2/2025 5:00:00 PM,RFC,MIDATL,AE,AECO,1208.326,False
12/2/2025 11:00:00 PM,12/2/2025 6:00:00 PM,RFC,MIDATL,AE,AECO,1197.931,False
12/3/2025 12:00:00 AM,12/2/2025 7:00:00 PM,RFC,MIDATL,AE,AECO,1192.158,False
12/3/2025 1:00:00 AM,12/2/2025 8:00:00 PM,RFC,MIDATL,AE,AECO,1168.227,False
12/3/2025 2:00:00 AM,12/2/2025 9:00:00 PM,RFC,MIDATL,AE,AECO,1120.869,False
12/3/2025 3:00:00 AM,12/2/2025 10:00:00 PM,RFC,MIDATL,AE,AECO,1074.485,False
12/3/2025 4:00:00 AM,12/2/2025 11:00:00 PM,RFC,MIDATL,AE,AECO,1009.191,False
12/3/2025 5:00:00 AM,12/3/2025 12:00:00 AM,RFC,MIDATL,AE,AECO,948.800,False
12/3/2025 6:00:00 AM,12/3/2025 1:00:00 AM,RFC,MIDATL,AE,AECO,924.080,False
12/3/2025 7:00:00 AM,12/3/2025 2:00:00 AM,RFC,MIDATL,AE,AECO,909.168,False
12/3/2025 8:00:00 AM,12/3/2025 3:00:00 AM,RFC,MIDATL,AE,AECO,906.674,False
12/3/2025 9:00:00 AM,12/3/2025 4:00:00 AM,RFC,MIDATL,AE,AECO,925.643,False
12/3/2025 10:00:00 AM,12/3/2025 5:00:00 AM,RFC,MIDATL,AE,AECO,986.269,False
12/3/2025 11:00:00 AM,12/3/2025 6:00:00 AM,RFC,MIDATL,AE,AECO,1065.480,False
12/3/2025 12:00:00 PM,12/3/2025 7:00:00 AM,RFC,MIDATL,AE,AECO,1104.208,False
12/3/2025 1:00:00 PM,12/3/2025 8:00:00 AM,RFC,MIDATL,AE,AECO,1004.658,False
12/3/2025 2:00:00 PM,12/3/2025 9:00:00 AM,RFC,MIDATL,AE,AECO,878.953,False
12/3/2025 3:00:00 PM,12/3/2025 10:00:00 AM,RFC,MIDATL,AE,AECO,781.748,False
12/3/2025 4:00:00 PM,12/3/2025 11:00:00 AM,RFC,MIDATL,AE,AECO,729.967,False
12/3/2025 5:00:00 PM,12/3/2025 12:00:00 PM,RFC,MIDATL,AE,AECO,710.029,False
12/3/2025 6:00:00 PM,12/3/2025 1:00:00 PM,RFC,MIDATL,AE,AECO,742.212,False
12/3/2025 7:00:00 PM,12/3/2025 2:00:00 PM,RFC,MIDATL,AE,AECO,820.929,False
12/3/2025 8:00:00 PM,12/3/2025 3:00:00 PM,RFC,MIDATL,AE,AECO,941.259,False
12/3/2025 9:00:00 PM,12/3/2025 4:00:00 PM,RFC,MIDATL,AE,AECO,1088.191,False
12/3/2025 10:00:00 PM,12/3/2025 5:00:00 PM,RFC,MIDATL,AE,AECO,1205.152,False
12/3/2025 11:00:00 PM,12/3/2025 6:00:00 PM,RFC,MIDATL,AE,AECO,1226.314,False
12/4/2025 12:00:00 AM,12/3/2025 7:00:00 PM,RFC,MIDATL,AE,AECO,1222.239,False
12/4/2025 1:00:00 AM,12/3/2025 8:00:00 PM,RFC,MIDATL,AE,AECO,1213.908,False
12/4/2025 2:00:00 AM,12/3/2025 9:00:00 PM,RFC,MIDATL,AE,AECO,1173.196,False
12/4/2025 3:00:00 AM,12/3/2025 10:00:00 PM,RFC,MIDATL,AE,AECO,1116.623,False
12/4/2025 4:00:00 AM,12/3/2025 11:00:00 PM,RFC,MIDATL,AE,AECO,1030.866,False
12/4/2025 5:00:00 AM,12/4/2025 12:00:00 AM,RFC,MIDATL,AE,AECO,981.978,False
12/4/2025 6:00:00 AM,12/4/2025 1:00:00 AM,RFC,MIDATL,AE,AECO,953.801,False
12/4/2025 7:00:00 AM,12/4/2025 2:00:00 AM,RFC,MIDATL,AE,AECO,946.163,False
12/4/2025 8:00:00 AM,12/4/2025 3:00:00 AM,RFC,MIDATL,AE,AECO,934.957,False
12/4/2025 9:00:00 AM,12/4/2025 4:00:00 AM,RFC,MIDATL,AE,AECO,960.893,False
12/4/2025 10:00:00 AM,12/4/2025 5:00:00 AM,RFC,MIDATL,AE,AECO,1013.833,False
12/4/2025 11:00:00 AM,12/4/2025 6:00:00 AM,RFC,MIDATL,AE,AECO,1088.097,False
12/4/2025 12:00:00 PM,12/4/2025 7:00:00 AM,RFC,MIDATL,AE,AECO,1126.963,False
12/4/2025 1:00:00 PM,12/4/2025 8:00:00 AM,RFC,MIDATL,AE,AECO,1080.776,False
12/4/2025 2:00:00 PM,12/4/2025 9:00:00 AM,RFC,MIDATL,AE,AECO,945.845,False
12/4/2025 3:00:00 PM,12/4/2025 10:00:00 AM,RFC,MIDATL,AE,AECO,845.106,False
12/4/2025 4:00:00 PM,12/4/2025 11:00:00 AM,RFC,MIDATL,AE,AECO,777.114,False
12/4/2025 5:00:00 PM,12/4/2025 12:00:00 PM,RFC,MIDATL,AE,AECO,764.911,False
12/4/2025 6:00:00 PM,12/4/2025 1:00:00 PM,RFC,MIDATL,AE,AECO,831.571,False
12/4/2025 7:00:00 PM,12/4/2025 2:00:00 PM,RFC,MIDATL,AE,AECO,908.029,False
12/4/2025 8:00:00 PM,12/4/2025 3:00:00 PM,RFC,MIDATL,AE,AECO,1013.486,False
12/4/2025 9:00:00 PM,12/4/2025 4:00:00 PM,RFC,MIDATL,AE,AECO,1152.970,False
12/4/2025 10:00:00 PM,12/4/2025 5:00:00 PM,RFC,MIDATL,AE,AECO,1240.182,False
12/4/2025 11:00:00 PM,12/4/2025 6:00:00 PM,RFC,MIDATL,AE,AECO,1249.633,False
12/5/2025 12:00:00 AM,12/4/2025 7:00:00 PM,RFC,MIDATL,AE,AECO,1242.279,False
12/5/2025 1:00:00 AM,12/4/2025 8:00:00 PM,RFC,MIDATL,AE,AECO,1225.363,False
12/5/2025 2:00:00 AM,12/4/2025 9:00:00 PM,RFC,MIDATL,AE,AECO,1188.993,False
12/5/2025 3:00:00 AM,12/4/2025 10:00:00 PM,RFC,MIDATL,AE,AECO,1126.263,False
12/5/2025 4:00:00 AM,12/4/2025 11:00:00 PM,RFC,MIDATL,AE,AECO,1056.247,False
12/5/2025 5:00:00 AM,12/5/2025 12:00:00 AM,RFC,MIDATL,AE,AECO,1012.078,False
12/5/2025 6:00:00 AM,12/5/2025 1:00:00 AM,RFC,MIDATL,AE,AECO,991.872,False
12/5/2025 7:00:00 AM,12/5/2025 2:00:00 AM,RFC,MIDATL,AE,AECO,978.224,False
12/5/2025 8:00:00 AM,12/5/2025 3:00:00 AM,RFC,MIDATL,AE,AECO,972.573,False
12/5/2025 9:00:00 AM,12/5/2025 4:00:00 AM,RFC,MIDATL,AE,AECO,990.203,False
12/5/2025 10:00:00 AM,12/5/2025 5:00:00 AM,RFC,MIDATL,AE,AECO,1039.929,False
12/5/2025 11:00:00 AM,12/5/2025 6:00:00 AM,RFC,MIDATL,AE,AECO,1122.285,False
12/5/2025 12:00:00 PM,12/5/2025 7:00:00 AM,RFC,MIDATL,AE,AECO,1172.622,False
12/5/2025 1:00:00 PM,12/5/2025 8:00:00 AM,RFC,MIDATL,AE,AECO,1182.627,False
12/5/2025 2:00:00 PM,12/5/2025 9:00:00 AM,RFC,MIDATL,AE,AECO,1183.165,False
12/5/2025 3:00:00 PM,12/5/2025 10:00:00 AM,RFC,MIDATL,AE,AECO,1168.402,False
12/5/2025 4:00:00 PM,12/5/2025 11:00:00 AM,RFC,MIDATL,AE,AECO,1126.547,False
12/5/2025 5:00:00 PM,12/5/2025 12:00:00 PM,RFC,MIDATL,AE,AECO,1074.555,False
12/5/2025 6:00:00 PM,12/5/2025 1:00:00 PM,RFC,MIDATL,AE,AECO,1082.506,False
12/5/2025 7:00:00 PM,12/5/2025 2:00:00 PM,RFC,MIDATL,AE,AECO,1122.581,False
12/5/2025 8:00:00 PM,12/5/2025 3:00:00 PM,RFC,MIDATL,AE,AECO,1159.574,False
12/5/2025 9:00:00 PM,12/5/2025 4:00:00 PM,RFC,MIDATL,AE,AECO,1228.299,False
12/5/2025 10:00:00 PM,12/5/2025 5:00:00 PM,RFC,MIDATL,AE,AECO,1279.499,False
12/5/2025 11:00:00 PM,12/5/2025 6:00:00 PM,RFC,MIDATL,AE,AECO,1268.229,False
12/6/2025 12:00:00 AM,12/5/2025 7:00:00 PM,RFC,MIDATL,AE,AECO,1232.632,False
12/6/2025 1:00:00 AM,12/5/2025 8:00:00 PM,RFC,MIDATL,AE,AECO,1211.513,False
12/6/2025 2:00:00 AM,12/5/2025 9:00:00 PM,RFC,MIDATL,AE,AECO,1170.479,False
12/6/2025 3:00:00 AM,12/5/2025 10:00:00 PM,RFC,MIDATL,AE,AECO,1112.870,False
12/6/2025 4:00:00 AM,12/5/2025 11:00:00 PM,RFC,MIDATL,AE,AECO,1040.522,False
12/6/2025 5:00:00 AM,12/6/2025 12:00:00 AM,RFC,MIDATL,AE,AECO,984.369,False
12/6/2025 6:00:00 AM,12/6/2025 1:00:00 AM,RFC,MIDATL,AE,AECO,959.652,False
12/6/2025 7:00:00 AM,12/6/2025 2:00:00 AM,RFC,MIDATL,AE,AECO,946.647,False
12/6/2025 8:00:00 AM,12/6/2025 3:00:00 AM,RFC,MIDATL,AE,AECO,925.892,False
12/6/2025 9:00:00 AM,12/6/2025 4:00:00 AM,RFC,MIDATL,AE,AECO,926.385,False
12/6/2025 10:00:00 AM,12/6/2025 5:00:00 AM,RFC,MIDATL,AE,AECO,947.628,False
12/6/2025 11:00:00 AM,12/6/2025 6:00:00 AM,RFC,MIDATL,AE,AECO,987.654,False
12/6/2025 12:00:00 PM,12/6/2025 7:00:00 AM,RFC,MIDATL,AE,AECO,1026.601,False
12/6/2025 1:00:00 PM,12/6/2025 8:00:00 AM,RFC,MIDATL,AE,AECO,1043.924,False
12/6/2025 2:00:00 PM,12/6/2025 9:00:00 AM,RFC,MIDATL,AE,AECO,1041.329,False
12/6/2025 3:00:00 PM,12/6/2025 10:00:00 AM,RFC,MIDATL,AE,AECO,1018.337,False
12/6/2025 4:00:00 PM,12/6/2025 11:00:00 AM,RFC,MIDATL,AE,AECO,978.898,False
12/6/2025 5:00:00 PM,12/6/2025 12:00:00 PM,RFC,MIDATL,AE,AECO,963.726,False
12/6/2025 6:00:00 PM,12/6/2025 1:00:00 PM,RFC,MIDATL,AE,AECO,975.631,False
12/6/2025 7:00:00 PM,12/6/2025 2:00:00 PM,RFC,MIDATL,AE,AECO,993.369,False
12/6/2025 8:00:00 PM,12/6/2025 3:00:00 PM,RFC,MIDATL,AE,AECO,1016.770,False
12/6/2025 9:00:00 PM,12/6/2025 4:00:00 PM,RFC,MIDATL,AE,AECO,1113.639,False
12/6/2025 10:00:00 PM,12/6/2025 5:00:00 PM,RFC,MIDATL,AE,AECO,1191.478,False
12/6/2025 11:00:00 PM,12/6/2025 6:00:00 PM,RFC,MIDATL,AE,AECO,1184.523,False
12/7/2025 12:00:00 AM,12/6/2025 7:00:00 PM,RFC,MIDATL,AE,AECO,1175.064,False
12/7/2025 1:00:00 AM,12/6/2025 8:00:00 PM,RFC,MIDATL,AE,AECO,1167.454,False
12/7/2025 2:00:00 AM,12/6/2025 9:00:00 PM,RFC,MIDATL,AE,AECO,1148.261,False
12/7/2025 3:00:00 AM,12/6/2025 10:00:00 PM,RFC,MIDATL,AE,AECO,1102.896,False
12/7/2025 4:00:00 AM,12/6/2025 11:00:00 PM,RFC,MIDATL,AE,AECO,1043.346,False
12/7/2025 5:00:00 AM,12/7/2025 12:00:00 AM,RFC,MIDATL,AE,AECO,1004.214,False
12/7/2025 6:00:00 AM,12/7/2025 1:00:00 AM,RFC,MIDATL,AE,AECO,979.902,False
12/7/2025 7:00:00 AM,12/7/2025 2:00:00 AM,RFC,MIDATL,AE,AECO,961.004,False
12/7/2025 8:00:00 AM,12/7/2025 3:00:00 AM,RFC,MIDATL,AE,AECO,958.652,False
12/7/2025 9:00:00 AM,12/7/2025 4:00:00 AM,RFC,MIDATL,AE,AECO,965.026,False
12/7/2025 10:00:00 AM,12/7/2025 5:00:00 AM,RFC,MIDATL,AE,AECO,989.242,False
12/7/2025 11:00:00 AM,12/7/2025 6:00:00 AM,RFC,MIDATL,AE,AECO,1018.620,False
12/7/2025 12:00:00 PM,12/7/2025 7:00:00 AM,RFC,MIDATL,AE,AECO,1034.050,False
12/7/2025 1:00:00 PM,12/7/2025 8:00:00 AM,RFC,MIDATL,AE,AECO,998.697,False
12/7/2025 2:00:00 PM,12/7/2025 9:00:00 AM,RFC,MIDATL,AE,AECO,880.021,False
12/7/2025 3:00:00 PM,12/7/2025 10:00:00 AM,RFC,MIDATL,AE,AECO,771.137,False
12/7/2025 4:00:00 PM,12/7/2025 11:00:00 AM,RFC,MIDATL,AE,AECO,769.072,False
12/7/2025 5:00:00 PM,12/7/2025 12:00:00 PM,RFC,MIDATL,AE,AECO,807.688,False
12/7/2025 6:00:00 PM,12/7/2025 1:00:00 PM,RFC,MIDATL,AE,AECO,878.321,False
12/7/2025 7:00:00 PM,12/7/2025 2:00:00 PM,RFC,MIDATL,AE,AECO,914.191,False
12/7/2025 8:00:00 PM,12/7/2025 3:00:00 PM,RFC,MIDATL,AE,AECO,981.620,False
12/7/2025 9:00:00 PM,12/7/2025 4:00:00 PM,RFC,MIDATL,AE,AECO,1124.793,False
12/7/2025 10:00:00 PM,12/7/2025 5:00:00 PM,RFC,MIDATL,AE,AECO,1220.677,False
12/7/2025 11:00:00 PM,12/7/2025 6:00:00 PM,RFC,MIDATL,AE,AECO,1229.059,False
12/8/2025 12:00:00 AM,12/7/2025 7:00:00 PM,RFC,MIDATL,AE,AECO,1220.189,False
12/8/2025 1:00:00 AM,12/7/2025 8:00:00 PM,RFC,MIDATL,AE,AECO,1196.804,False
12/8/2025 2:00:00 AM,12/7/2025 9:00:00 PM,RFC,MIDATL,AE,AECO,1160.515,False
12/8/2025 3:00:00 AM,12/7/2025 10:00:00 PM,RFC,MIDATL,AE,AECO,1091.193,False
12/8/2025 4:00:00 AM,12/7/2025 11:00:00 PM,RFC,MIDATL,AE,AECO,1039.633,False
12/8/2025 5:00:00 AM,12/8/2025 12:00:00 AM,RFC,MIDATL,AE,AECO,988.851,False
12/8/2025 6:00:00 AM,12/8/2025 1:00:00 AM,RFC,MIDATL,AE,AECO,962.620,False
12/8/2025 7:00:00 AM,12/8/2025 2:00:00 AM,RFC,MIDATL,AE,AECO,948.274,False
12/8/2025 8:00:00 AM,12/8/2025 3:00:00 AM,RFC,MIDATL,AE,AECO,947.660,False
12/8/2025 9:00:00 AM,12/8/2025 4:00:00 AM,RFC,MIDATL,AE,AECO,986.756,False
12/8/2025 10:00:00 AM,12/8/2025 5:00:00 AM,RFC,MIDATL,AE,AECO,1022.868,False
12/8/2025 11:00:00 AM,12/8/2025 6:00:00 AM,RFC,MIDATL,AE,AECO,1112.199,False
12/8/2025 12:00:00 PM,12/8/2025 7:00:00 AM,RFC,MIDATL,AE,AECO,1154.935,False
12/8/2025 1:00:00 PM,12/8/2025 8:00:00 AM,RFC,MIDATL,AE,AECO,1142.970,False
12/8/2025 2:00:00 PM,12/8/2025 9:00:00 AM,RFC,MIDATL,AE,AECO,1114.019,False
12/8/2025 3:00:00 PM,12/8/2025 10:00:00 AM,RFC,MIDATL,AE,AECO,1060.739,False
12/8/2025 4:00:00 PM,12/8/2025 11:00:00 AM,RFC,MIDATL,AE,AECO,1054.137,False
12/8/2025 5:00:00 PM,12/8/2025 12:00:00 PM,RFC,MIDATL,AE,AECO,1014.595,False
12/8/2025 6:00:00 PM,12/8/2025 1:00:00 PM,RFC,MIDATL,AE,AECO,1062.818,False
12/8/2025 7:00:00 PM,12/8/2025 2:00:00 PM,RFC,MIDATL,AE,AECO,1110.589,False
12/8/2025 8:00:00 PM,12/8/2025 3:00:00 PM,RFC,MIDATL,AE,AECO,1183.937,False
12/8/2025 9:00:00 PM,12/8/2025 4:00:00 PM,RFC,MIDATL,AE,AECO,1283.991,False
12/8/2025 10:00:00 PM,12/8/2025 5:00:00 PM,RFC,MIDATL,AE,AECO,1397.145,False
12/8/2025 11:00:00 PM,12/8/2025 6:00:00 PM,RFC,MIDATL,AE,AECO,1376.873,False
12/9/2025 12:00:00 AM,12/8/2025 7:00:00 PM,RFC,MIDATL,AE,AECO,1366.867,False
12/9/2025 1:00:00 AM,12/8/2025 8:00:00 PM,RFC,MIDATL,AE,AECO,1339.281,False
12/9/2025 2:00:00 AM,12/8/2025 9:00:00 PM,RFC,MIDATL,AE,AECO,1283.084,False
12/9/2025 3:00:00 AM,12/8/2025 10:00:00 PM,RFC,MIDATL,AE,AECO,1181.514,False
12/9/2025 4:00:00 AM,12/8/2025 11:00:00 PM,RFC,MIDATL,AE,AECO,1143.118,False
12/9/2025 5:00:00 AM,12/9/2025 12:00:00 AM,RFC,MIDATL,AE,AECO,1089.798,False
12/9/2025 6:00:00 AM,12/9/2025 1:00:00 AM,RFC,MIDATL,AE,AECO,1067.034,False
12/9/2025 7:00:00 AM,12/9/2025 2:00:00 AM,RFC,MIDATL,AE,AECO,1054.415,False
12/9/2025 8:00:00 AM,12/9/2025 3:00:00 AM,RFC,MIDATL,AE,AECO,1062.113,False
12/9/2025 9:00:00 AM,12/9/2025 4:00:00 AM,RFC,MIDATL,AE,AECO,1085.508,False
12/9/2025 10:00:00 AM,12/9/2025 5:00:00 AM,RFC,MIDATL,AE,AECO,1140.699,False
12/9/2025 11:00:00 AM,12/9/2025 6:00:00 AM,RFC,MIDATL,AE,AECO,1239.862,False
12/9/2025 12:00:00 PM,12/9/2025 7:00:00 AM,RFC,MIDATL,AE,AECO,1260.721,False
12/9/2025 1:00:00 PM,12/9/2025 8:00:00 AM,RFC,MIDATL,AE,AECO,1164.453,False
12/9/2025 2:00:00 PM,12/9/2025 9:00:00 AM,RFC,MIDATL,AE,AECO,1017.356,False
12/9/2025 3:00:00 PM,12/9/2025 10:00:00 AM,RFC,MIDATL,AE,AECO,903.634,False
12/9/2025 4:00:00 PM,12/9/2025 11:00:00 AM,RFC,MIDATL,AE,AECO,827.955,False
12/9/2025 5:00:00 PM,12/9/2025 12:00:00 PM,RFC,MIDATL,AE,AECO,855.445,False
12/9/2025 6:00:00 PM,12/9/2025 1:00:00 PM,RFC,MIDATL,AE,AECO,929.726,False
12/9/2025 7:00:00 PM,12/9/2025 2:00:00 PM,RFC,MIDATL,AE,AECO,967.700,False
12/9/2025 8:00:00 PM,12/9/2025 3:00:00 PM,RFC,MIDATL,AE,AECO,1111.807,False
12/9/2025 9:00:00 PM,12/9/2025 4:00:00 PM,RFC,MIDATL,AE,AECO,1256.664,False
12/9/2025 10:00:00 PM,12/9/2025 5:00:00 PM,RFC,MIDATL,AE,AECO,1318.304,False
12/9/2025 11:00:00 PM,12/9/2025 6:00:00 PM,RFC,MIDATL,AE,AECO,1326.209,False
12/10/2025 12:00:00 AM,12/9/2025 7:00:00 PM,RFC,MIDATL,AE,AECO,1316.092,False
12/10/2025 1:00:00 AM,12/9/2025 8:00:00 PM,RFC,MIDATL,AE,AECO,1289.433,False
12/10/2025 2:00:00 AM,12/9/2025 9:00:00 PM,RFC,MIDATL,AE,AECO,1213.836,False
12/10/2025 3:00:00 AM,12/9/2025 10:00:00 PM,RFC,MIDATL,AE,AECO,1146.345,False
12/10/2025 4:00:00 AM,12/9/2025 11:00:00 PM,RFC,MIDATL,AE,AECO,1089.125,False
12/10/2025 5:00:00 AM,12/10/2025 12:00:00 AM,RFC,MIDATL,AE,AECO,1028.867,False
12/10/2025 6:00:00 AM,12/10/2025 1:00:00 AM,RFC,MIDATL,AE,AECO,991.040,False
12/10/2025 7:00:00 AM,12/10/2025 2:00:00 AM,RFC,MIDATL,AE,AECO,970.595,False
12/10/2025 8:00:00 AM,12/10/2025 3:00:00 AM,RFC,MIDATL,AE,AECO,959.919,False
12/10/2025 9:00:00 AM,12/10/2025 4:00:00 AM,RFC,MIDATL,AE,AECO,975.429,False
12/10/2025 10:00:00 AM,12/10/2025 5:00:00 AM,RFC,MIDATL,AE,AECO,1035.787,False
12/10/2025 11:00:00 AM,12/10/2025 6:00:00 AM,RFC,MIDATL,AE,AECO,1120.145,False
12/10/2025 12:00:00 PM,12/10/2025 7:00:00 AM,RFC,MIDATL,AE,AECO,1149.561,False
12/10/2025 1:00:00 PM,12/10/2025 8:00:00 AM,RFC,MIDATL,AE,AECO,1082.118,False
12/10/2025 2:00:00 PM,12/10/2025 9:00:00 AM,RFC,MIDATL,AE,AECO,971.596,False
12/10/2025 3:00:00 PM,12/10/2025 10:00:00 AM,RFC,MIDATL,AE,AECO,940.772,False
12/10/2025 4:00:00 PM,12/10/2025 11:00:00 AM,RFC,MIDATL,AE,AECO,977.056,False
12/10/2025 5:00:00 PM,12/10/2025 12:00:00 PM,RFC,MIDATL,AE,AECO,1034.426,False
12/10/2025 6:00:00 PM,12/10/2025 1:00:00 PM,RFC,MIDATL,AE,AECO,1063.110,False
12/10/2025 7:00:00 PM,12/10/2025 2:00:00 PM,RFC,MIDATL,AE,AECO,1106.948,False
12/10/2025 8:00:00 PM,12/10/2025 3:00:00 PM,RFC,MIDATL,AE,AECO,1160.408,False
12/10/2025 9:00:00 PM,12/10/2025 4:00:00 PM,RFC,MIDATL,AE,AECO,1221.543,False
12/10/2025 10:00:00 PM,12/10/2025 5:00:00 PM,RFC,MIDATL,AE,AECO,1254.984,False
12/10/2025 11:00:00 PM,12/10/2025 6:00:00 PM,RFC,MIDATL,AE,AECO,1242.514,False
12/11/2025 12:00:00 AM,12/10/2025 7:00:00 PM,RFC,MIDATL,AE,AECO,1218.365,False
12/11/2025 1:00:00 AM,12/10/2025 8:00:00 PM,RFC,MIDATL,AE,AECO,1130.107,False
12/11/2025 2:00:00 AM,12/10/2025 9:00:00 PM,RFC,MIDATL,AE,AECO,1071.710,False
12/11/2025 3:00:00 AM,12/10/2025 10:00:00 PM,RFC,MIDATL,AE,AECO,1056.873,False
12/11/2025 4:00:00 AM,12/10/2025 11:00:00 PM,RFC,MIDATL,AE,AECO,984.187,False
12/11/2025 5:00:00 AM,12/11/2025 12:00:00 AM,RFC,MIDATL,AE,AECO,934.363,False
12/11/2025 6:00:00 AM,12/11/2025 1:00:00 AM,RFC,MIDATL,AE,AECO,911.488,False
12/11/2025 7:00:00 AM,12/11/2025 2:00:00 AM,RFC,MIDATL,AE,AECO,894.330,False
12/11/2025 8:00:00 AM,12/11/2025 3:00:00 AM,RFC,MIDATL,AE,AECO,893.389,False
12/11/2025 9:00:00 AM,12/11/2025 4:00:00 AM,RFC,MIDATL,AE,AECO,915.195,False
12/11/2025 10:00:00 AM,12/11/2025 5:00:00 AM,RFC,MIDATL,AE,AECO,993.568,False
12/11/2025 11:00:00 AM,12/11/2025 6:00:00 AM,RFC,MIDATL,AE,AECO,1107.312,False
12/11/2025 12:00:00 PM,12/11/2025 7:00:00 AM,RFC,MIDATL,AE,AECO,1131.857,False
12/11/2025 1:00:00 PM,12/11/2025 8:00:00 AM,RFC,MIDATL,AE,AECO,1054.769,False
12/11/2025 2:00:00 PM,12/11/2025 9:00:00 AM,RFC,MIDATL,AE,AECO,993.940,False
12/11/2025 3:00:00 PM,12/11/2025 10:00:00 AM,RFC,MIDATL,AE,AECO,944.392,False
12/11/2025 4:00:00 PM,12/11/2025 11:00:00 AM,RFC,MIDATL,AE,AECO,869.380,False
12/11/2025 5:00:00 PM,12/11/2025 12:00:00 PM,RFC,MIDATL,AE,AECO,827.150,False
12/11/2025 6:00:00 PM,12/11/2025 1:00:00 PM,RFC,MIDATL,AE,AECO,840.028,False
12/11/2025 7:00:00 PM,12/11/2025 2:00:00 PM,RFC,MIDATL,AE,AECO,910.946,False
12/11/2025 8:00:00 PM,12/11/2025 3:00:00 PM,RFC,MIDATL,AE,AECO,1044.474,False
12/11/2025 9:00:00 PM,12/11/2025 4:00:00 PM,RFC,MIDATL,AE,AECO,1221.222,False
12/11/2025 10:00:00 PM,12/11/2025 5:00:00 PM,RFC,MIDATL,AE,AECO,1305.750,False
12/11/2025 11:00:00 PM,12/11/2025 6:00:00 PM,RFC,MIDATL,AE,AECO,1311.837,False
12/12/2025 12:00:00 AM,12/11/2025 7:00:00 PM,RFC,MIDATL,AE,AECO,1301.358,False
12/12/2025 1:00:00 AM,12/11/2025 8:00:00 PM,RFC,MIDATL,AE,AECO,1278.527,False
12/12/2025 2:00:00 AM,12/11/2025 9:00:00 PM,RFC,MIDATL,AE,AECO,1231.231,False
12/12/2025 3:00:00 AM,12/11/2025 10:00:00 PM,RFC,MIDATL,AE,AECO,1159.662,False
12/12/2025 4:00:00 AM,12/11/2025 11:00:00 PM,RFC,MIDATL,AE,AECO,1099.500,False
12/12/2025 5:00:00 AM,12/12/2025 12:00:00 AM,RFC,MIDATL,AE,AECO,1055.492,False
12/12/2025 6:00:00 AM,12/12/2025 1:00:00 AM,RFC,MIDATL,AE,AECO,1020.355,False
12/12/2025 7:00:00 AM,12/12/2025 2:00:00 AM,RFC,MIDATL,AE,AECO,1013.793,False
12/12/2025 8:00:00 AM,12/12/2025 3:00:00 AM,RFC,MIDATL,AE,AECO,1020.855,False
12/12/2025 9:00:00 AM,12/12/2025 4:00:00 AM,RFC,MIDATL,AE,AECO,1027.459,False
12/12/2025 10:00:00 AM,12/12/2025 5:00:00 AM,RFC,MIDATL,AE,AECO,1114.633,False
12/12/2025 11:00:00 AM,12/12/2025 6:00:00 AM,RFC,MIDATL,AE,AECO,1189.499,False
12/12/2025 12:00:00 PM,12/12/2025 7:00:00 AM,RFC,MIDATL,AE,AECO,1221.879,False
12/12/2025 1:00:00 PM,12/12/2025 8:00:00 AM,RFC,MIDATL,AE,AECO,1139.952,False
12/12/2025 2:00:00 PM,12/12/2025 9:00:00 AM,RFC,MIDATL,AE,AECO,1016.044,False
12/12/2025 3:00:00 PM,12/12/2025 10:00:00 AM,RFC,MIDATL,AE,AECO,964.810,False
12/12/2025 4:00:00 PM,12/12/2025 11:00:00 AM,RFC,MIDATL,AE,AECO,949.586,False
12/12/2025 5:00:00 PM,12/12/2025 12:00:00 PM,RFC,MIDATL,AE,AECO,856.416,False
12/12/2025 6:00:00 PM,12/12/2025 1:00:00 PM,RFC,MIDATL,AE,AECO,858.119,False
12/12/2025 7:00:00 PM,12/12/2025 2:00:00 PM,RFC,MIDATL,AE,AECO,1029.629,False
12/12/2025 8:00:00 PM,12/12/2025 3:00:00 PM,RFC,MIDATL,AE,AECO,1170.254,False
12/12/2025 9:00:00 PM,12/12/2025 4:00:00 PM,RFC,MIDATL,AE,AECO,1215.174,False
12/12/2025 10:00:00 PM,12/12/2025 5:00:00 PM,RFC,MIDATL,AE,AECO,1313.083,False
12/12/2025 11:00:00 PM,12/12/2025 6:00:00 PM,RFC,MIDATL,AE,AECO,1311.527,False
12/13/2025 12:00:00 AM,12/12/2025 7:00:00 PM,RFC,MIDATL,AE,AECO,1300.534,False
12/13/2025 1:00:00 AM,12/12/2025 8:00:00 PM,RFC,MIDATL,AE,AECO,1283.045,False
12/13/2025 2:00:00 AM,12/12/2025 9:00:00 PM,RFC,MIDATL,AE,AECO,1255.030,False
12/13/2025 3:00:00 AM,12/12/2025 10:00:00 PM,RFC,MIDATL,AE,AECO,1202.462,False
12/13/2025 4:00:00 AM,12/12/2025 11:00:00 PM,RFC,MIDATL,AE,AECO,1134.112,False
12/13/2025 5:00:00 AM,12/13/2025 12:00:00 AM,RFC,MIDATL,AE,AECO,1092.655,False
12/13/2025 6:00:00 AM,12/13/2025 1:00:00 AM,RFC,MIDATL,AE,AECO,1059.340,False
12/13/2025 7:00:00 AM,12/13/2025 2:00:00 AM,RFC,MIDATL,AE,AECO,1046.613,False
12/13/2025 8:00:00 AM,12/13/2025 3:00:00 AM,RFC,MIDATL,AE,AECO,1038.390,False
12/13/2025 9:00:00 AM,12/13/2025 4:00:00 AM,RFC,MIDATL,AE,AECO,1038.123,False
12/13/2025 10:00:00 AM,12/13/2025 5:00:00 AM,RFC,MIDATL,AE,AECO,1046.238,False
12/13/2025 11:00:00 AM,12/13/2025 6:00:00 AM,RFC,MIDATL,AE,AECO,1080.882,False
12/13/2025 12:00:00 PM,12/13/2025 7:00:00 AM,RFC,MIDATL,AE,AECO,1111.230,False
12/13/2025 1:00:00 PM,12/13/2025 8:00:00 AM,RFC,MIDATL,AE,AECO,1126.394,False
12/13/2025 2:00:00 PM,12/13/2025 9:00:00 AM,RFC,MIDATL,AE,AECO,1049.030,False
12/13/2025 3:00:00 PM,12/13/2025 10:00:00 AM,RFC,MIDATL,AE,AECO,870.663,False
12/13/2025 4:00:00 PM,12/13/2025 11:00:00 AM,RFC,MIDATL,AE,AECO,838.382,False
12/13/2025 5:00:00 PM,12/13/2025 12:00:00 PM,RFC,MIDATL,AE,AECO,869.577,False
12/13/2025 6:00:00 PM,12/13/2025 1:00:00 PM,RFC,MIDATL,AE,AECO,873.894,False
12/13/2025 7:00:00 PM,12/13/2025 2:00:00 PM,RFC,MIDATL,AE,AECO,954.301,False
12/13/2025 8:00:00 PM,12/13/2025 3:00:00 PM,RFC,MIDATL,AE,AECO,1035.214,False
12/13/2025 9:00:00 PM,12/13/2025 4:00:00 PM,RFC,MIDATL,AE,AECO,1142.780,False
12/13/2025 10:00:00 PM,12/13/2025 5:00:00 PM,RFC,MIDATL,AE,AECO,1219.188,False
12/13/2025 11:00:00 PM,12/13/2025 6:00:00 PM,RFC,MIDATL,AE,AECO,1200.088,False
12/14/2025 12:00:00 AM,12/13/2025 7:00:00 PM,RFC,MIDATL,AE,AECO,1222.308,False
12/14/2025 1:00:00 AM,12/13/2025 8:00:00 PM,RFC,MIDATL,AE,AECO,1172.085,False
12/14/2025 2:00:00 AM,12/13/2025 9:00:00 PM,RFC,MIDATL,AE,AECO,1133.431,False
12/14/2025 3:00:00 AM,12/13/2025 10:00:00 PM,RFC,MIDATL,AE,AECO,1086.747,False
12/14/2025 4:00:00 AM,12/13/2025 11:00:00 PM,RFC,MIDATL,AE,AECO,997.175,False
12/14/2025 5:00:00 AM,12/14/2025 12:00:00 AM,RFC,MIDATL,AE,AECO,1014.361,False
12/14/2025 6:00:00 AM,12/14/2025 1:00:00 AM,RFC,MIDATL,AE,AECO,949.416,False
12/14/2025 7:00:00 AM,12/14/2025 2:00:00 AM,RFC,MIDATL,AE,AECO,931.771,False
12/14/2025 8:00:00 AM,12/14/2025 3:00:00 AM,RFC,MIDATL,AE,AECO,925.371,False
12/14/2025 9:00:00 AM,12/14/2025 4:00:00 AM,RFC,MIDATL,AE,AECO,944.788,False
12/14/2025 10:00:00 AM,12/14/2025 5:00:00 AM,RFC,MIDATL,AE,AECO,951.339,False
12/14/2025 11:00:00 AM,12/14/2025 6:00:00 AM,RFC,MIDATL,AE,AECO,984.775,False
12/14/2025 12:00:00 PM,12/14/2025 7:00:00 AM,RFC,MIDATL,AE,AECO,1028.420,False
12/14/2025 1:00:00 PM,12/14/2025 8:00:00 AM,RFC,MIDATL,AE,AECO,1069.656,False
12/14/2025 2:00:00 PM,12/14/2025 9:00:00 AM,RFC,MIDATL,AE,AECO,1124.986,False
12/14/2025 3:00:00 PM,12/14/2025 10:00:00 AM,RFC,MIDATL,AE,AECO,1155.776,False
12/14/2025 4:00:00 PM,12/14/2025 11:00:00 AM,RFC,MIDATL,AE,AECO,1196.656,False
12/14/2025 5:00:00 PM,12/14/2025 12:00:00 PM,RFC,MIDATL,AE,AECO,1215.341,False
12/14/2025 6:00:00 PM,12/14/2025 1:00:00 PM,RFC,MIDATL,AE,AECO,1211.780,False
12/14/2025 7:00:00 PM,12/14/2025 2:00:00 PM,RFC,MIDATL,AE,AECO,1209.454,False
12/14/2025 8:00:00 PM,12/14/2025 3:00:00 PM,RFC,MIDATL,AE,AECO,1218.376,False
12/14/2025 9:00:00 PM,12/14/2025 4:00:00 PM,RFC,MIDATL,AE,AECO,1305.991,False
12/14/2025 10:00:00 PM,12/14/2025 5:00:00 PM,RFC,MIDATL,AE,AECO,1404.874,False
12/14/2025 11:00:00 PM,12/14/2025 6:00:00 PM,RFC,MIDATL,AE,AECO,1415.442,False
12/15/2025 12:00:00 AM,12/14/2025 7:00:00 PM,RFC,MIDATL,AE,AECO,1408.241,False
12/15/2025 1:00:00 AM,12/14/2025 8:00:00 PM,RFC,MIDATL,AE,AECO,1393.534,False
12/15/2025 2:00:00 AM,12/14/2025 9:00:00 PM,RFC,MIDATL,AE,AECO,1337.152,False
12/15/2025 3:00:00 AM,12/14/2025 10:00:00 PM,RFC,MIDATL,AE,AECO,1250.756,False
12/15/2025 4:00:00 AM,12/14/2025 11:00:00 PM,RFC,MIDATL,AE,AECO,1197.435,False
12/15/2025 5:00:00 AM,12/15/2025 12:00:00 AM,RFC,MIDATL,AE,AECO,1138.388,False
12/15/2025 6:00:00 AM,12/15/2025 1:00:00 AM,RFC,MIDATL,AE,AECO,1127.963,False
12/15/2025 7:00:00 AM,12/15/2025 2:00:00 AM,RFC,MIDATL,AE,AECO,1105.699,False
12/15/2025 8:00:00 AM,12/15/2025 3:00:00 AM,RFC,MIDATL,AE,AECO,1119.870,False
12/15/2025 9:00:00 AM,12/15/2025 4:00:00 AM,RFC,MIDATL,AE,AECO,1124.890,False
12/15/2025 10:00:00 AM,12/15/2025 5:00:00 AM,RFC,MIDATL,AE,AECO,1161.254,False
12/15/2025 11:00:00 AM,12/15/2025 6:00:00 AM,RFC,MIDATL,AE,AECO,1266.442,False
12/15/2025 12:00:00 PM,12/15/2025 7:00:00 AM,RFC,MIDATL,AE,AECO,1307.038,False
12/15/2025 1:00:00 PM,12/15/2025 8:00:00 AM,RFC,MIDATL,AE,AECO,1324.046,False
12/15/2025 2:00:00 PM,12/15/2025 9:00:00 AM,RFC,MIDATL,AE,AECO,1297.504,False
12/15/2025 3:00:00 PM,12/15/2025 10:00:00 AM,RFC,MIDATL,AE,AECO,1282.239,False
12/15/2025 4:00:00 PM,12/15/2025 11:00:00 AM,RFC,MIDATL,AE,AECO,1258.637,False
12/15/2025 5:00:00 PM,12/15/2025 12:00:00 PM,RFC,MIDATL,AE,AECO,1251.224,False
12/15/2025 6:00:00 PM,12/15/2025 1:00:00 PM,RFC,MIDATL,AE,AECO,1276.754,False
12/15/2025 7:00:00 PM,12/15/2025 2:00:00 PM,RFC,MIDATL,AE,AECO,1261.008,False
12/15/2025 8:00:00 PM,12/15/2025 3:00:00 PM,RFC,MIDATL,AE,AECO,1262.526,False
12/15/2025 9:00:00 PM,12/15/2025 4:00:00 PM,RFC,MIDATL,AE,AECO,1327.054,False
12/15/2025 10:00:00 PM,12/15/2025 5:00:00 PM,RFC,MIDATL,AE,AECO,1399.597,False
12/15/2025 11:00:00 PM,12/15/2025 6:00:00 PM,RFC,MIDATL,AE,AECO,1415.774,False
12/16/2025 12:00:00 AM,12/15/2025 7:00:00 PM,RFC,MIDATL,AE,AECO,1407.169,False
12/16/2025 1:00:00 AM,12/15/2025 8:00:00 PM,RFC,MIDATL,AE,AECO,1382.447,False
12/16/2025 2:00:00 AM,12/15/2025 9:00:00 PM,RFC,MIDATL,AE,AECO,1325.803,False
12/16/2025 3:00:00 AM,12/15/2025 10:00:00 PM,RFC,MIDATL,AE,AECO,1231.783,False
12/16/2025 4:00:00 AM,12/15/2025 11:00:00 PM,RFC,MIDATL,AE,AECO,1139.225,False
12/16/2025 5:00:00 AM,12/16/2025 12:00:00 AM,RFC,MIDATL,AE,AECO,1105.918,False
12/16/2025 6:00:00 AM,12/16/2025 1:00:00 AM,RFC,MIDATL,AE,AECO,1155.123,False
12/16/2025 7:00:00 AM,12/16/2025 2:00:00 AM,RFC,MIDATL,AE,AECO,1068.810,False
12/16/2025 8:00:00 AM,12/16/2025 3:00:00 AM,RFC,MIDATL,AE,AECO,1062.382,False
12/16/2025 9:00:00 AM,12/16/2025 4:00:00 AM,RFC,MIDATL,AE,AECO,1077.732,False
12/16/2025 10:00:00 AM,12/16/2025 5:00:00 AM,RFC,MIDATL,AE,AECO,1130.007,False
12/16/2025 11:00:00 AM,12/16/2025 6:00:00 AM,RFC,MIDATL,AE,AECO,1214.345,False
12/16/2025 12:00:00 PM,12/16/2025 7:00:00 AM,RFC,MIDATL,AE,AECO,1276.903,False
12/16/2025 1:00:00 PM,12/16/2025 8:00:00 AM,RFC,MIDATL,AE,AECO,1257.477,False
12/16/2025 2:00:00 PM,12/16/2025 9:00:00 AM,RFC,MIDATL,AE,AECO,1216.417,False
12/16/2025 3:00:00 PM,12/16/2025 10:00:00 AM,RFC,MIDATL,AE,AECO,1160.977,False
12/16/2025 4:00:00 PM,12/16/2025 11:00:00 AM,RFC,MIDATL,AE,AECO,1150.449,False
12/16/2025 5:00:00 PM,12/16/2025 12:00:00 PM,RFC,MIDATL,AE,AECO,1107.780,False
12/16/2025 6:00:00 PM,12/16/2025 1:00:00 PM,RFC,MIDATL,AE,AECO,1093.435,False
12/16/2025 7:00:00 PM,12/16/2025 2:00:00 PM,RFC,MIDATL,AE,AECO,1078.722,False
12/16/2025 8:00:00 PM,12/16/2025 3:00:00 PM,RFC,MIDATL,AE,AECO,1141.371,False
12/16/2025 9:00:00 PM,12/16/2025 4:00:00 PM,RFC,MIDATL,AE,AECO,1212.688,False
12/16/2025 10:00:00 PM,12/16/2025 5:00:00 PM,RFC,MIDATL,AE,AECO,1339.030,False
12/16/2025 11:00:00 PM,12/16/2025 6:00:00 PM,RFC,MIDATL,AE,AECO,1368.089,False
12/17/2025 12:00:00 AM,12/16/2025 7:00:00 PM,RFC,MIDATL,AE,AECO,1354.284,False
12/17/2025 1:00:00 AM,12/16/2025 8:00:00 PM,RFC,MIDATL,AE,AECO,1333.327,False
12/17/2025 2:00:00 AM,12/16/2025 9:00:00 PM,RFC,MIDATL,AE,AECO,1294.245,False
12/17/2025 3:00:00 AM,12/16/2025 10:00:00 PM,RFC,MIDATL,AE,AECO,1138.428,False
12/17/2025 4:00:00 AM,12/16/2025 11:00:00 PM,RFC,MIDATL,AE,AECO,1134.650,False
12/17/2025 5:00:00 AM,12/17/2025 12:00:00 AM,RFC,MIDATL,AE,AECO,1083.560,False
12/17/2025 6:00:00 AM,12/17/2025 1:00:00 AM,RFC,MIDATL,AE,AECO,1044.512,False
12/17/2025 7:00:00 AM,12/17/2025 2:00:00 AM,RFC,MIDATL,AE,AECO,1032.033,False
12/17/2025 8:00:00 AM,12/17/2025 3:00:00 AM,RFC,MIDATL,AE,AECO,1016.028,False
12/17/2025 9:00:00 AM,12/17/2025 4:00:00 AM,RFC,MIDATL,AE,AECO,1045.341,False
12/17/2025 10:00:00 AM,12/17/2025 5:00:00 AM,RFC,MIDATL,AE,AECO,1076.654,False
12/17/2025 11:00:00 AM,12/17/2025 6:00:00 AM,RFC,MIDATL,AE,AECO,1223.014,False
12/17/2025 12:00:00 PM,12/17/2025 7:00:00 AM,RFC,MIDATL,AE,AECO,1201.263,False
12/17/2025 1:00:00 PM,12/17/2025 8:00:00 AM,RFC,MIDATL,AE,AECO,1162.029,False
12/17/2025 2:00:00 PM,12/17/2025 9:00:00 AM,RFC,MIDATL,AE,AECO,1039.446,False
12/17/2025 3:00:00 PM,12/17/2025 10:00:00 AM,RFC,MIDATL,AE,AECO,1076.159,False
12/17/2025 4:00:00 PM,12/17/2025 11:00:00 AM,RFC,MIDATL,AE,AECO,1076.132,False
12/17/2025 5:00:00 PM,12/17/2025 12:00:00 PM,RFC,MIDATL,AE,AECO,1058.989,False
12/17/2025 6:00:00 PM,12/17/2025 1:00:00 PM,RFC,MIDATL,AE,AECO,926.668,False
12/17/2025 7:00:00 PM,12/17/2025 2:00:00 PM,RFC,MIDATL,AE,AECO,914.167,False
12/17/2025 8:00:00 PM,12/17/2025 3:00:00 PM,RFC,MIDATL,AE,AECO,1060.228,False
12/17/2025 9:00:00 PM,12/17/2025 4:00:00 PM,RFC,MIDATL,AE,AECO,1153.043,False
12/17/2025 10:00:00 PM,12/17/2025 5:00:00 PM,RFC,MIDATL,AE,AECO,1234.300,False
12/17/2025 11:00:00 PM,12/17/2025 6:00:00 PM,RFC,MIDATL,AE,AECO,1232.249,False
12/18/2025 12:00:00 AM,12/17/2025 7:00:00 PM,RFC,MIDATL,AE,AECO,1234.441,False
12/18/2025 1:00:00 AM,12/17/2025 8:00:00 PM,RFC,MIDATL,AE,AECO,1227.772,False
12/18/2025 2:00:00 AM,12/17/2025 9:00:00 PM,RFC,MIDATL,AE,AECO,1170.441,False
12/18/2025 3:00:00 AM,12/17/2025 10:00:00 PM,RFC,MIDATL,AE,AECO,1119.990,False
12/18/2025 4:00:00 AM,12/17/2025 11:00:00 PM,RFC,MIDATL,AE,AECO,1045.998,False
12/18/2025 5:00:00 AM,12/18/2025 12:00:00 AM,RFC,MIDATL,AE,AECO,997.508,False
12/18/2025 6:00:00 AM,12/18/2025 1:00:00 AM,RFC,MIDATL,AE,AECO,967.406,False
12/18/2025 7:00:00 AM,12/18/2025 2:00:00 AM,RFC,MIDATL,AE,AECO,960.196,False
12/18/2025 8:00:00 AM,12/18/2025 3:00:00 AM,RFC,MIDATL,AE,AECO,959.856,False
12/18/2025 9:00:00 AM,12/18/2025 4:00:00 AM,RFC,MIDATL,AE,AECO,980.541,False
12/18/2025 10:00:00 AM,12/18/2025 5:00:00 AM,RFC,MIDATL,AE,AECO,1037.638,False
12/18/2025 11:00:00 AM,12/18/2025 6:00:00 AM,RFC,MIDATL,AE,AECO,1123.264,False
12/18/2025 12:00:00 PM,12/18/2025 7:00:00 AM,RFC,MIDATL,AE,AECO,1170.843,False
12/18/2025 1:00:00 PM,12/18/2025 8:00:00 AM,RFC,MIDATL,AE,AECO,1105.118,False
12/18/2025 2:00:00 PM,12/18/2025 9:00:00 AM,RFC,MIDATL,AE,AECO,974.983,False
12/18/2025 3:00:00 PM,12/18/2025 10:00:00 AM,RFC,MIDATL,AE,AECO,865.686,False
12/18/2025 4:00:00 PM,12/18/2025 11:00:00 AM,RFC,MIDATL,AE,AECO,775.682,False
12/18/2025 5:00:00 PM,12/18/2025 12:00:00 PM,RFC,MIDATL,AE,AECO,739.513,False
12/18/2025 6:00:00 PM,12/18/2025 1:00:00 PM,RFC,MIDATL,AE,AECO,762.308,False
12/18/2025 7:00:00 PM,12/18/2025 2:00:00 PM,RFC,MIDATL,AE,AECO,838.319,False
12/18/2025 8:00:00 PM,12/18/2025 3:00:00 PM,RFC,MIDATL,AE,AECO,948.114,False
12/18/2025 9:00:00 PM,12/18/2025 4:00:00 PM,RFC,MIDATL,AE,AECO,1079.646,False
12/18/2025 10:00:00 PM,12/18/2025 5:00:00 PM,RFC,MIDATL,AE,AECO,1171.655,False
12/18/2025 11:00:00 PM,12/18/2025 6:00:00 PM,RFC,MIDATL,AE,AECO,1172.710,False
12/19/2025 12:00:00 AM,12/18/2025 7:00:00 PM,RFC,MIDATL,AE,AECO,1162.499,False
12/19/2025 1:00:00 AM,12/18/2025 8:00:00 PM,RFC,MIDATL,AE,AECO,1151.028,False
12/19/2025 2:00:00 AM,12/18/2025 9:00:00 PM,RFC,MIDATL,AE,AECO,1103.469,False
12/19/2025 3:00:00 AM,12/18/2025 10:00:00 PM,RFC,MIDATL,AE,AECO,1026.335,False
12/19/2025 4:00:00 AM,12/18/2025 11:00:00 PM,RFC,MIDATL,AE,AECO,950.856,False
12/19/2025 5:00:00 AM,12/19/2025 12:00:00 AM,RFC,MIDATL,AE,AECO,898.414,False
12/19/2025 6:00:00 AM,12/19/2025 1:00:00 AM,RFC,MIDATL,AE,AECO,851.912,False
12/19/2025 7:00:00 AM,12/19/2025 2:00:00 AM,RFC,MIDATL,AE,AECO,834.859,False
12/19/2025 8:00:00 AM,12/19/2025 3:00:00 AM,RFC,MIDATL,AE,AECO,818.065,False
12/19/2025 9:00:00 AM,12/19/2025 4:00:00 AM,RFC,MIDATL,AE,AECO,828.352,False
12/19/2025 10:00:00 AM,12/19/2025 5:00:00 AM,RFC,MIDATL,AE,AECO,870.769,False
12/19/2025 11:00:00 AM,12/19/2025 6:00:00 AM,RFC,MIDATL,AE,AECO,952.576,False
12/19/2025 12:00:00 PM,12/19/2025 7:00:00 AM,RFC,MIDATL,AE,AECO,1009.872,False
12/19/2025 1:00:00 PM,12/19/2025 8:00:00 AM,RFC,MIDATL,AE,AECO,1007.852,False
12/19/2025 2:00:00 PM,12/19/2025 9:00:00 AM,RFC,MIDATL,AE,AECO,1002.002,False
12/19/2025 3:00:00 PM,12/19/2025 10:00:00 AM,RFC,MIDATL,AE,AECO,1026.915,False
12/19/2025 4:00:00 PM,12/19/2025 11:00:00 AM,RFC,MIDATL,AE,AECO,980.814,False
12/19/2025 5:00:00 PM,12/19/2025 12:00:00 PM,RFC,MIDATL,AE,AECO,850.019,False
12/19/2025 6:00:00 PM,12/19/2025 1:00:00 PM,RFC,MIDATL,AE,AECO,910.946,False
12/19/2025 7:00:00 PM,12/19/2025 2:00:00 PM,RFC,MIDATL,AE,AECO,934.196,False
12/19/2025 8:00:00 PM,12/19/2025 3:00:00 PM,RFC,MIDATL,AE,AECO,956.424,False
12/19/2025 9:00:00 PM,12/19/2025 4:00:00 PM,RFC,MIDATL,AE,AECO,1076.261,False
12/19/2025 10:00:00 PM,12/19/2025 5:00:00 PM,RFC,MIDATL,AE,AECO,1187.464,False
12/19/2025 11:00:00 PM,12/19/2025 6:00:00 PM,RFC,MIDATL,AE,AECO,1198.557,False
12/20/2025 12:00:00 AM,12/19/2025 7:00:00 PM,RFC,MIDATL,AE,AECO,1188.215,False
12/20/2025 1:00:00 AM,12/19/2025 8:00:00 PM,RFC,MIDATL,AE,AECO,1183.800,False
12/20/2025 2:00:00 AM,12/19/2025 9:00:00 PM,RFC,MIDATL,AE,AECO,1166.257,False
12/20/2025 3:00:00 AM,12/19/2025 10:00:00 PM,RFC,MIDATL,AE,AECO,1128.286,False
12/20/2025 4:00:00 AM,12/19/2025 11:00:00 PM,RFC,MIDATL,AE,AECO,1075.230,False
12/20/2025 5:00:00 AM,12/20/2025 12:00:00 AM,RFC,MIDATL,AE,AECO,1033.947,False
12/20/2025 6:00:00 AM,12/20/2025 1:00:00 AM,RFC,MIDATL,AE,AECO,1007.117,False
12/20/2025 7:00:00 AM,12/20/2025 2:00:00 AM,RFC,MIDATL,AE,AECO,990.311,False
12/20/2025 8:00:00 AM,12/20/2025 3:00:00 AM,RFC,MIDATL,AE,AECO,981.578,False
12/20/2025 9:00:00 AM,12/20/2025 4:00:00 AM,RFC,MIDATL,AE,AECO,989.499,False
12/20/2025 10:00:00 AM,12/20/2025 5:00:00 AM,RFC,MIDATL,AE,AECO,1003.938,False
12/20/2025 11:00:00 AM,12/20/2025 6:00:00 AM,RFC,MIDATL,AE,AECO,1056.511,False
12/20/2025 12:00:00 PM,12/20/2025 7:00:00 AM,RFC,MIDATL,AE,AECO,1083.986,False
12/20/2025 1:00:00 PM,12/20/2025 8:00:00 AM,RFC,MIDATL,AE,AECO,1049.356,False
12/20/2025 2:00:00 PM,12/20/2025 9:00:00 AM,RFC,MIDATL,AE,AECO,948.207,False
12/20/2025 3:00:00 PM,12/20/2025 10:00:00 AM,RFC,MIDATL,AE,AECO,839.765,False
12/20/2025 4:00:00 PM,12/20/2025 11:00:00 AM,RFC,MIDATL,AE,AECO,785.754,False
12/20/2025 5:00:00 PM,12/20/2025 12:00:00 PM,RFC,MIDATL,AE,AECO,748.394,False
12/20/2025 6:00:00 PM,12/20/2025 1:00:00 PM,RFC,MIDATL,AE,AECO,783.037,False
12/20/2025 7:00:00 PM,12/20/2025 2:00:00 PM,RFC,MIDATL,AE,AECO,861.434,False
12/20/2025 8:00:00 PM,12/20/2025 3:00:00 PM,RFC,MIDATL,AE,AECO,980.630,False
12/20/2025 9:00:00 PM,12/20/2025 4:00:00 PM,RFC,MIDATL,AE,AECO,1121.526,False
12/20/2025 10:00:00 PM,12/20/2025 5:00:00 PM,RFC,MIDATL,AE,AECO,1223.500,False
12/20/2025 11:00:00 PM,12/20/2025 6:00:00 PM,RFC,MIDATL,AE,AECO,1242.958,False
12/21/2025 12:00:00 AM,12/20/2025 7:00:00 PM,RFC,MIDATL,AE,AECO,1217.899,False
12/21/2025 1:00:00 AM,12/20/2025 8:00:00 PM,RFC,MIDATL,AE,AECO,1208.966,False
12/21/2025 2:00:00 AM,12/20/2025 9:00:00 PM,RFC,MIDATL,AE,AECO,1175.989,False
12/21/2025 3:00:00 AM,12/20/2025 10:00:00 PM,RFC,MIDATL,AE,AECO,1125.110,False
12/21/2025 4:00:00 AM,12/20/2025 11:00:00 PM,RFC,MIDATL,AE,AECO,1056.396,False
12/21/2025 5:00:00 AM,12/21/2025 12:00:00 AM,RFC,MIDATL,AE,AECO,995.421,False
12/21/2025 6:00:00 AM,12/21/2025 1:00:00 AM,RFC,MIDATL,AE,AECO,956.276,False
12/21/2025 7:00:00 AM,12/21/2025 2:00:00 AM,RFC,MIDATL,AE,AECO,930.453,False
12/21/2025 8:00:00 AM,12/21/2025 3:00:00 AM,RFC,MIDATL,AE,AECO,919.351,False
12/21/2025 9:00:00 AM,12/21/2025 4:00:00 AM,RFC,MIDATL,AE,AECO,916.518,False
12/21/2025 10:00:00 AM,12/21/2025 5:00:00 AM,RFC,MIDATL,AE,AECO,935.101,False
12/21/2025 11:00:00 AM,12/21/2025 6:00:00 AM,RFC,MIDATL,AE,AECO,968.861,False
12/21/2025 12:00:00 PM,12/21/2025 7:00:00 AM,RFC,MIDATL,AE,AECO,988.404,False
12/21/2025 1:00:00 PM,12/21/2025 8:00:00 AM,RFC,MIDATL,AE,AECO,939.421,False
12/21/2025 2:00:00 PM,12/21/2025 9:00:00 AM,RFC,MIDATL,AE,AECO,843.630,False
12/21/2025 3:00:00 PM,12/21/2025 10:00:00 AM,RFC,MIDATL,AE,AECO,810.296,False
12/21/2025 4:00:00 PM,12/21/2025 11:00:00 AM,RFC,MIDATL,AE,AECO,825.005,False
12/21/2025 5:00:00 PM,12/21/2025 12:00:00 PM,RFC,MIDATL,AE,AECO,878.561,False
12/21/2025 6:00:00 PM,12/21/2025 1:00:00 PM,RFC,MIDATL,AE,AECO,947.538,False
12/21/2025 7:00:00 PM,12/21/2025 2:00:00 PM,RFC,MIDATL,AE,AECO,966.066,False
12/21/2025 8:00:00 PM,12/21/2025 3:00:00 PM,RFC,MIDATL,AE,AECO,1007.161,False
12/21/2025 9:00:00 PM,12/21/2025 4:00:00 PM,RFC,MIDATL,AE,AECO,1126.547,False
12/21/2025 10:00:00 PM,12/21/2025 5:00:00 PM,RFC,MIDATL,AE,AECO,1208.380,False
12/21/2025 11:00:00 PM,12/21/2025 6:00:00 PM,RFC,MIDATL,AE,AECO,1228.600,False
12/22/2025 12:00:00 AM,12/21/2025 7:00:00 PM,RFC,MIDATL,AE,AECO,1220.131,False
12/22/2025 1:00:00 AM,12/21/2025 8:00:00 PM,RFC,MIDATL,AE,AECO,1209.451,False
12/22/2025 2:00:00 AM,12/21/2025 9:00:00 PM,RFC,MIDATL,AE,AECO,1173.296,False
12/22/2025 3:00:00 AM,12/21/2025 10:00:00 PM,RFC,MIDATL,AE,AECO,1109.772,False
12/22/2025 4:00:00 AM,12/21/2025 11:00:00 PM,RFC,MIDATL,AE,AECO,1058.728,False
12/22/2025 5:00:00 AM,12/22/2025 12:00:00 AM,RFC,MIDATL,AE,AECO,1020.408,False
12/22/2025 6:00:00 AM,12/22/2025 1:00:00 AM,RFC,MIDATL,AE,AECO,995.484,False
12/22/2025 7:00:00 AM,12/22/2025 2:00:00 AM,RFC,MIDATL,AE,AECO,987.360,False
12/22/2025 8:00:00 AM,12/22/2025 3:00:00 AM,RFC,MIDATL,AE,AECO,986.878,False
12/22/2025 9:00:00 AM,12/22/2025 4:00:00 AM,RFC,MIDATL,AE,AECO,1025.011,False
12/22/2025 10:00:00 AM,12/22/2025 5:00:00 AM,RFC,MIDATL,AE,AECO,1068.058,False
12/22/2025 11:00:00 AM,12/22/2025 6:00:00 AM,RFC,MIDATL,AE,AECO,1153.537,False
12/22/2025 12:00:00 PM,12/22/2025 7:00:00 AM,RFC,MIDATL,AE,AECO,1201.679,False
12/22/2025 1:00:00 PM,12/22/2025 8:00:00 AM,RFC,MIDATL,AE,AECO,1124.962,False
12/22/2025 2:00:00 PM,12/22/2025 9:00:00 AM,RFC,MIDATL,AE,AECO,1000.303,False
12/22/2025 3:00:00 PM,12/22/2025 10:00:00 AM,RFC,MIDATL,AE,AECO,887.007,False
12/22/2025 4:00:00 PM,12/22/2025 11:00:00 AM,RFC,MIDATL,AE,AECO,817.965,False
12/22/2025 5:00:00 PM,12/22/2025 12:00:00 PM,RFC,MIDATL,AE,AECO,788.999,False
12/22/2025 6:00:00 PM,12/22/2025 1:00:00 PM,RFC,MIDATL,AE,AECO,821.266,False
12/22/2025 7:00:00 PM,12/22/2025 2:00:00 PM,RFC,MIDATL,AE,AECO,887.071,False
12/22/2025 8:00:00 PM,12/22/2025 3:00:00 PM,RFC,MIDATL,AE,AECO,1014.431,False
12/22/2025 9:00:00 PM,12/22/2025 4:00:00 PM,RFC,MIDATL,AE,AECO,1172.430,False
12/22/2025 10:00:00 PM,12/22/2025 5:00:00 PM,RFC,MIDATL,AE,AECO,1291.374,False
12/22/2025 11:00:00 PM,12/22/2025 6:00:00 PM,RFC,MIDATL,AE,AECO,1313.425,False
12/23/2025 12:00:00 AM,12/22/2025 7:00:00 PM,RFC,MIDATL,AE,AECO,1305.196,False
12/23/2025 1:00:00 AM,12/22/2025 8:00:00 PM,RFC,MIDATL,AE,AECO,1284.320,False
12/23/2025 2:00:00 AM,12/22/2025 9:00:00 PM,RFC,MIDATL,AE,AECO,1241.695,False
12/23/2025 3:00:00 AM,12/22/2025 10:00:00 PM,RFC,MIDATL,AE,AECO,1164.178,False
12/23/2025 4:00:00 AM,12/22/2025 11:00:00 PM,RFC,MIDATL,AE,AECO,1081.179,False
12/23/2025 5:00:00 AM,12/23/2025 12:00:00 AM,RFC,MIDATL,AE,AECO,1016.080,False
12/23/2025 6:00:00 AM,12/23/2025 1:00:00 AM,RFC,MIDATL,AE,AECO,978.937,False
12/23/2025 7:00:00 AM,12/23/2025 2:00:00 AM,RFC,MIDATL,AE,AECO,953.290,False
12/23/2025 8:00:00 AM,12/23/2025 3:00:00 AM,RFC,MIDATL,AE,AECO,939.257,False
12/23/2025 9:00:00 AM,12/23/2025 4:00:00 AM,RFC,MIDATL,AE,AECO,953.429,False
12/23/2025 10:00:00 AM,12/23/2025 5:00:00 AM,RFC,MIDATL,AE,AECO,993.891,False
12/23/2025 11:00:00 AM,12/23/2025 6:00:00 AM,RFC,MIDATL,AE,AECO,1071.913,False
12/23/2025 12:00:00 PM,12/23/2025 7:00:00 AM,RFC,MIDATL,AE,AECO,1135.024,False
12/23/2025 1:00:00 PM,12/23/2025 8:00:00 AM,RFC,MIDATL,AE,AECO,1141.173,False
12/23/2025 2:00:00 PM,12/23/2025 9:00:00 AM,RFC,MIDATL,AE,AECO,1147.956,False
12/23/2025 3:00:00 PM,12/23/2025 10:00:00 AM,RFC,MIDATL,AE,AECO,1137.343,False
12/23/2025 4:00:00 PM,12/23/2025 11:00:00 AM,RFC,MIDATL,AE,AECO,1115.330,False
12/23/2025 5:00:00 PM,12/23/2025 12:00:00 PM,RFC,MIDATL,AE,AECO,1097.724,False
12/23/2025 6:00:00 PM,12/23/2025 1:00:00 PM,RFC,MIDATL,AE,AECO,1110.637,False
12/23/2025 7:00:00 PM,12/23/2025 2:00:00 PM,RFC,MIDATL,AE,AECO,1118.922,False
12/23/2025 8:00:00 PM,12/23/2025 3:00:00 PM,RFC,MIDATL,AE,AECO,1144.654,False
12/23/2025 9:00:00 PM,12/23/2025 4:00:00 PM,RFC,MIDATL,AE,AECO,1191.149,False
12/23/2025 10:00:00 PM,12/23/2025 5:00:00 PM,RFC,MIDATL,AE,AECO,1238.349,False
12/23/2025 11:00:00 PM,12/23/2025 6:00:00 PM,RFC,MIDATL,AE,AECO,1237.288,False
12/24/2025 12:00:00 AM,12/23/2025 7:00:00 PM,RFC,MIDATL,AE,AECO,1202.248,False
12/24/2025 1:00:00 AM,12/23/2025 8:00:00 PM,RFC,MIDATL,AE,AECO,1193.648,False
12/24/2025 2:00:00 AM,12/23/2025 9:00:00 PM,RFC,MIDATL,AE,AECO,1154.718,False
12/24/2025 3:00:00 AM,12/23/2025 10:00:00 PM,RFC,MIDATL,AE,AECO,1084.596,False
12/24/2025 4:00:00 AM,12/23/2025 11:00:00 PM,RFC,MIDATL,AE,AECO,1016.831,False
12/24/2025 5:00:00 AM,12/24/2025 12:00:00 AM,RFC,MIDATL,AE,AECO,957.544,False
12/24/2025 6:00:00 AM,12/24/2025 1:00:00 AM,RFC,MIDATL,AE,AECO,918.356,False
12/24/2025 7:00:00 AM,12/24/2025 2:00:00 AM,RFC,MIDATL,AE,AECO,901.120,False
12/24/2025 8:00:00 AM,12/24/2025 3:00:00 AM,RFC,MIDATL,AE,AECO,894.993,False
12/24/2025 9:00:00 AM,12/24/2025 4:00:00 AM,RFC,MIDATL,AE,AECO,909.815,False
12/24/2025 10:00:00 AM,12/24/2025 5:00:00 AM,RFC,MIDATL,AE,AECO,947.145,False
12/24/2025 11:00:00 AM,12/24/2025 6:00:00 AM,RFC,MIDATL,AE,AECO,997.178,False
12/24/2025 12:00:00 PM,12/24/2025 7:00:00 AM,RFC,MIDATL,AE,AECO,1026.091,False
12/24/2025 1:00:00 PM,12/24/2025 8:00:00 AM,RFC,MIDATL,AE,AECO,995.717,False
12/24/2025 2:00:00 PM,12/24/2025 9:00:00 AM,RFC,MIDATL,AE,AECO,896.794,False
12/24/2025 3:00:00 PM,12/24/2025 10:00:00 AM,RFC,MIDATL,AE,AECO,788.967,False
12/24/2025 4:00:00 PM,12/24/2025 11:00:00 AM,RFC,MIDATL,AE,AECO,733.609,False
12/24/2025 5:00:00 PM,12/24/2025 12:00:00 PM,RFC,MIDATL,AE,AECO,718.690,False
12/24/2025 6:00:00 PM,12/24/2025 1:00:00 PM,RFC,MIDATL,AE,AECO,741.145,False
12/24/2025 7:00:00 PM,12/24/2025 2:00:00 PM,RFC,MIDATL,AE,AECO,809.190,False
12/24/2025 8:00:00 PM,12/24/2025 3:00:00 PM,RFC,MIDATL,AE,AECO,917.814,False
12/24/2025 9:00:00 PM,12/24/2025 4:00:00 PM,RFC,MIDATL,AE,AECO,1047.832,False
12/24/2025 10:00:00 PM,12/24/2025 5:00:00 PM,RFC,MIDATL,AE,AECO,1127.163,False
12/24/2025 11:00:00 PM,12/24/2025 6:00:00 PM,RFC,MIDATL,AE,AECO,1118.774,False
12/25/2025 12:00:00 AM,12/24/2025 7:00:00 PM,RFC,MIDATL,AE,AECO,1105.847,False
12/25/2025 1:00:00 AM,12/24/2025 8:00:00 PM,RFC,MIDATL,AE,AECO,1098.196,False
12/25/2025 2:00:00 AM,12/24/2025 9:00:00 PM,RFC,MIDATL,AE,AECO,1087.725,False
12/25/2025 3:00:00 AM,12/24/2025 10:00:00 PM,RFC,MIDATL,AE,AECO,1060.836,False
12/25/2025 4:00:00 AM,12/24/2025 11:00:00 PM,RFC,MIDATL,AE,AECO,1013.745,False
12/25/2025 5:00:00 AM,12/25/2025 12:00:00 AM,RFC,MIDATL,AE,AECO,966.920,False
12/25/2025 6:00:00 AM,12/25/2025 1:00:00 AM,RFC,MIDATL,AE,AECO,933.510,False
12/25/2025 7:00:00 AM,12/25/2025 2:00:00 AM,RFC,MIDATL,AE,AECO,908.861,False
12/25/2025 8:00:00 AM,12/25/2025 3:00:00 AM,RFC,MIDATL,AE,AECO,898.444,False
12/25/2025 9:00:00 AM,12/25/2025 4:00:00 AM,RFC,MIDATL,AE,AECO,896.263,False
12/25/2025 10:00:00 AM,12/25/2025 5:00:00 AM,RFC,MIDATL,AE,AECO,917.942,False
12/25/2025 11:00:00 AM,12/25/2025 6:00:00 AM,RFC,MIDATL,AE,AECO,949.255,False
12/25/2025 12:00:00 PM,12/25/2025 7:00:00 AM,RFC,MIDATL,AE,AECO,971.788,False
12/25/2025 1:00:00 PM,12/25/2025 8:00:00 AM,RFC,MIDATL,AE,AECO,931.068,False
12/25/2025 2:00:00 PM,12/25/2025 9:00:00 AM,RFC,MIDATL,AE,AECO,943.085,False
12/25/2025 3:00:00 PM,12/25/2025 10:00:00 AM,RFC,MIDATL,AE,AECO,981.676,False
12/25/2025 4:00:00 PM,12/25/2025 11:00:00 AM,RFC,MIDATL,AE,AECO,997.938,False
12/25/2025 5:00:00 PM,12/25/2025 12:00:00 PM,RFC,MIDATL,AE,AECO,971.437,False
12/25/2025 6:00:00 PM,12/25/2025 1:00:00 PM,RFC,MIDATL,AE,AECO,853.141,False
12/25/2025 7:00:00 PM,12/25/2025 2:00:00 PM,RFC,MIDATL,AE,AECO,812.097,False
12/25/2025 8:00:00 PM,12/25/2025 3:00:00 PM,RFC,MIDATL,AE,AECO,897.943,False
12/25/2025 9:00:00 PM,12/25/2025 4:00:00 PM,RFC,MIDATL,AE,AECO,1006.364,False
12/25/2025 10:00:00 PM,12/25/2025 5:00:00 PM,RFC,MIDATL,AE,AECO,1080.825,False
12/25/2025 11:00:00 PM,12/25/2025 6:00:00 PM,RFC,MIDATL,AE,AECO,1080.909,False
12/26/2025 12:00:00 AM,12/25/2025 7:00:00 PM,RFC,MIDATL,AE,AECO,1084.817,False
12/26/2025 1:00:00 AM,12/25/2025 8:00:00 PM,RFC,MIDATL,AE,AECO,1090.777,False
12/26/2025 2:00:00 AM,12/25/2025 9:00:00 PM,RFC,MIDATL,AE,AECO,1080.425,False
12/26/2025 3:00:00 AM,12/25/2025 10:00:00 PM,RFC,MIDATL,AE,AECO,1051.063,False
12/26/2025 4:00:00 AM,12/25/2025 11:00:00 PM,RFC,MIDATL,AE,AECO,1006.589,False
12/26/2025 5:00:00 AM,12/26/2025 12:00:00 AM,RFC,MIDATL,AE,AECO,976.726,False
12/26/2025 6:00:00 AM,12/26/2025 1:00:00 AM,RFC,MIDATL,AE,AECO,954.761,False
12/26/2025 7:00:00 AM,12/26/2025 2:00:00 AM,RFC,MIDATL,AE,AECO,947.714,False
12/26/2025 8:00:00 AM,12/26/2025 3:00:00 AM,RFC,MIDATL,AE,AECO,948.137,False
12/26/2025 9:00:00 AM,12/26/2025 4:00:00 AM,RFC,MIDATL,AE,AECO,966.678,False
12/26/2025 10:00:00 AM,12/26/2025 5:00:00 AM,RFC,MIDATL,AE,AECO,1005.925,False
12/26/2025 11:00:00 AM,12/26/2025 6:00:00 AM,RFC,MIDATL,AE,AECO,1057.663,False
12/26/2025 12:00:00 PM,12/26/2025 7:00:00 AM,RFC,MIDATL,AE,AECO,1083.026,False
12/26/2025 1:00:00 PM,12/26/2025 8:00:00 AM,RFC,MIDATL,AE,AECO,1098.142,False
12/26/2025 2:00:00 PM,12/26/2025 9:00:00 AM,RFC,MIDATL,AE,AECO,1105.848,False
12/26/2025 3:00:00 PM,12/26/2025 10:00:00 AM,RFC,MIDATL,AE,AECO,1085.943,False
12/26/2025 4:00:00 PM,12/26/2025 11:00:00 AM,RFC,MIDATL,AE,AECO,1057.540,False
12/26/2025 5:00:00 PM,12/26/2025 12:00:00 PM,RFC,MIDATL,AE,AECO,1060.367,False
12/26/2025 6:00:00 PM,12/26/2025 1:00:00 PM,RFC,MIDATL,AE,AECO,1116.480,False
12/26/2025 7:00:00 PM,12/26/2025 2:00:00 PM,RFC,MIDATL,AE,AECO,1161.112,False
12/26/2025 8:00:00 PM,12/26/2025 3:00:00 PM,RFC,MIDATL,AE,AECO,1202.445,False
12/26/2025 9:00:00 PM,12/26/2025 4:00:00 PM,RFC,MIDATL,AE,AECO,1265.168,False
12/26/2025 10:00:00 PM,12/26/2025 5:00:00 PM,RFC,MIDATL,AE,AECO,1308.487,False
12/26/2025 11:00:00 PM,12/26/2025 6:00:00 PM,RFC,MIDATL,AE,AECO,1294.467,False
12/27/2025 12:00:00 AM,12/26/2025 7:00:00 PM,RFC,MIDATL,AE,AECO,1268.574,False
12/27/2025 1:00:00 AM,12/26/2025 8:00:00 PM,RFC,MIDATL,AE,AECO,1237.193,False
12/27/2025 2:00:00 AM,12/26/2025 9:00:00 PM,RFC,MIDATL,AE,AECO,1184.861,False
12/27/2025 3:00:00 AM,12/26/2025 10:00:00 PM,RFC,MIDATL,AE,AECO,1120.920,False
12/27/2025 4:00:00 AM,12/26/2025 11:00:00 PM,RFC,MIDATL,AE,AECO,1048.266,False
12/27/2025 5:00:00 AM,12/27/2025 12:00:00 AM,RFC,MIDATL,AE,AECO,988.384,False
12/27/2025 6:00:00 AM,12/27/2025 1:00:00 AM,RFC,MIDATL,AE,AECO,946.043,False
12/27/2025 7:00:00 AM,12/27/2025 2:00:00 AM,RFC,MIDATL,AE,AECO,922.569,False
12/27/2025 8:00:00 AM,12/27/2025 3:00:00 AM,RFC,MIDATL,AE,AECO,911.428,False
12/27/2025 9:00:00 AM,12/27/2025 4:00:00 AM,RFC,MIDATL,AE,AECO,912.487,False
12/27/2025 10:00:00 AM,12/27/2025 5:00:00 AM,RFC,MIDATL,AE,AECO,939.182,False
12/27/2025 11:00:00 AM,12/27/2025 6:00:00 AM,RFC,MIDATL,AE,AECO,980.715,False
12/27/2025 12:00:00 PM,12/27/2025 7:00:00 AM,RFC,MIDATL,AE,AECO,1017.411,False
12/27/2025 1:00:00 PM,12/27/2025 8:00:00 AM,RFC,MIDATL,AE,AECO,1050.939,False
12/27/2025 2:00:00 PM,12/27/2025 9:00:00 AM,RFC,MIDATL,AE,AECO,1075.800,False
12/27/2025 3:00:00 PM,12/27/2025 10:00:00 AM,RFC,MIDATL,AE,AECO,1065.886,False
12/27/2025 4:00:00 PM,12/27/2025 11:00:00 AM,RFC,MIDATL,AE,AECO,1039.459,False
12/27/2025 5:00:00 PM,12/27/2025 12:00:00 PM,RFC,MIDATL,AE,AECO,1061.933,False
12/27/2025 6:00:00 PM,12/27/2025 1:00:00 PM,RFC,MIDATL,AE,AECO,1083.264,False
12/27/2025 7:00:00 PM,12/27/2025 2:00:00 PM,RFC,MIDATL,AE,AECO,1104.207,False
12/27/2025 8:00:00 PM,12/27/2025 3:00:00 PM,RFC,MIDATL,AE,AECO,1142.094,False
12/27/2025 9:00:00 PM,12/27/2025 4:00:00 PM,RFC,MIDATL,AE,AECO,1216.738,False
12/27/2025 10:00:00 PM,12/27/2025 5:00:00 PM,RFC,MIDATL,AE,AECO,1281.458,False
12/27/2025 11:00:00 PM,12/27/2025 6:00:00 PM,RFC,MIDATL,AE,AECO,1275.688,False
12/28/2025 12:00:00 AM,12/27/2025 7:00:00 PM,RFC,MIDATL,AE,AECO,1258.531,False
12/28/2025 1:00:00 AM,12/27/2025 8:00:00 PM,RFC,MIDATL,AE,AECO,1231.299,False
12/28/2025 2:00:00 AM,12/27/2025 9:00:00 PM,RFC,MIDATL,AE,AECO,1192.679,False
12/28/2025 3:00:00 AM,12/27/2025 10:00:00 PM,RFC,MIDATL,AE,AECO,1137.078,False
12/28/2025 4:00:00 AM,12/27/2025 11:00:00 PM,RFC,MIDATL,AE,AECO,1077.554,False
12/28/2025 5:00:00 AM,12/28/2025 12:00:00 AM,RFC,MIDATL,AE,AECO,1034.059,False
12/28/2025 6:00:00 AM,12/28/2025 1:00:00 AM,RFC,MIDATL,AE,AECO,1001.628,False
12/28/2025 7:00:00 AM,12/28/2025 2:00:00 AM,RFC,MIDATL,AE,AECO,983.137,False
12/28/2025 8:00:00 AM,12/28/2025 3:00:00 AM,RFC,MIDATL,AE,AECO,975.963,False
12/28/2025 9:00:00 AM,12/28/2025 4:00:00 AM,RFC,MIDATL,AE,AECO,980.305,False
12/28/2025 10:00:00 AM,12/28/2025 5:00:00 AM,RFC,MIDATL,AE,AECO,1000.243,False
12/28/2025 11:00:00 AM,12/28/2025 6:00:00 AM,RFC,MIDATL,AE,AECO,1028.835,False
12/28/2025 12:00:00 PM,12/28/2025 7:00:00 AM,RFC,MIDATL,AE,AECO,1047.228,False
12/28/2025 1:00:00 PM,12/28/2025 8:00:00 AM,RFC,MIDATL,AE,AECO,1039.626,False
12/28/2025 2:00:00 PM,12/28/2025 9:00:00 AM,RFC,MIDATL,AE,AECO,1010.823,False
12/28/2025 3:00:00 PM,12/28/2025 10:00:00 AM,RFC,MIDATL,AE,AECO,991.218,False
12/28/2025 4:00:00 PM,12/28/2025 11:00:00 AM,RFC,MIDATL,AE,AECO,1042.684,False
12/28/2025 5:00:00 PM,12/28/2025 12:00:00 PM,RFC,MIDATL,AE,AECO,1061.742,False
12/28/2025 6:00:00 PM,12/28/2025 1:00:00 PM,RFC,MIDATL,AE,AECO,1064.138,False
12/28/2025 7:00:00 PM,12/28/2025 2:00:00 PM,RFC,MIDATL,AE,AECO,1077.932,False
12/28/2025 8:00:00 PM,12/28/2025 3:00:00 PM,RFC,MIDATL,AE,AECO,1122.336,False
12/28/2025 9:00:00 PM,12/28/2025 4:00:00 PM,RFC,MIDATL,AE,AECO,1201.195,False
12/28/2025 10:00:00 PM,12/28/2025 5:00:00 PM,RFC,MIDATL,AE,AECO,1247.885,False
12/28/2025 11:00:00 PM,12/28/2025 6:00:00 PM,RFC,MIDATL,AE,AECO,1235.234,False
12/29/2025 12:00:00 AM,12/28/2025 7:00:00 PM,RFC,MIDATL,AE,AECO,1207.229,False
12/29/2025 1:00:00 AM,12/28/2025 8:00:00 PM,RFC,MIDATL,AE,AECO,1187.654,False
12/29/2025 2:00:00 AM,12/28/2025 9:00:00 PM,RFC,MIDATL,AE,AECO,1134.956,False
12/29/2025 3:00:00 AM,12/28/2025 10:00:00 PM,RFC,MIDATL,AE,AECO,1067.016,False
12/29/2025 4:00:00 AM,12/28/2025 11:00:00 PM,RFC,MIDATL,AE,AECO,991.801,False
12/29/2025 5:00:00 AM,12/29/2025 12:00:00 AM,RFC,MIDATL,AE,AECO,938.611,False
12/29/2025 6:00:00 AM,12/29/2025 1:00:00 AM,RFC,MIDATL,AE,AECO,899.434,False
12/29/2025 7:00:00 AM,12/29/2025 2:00:00 AM,RFC,MIDATL,AE,AECO,878.644,False
12/29/2025 8:00:00 AM,12/29/2025 3:00:00 AM,RFC,MIDATL,AE,AECO,865.360,False
12/29/2025 9:00:00 AM,12/29/2025 4:00:00 AM,RFC,MIDATL,AE,AECO,868.965,False
12/29/2025 10:00:00 AM,12/29/2025 5:00:00 AM,RFC,MIDATL,AE,AECO,898.826,False
12/29/2025 11:00:00 AM,12/29/2025 6:00:00 AM,RFC,MIDATL,AE,AECO,949.972,False
12/29/2025 12:00:00 PM,12/29/2025 7:00:00 AM,RFC,MIDATL,AE,AECO,994.562,False
12/29/2025 1:00:00 PM,12/29/2025 8:00:00 AM,RFC,MIDATL,AE,AECO,1003.522,False
12/29/2025 2:00:00 PM,12/29/2025 9:00:00 AM,RFC,MIDATL,AE,AECO,1030.835,False
12/29/2025 3:00:00 PM,12/29/2025 10:00:00 AM,RFC,MIDATL,AE,AECO,1047.634,False
12/29/2025 4:00:00 PM,12/29/2025 11:00:00 AM,RFC,MIDATL,AE,AECO,1045.222,False
12/29/2025 5:00:00 PM,12/29/2025 12:00:00 PM,RFC,MIDATL,AE,AECO,1040.488,False
12/29/2025 6:00:00 PM,12/29/2025 1:00:00 PM,RFC,MIDATL,AE,AECO,1050.769,False
12/29/2025 7:00:00 PM,12/29/2025 2:00:00 PM,RFC,MIDATL,AE,AECO,1032.212,False
12/29/2025 8:00:00 PM,12/29/2025 3:00:00 PM,RFC,MIDATL,AE,AECO,1069.237,False
12/29/2025 9:00:00 PM,12/29/2025 4:00:00 PM,RFC,MIDATL,AE,AECO,1108.533,False
12/29/2025 10:00:00 PM,12/29/2025 5:00:00 PM,RFC,MIDATL,AE,AECO,1208.497,False
12/29/2025 11:00:00 PM,12/29/2025 6:00:00 PM,RFC,MIDATL,AE,AECO,1232.655,False
12/30/2025 12:00:00 AM,12/29/2025 7:00:00 PM,RFC,MIDATL,AE,AECO,1236.830,False
12/30/2025 1:00:00 AM,12/29/2025 8:00:00 PM,RFC,MIDATL,AE,AECO,1234.828,False
12/30/2025 2:00:00 AM,12/29/2025 9:00:00 PM,RFC,MIDATL,AE,AECO,1200.897,False
12/30/2025 3:00:00 AM,12/29/2025 10:00:00 PM,RFC,MIDATL,AE,AECO,1144.843,False
12/30/2025 4:00:00 AM,12/29/2025 11:00:00 PM,RFC,MIDATL,AE,AECO,1080.993,False
12/30/2025 5:00:00 AM,12/30/2025 12:00:00 AM,RFC,MIDATL,AE,AECO,1034.290,False
12/30/2025 6:00:00 AM,12/30/2025 1:00:00 AM,RFC,MIDATL,AE,AECO,1004.010,False
12/30/2025 7:00:00 AM,12/30/2025 2:00:00 AM,RFC,MIDATL,AE,AECO,993.179,False
12/30/2025 8:00:00 AM,12/30/2025 3:00:00 AM,RFC,MIDATL,AE,AECO,988.935,False
12/30/2025 9:00:00 AM,12/30/2025 4:00:00 AM,RFC,MIDATL,AE,AECO,996.185,False
12/30/2025 10:00:00 AM,12/30/2025 5:00:00 AM,RFC,MIDATL,AE,AECO,1042.896,False
12/30/2025 11:00:00 AM,12/30/2025 6:00:00 AM,RFC,MIDATL,AE,AECO,1098.868,False
12/30/2025 12:00:00 PM,12/30/2025 7:00:00 AM,RFC,MIDATL,AE,AECO,1138.856,False
12/30/2025 1:00:00 PM,12/30/2025 8:00:00 AM,RFC,MIDATL,AE,AECO,1139.108,False
12/30/2025 2:00:00 PM,12/30/2025 9:00:00 AM,RFC,MIDATL,AE,AECO,1065.874,False
12/30/2025 3:00:00 PM,12/30/2025 10:00:00 AM,RFC,MIDATL,AE,AECO,970.040,False
12/30/2025 4:00:00 PM,12/30/2025 11:00:00 AM,RFC,MIDATL,AE,AECO,919.083,False
12/30/2025 5:00:00 PM,12/30/2025 12:00:00 PM,RFC,MIDATL,AE,AECO,923.610,False
12/30/2025 6:00:00 PM,12/30/2025 1:00:00 PM,RFC,MIDATL,AE,AECO,936.219,False
12/30/2025 7:00:00 PM,12/30/2025 2:00:00 PM,RFC,MIDATL,AE,AECO,984.195,False
12/30/2025 8:00:00 PM,12/30/2025 3:00:00 PM,RFC,MIDATL,AE,AECO,1102.222,False
12/30/2025 9:00:00 PM,12/30/2025 4:00:00 PM,RFC,MIDATL,AE,AECO,1263.073,False
12/30/2025 10:00:00 PM,12/30/2025 5:00:00 PM,RFC,MIDATL,AE,AECO,1343.421,False
12/30/2025 11:00:00 PM,12/30/2025 6:00:00 PM,RFC,MIDATL,AE,AECO,1351.840,False
12/31/2025 12:00:00 AM,12/30/2025 7:00:00 PM,RFC,MIDATL,AE,AECO,1338.048,False
12/31/2025 1:00:00 AM,12/30/2025 8:00:00 PM,RFC,MIDATL,AE,AECO,1323.004,False
12/31/2025 2:00:00 AM,12/30/2025 9:00:00 PM,RFC,MIDATL,AE,AECO,1279.280,False
12/31/2025 3:00:00 AM,12/30/2025 10:00:00 PM,RFC,MIDATL,AE,AECO,1215.016,False
12/31/2025 4:00:00 AM,12/30/2025 11:00:00 PM,RFC,MIDATL,AE,AECO,1144.001,False
12/31/2025 5:00:00 AM,12/31/2025 12:00:00 AM,RFC,MIDATL,AE,AECO,1067.360,False
12/31/2025 6:00:00 AM,12/31/2025 1:00:00 AM,RFC,MIDATL,AE,AECO,1062.168,False
12/31/2025 7:00:00 AM,12/31/2025 2:00:00 AM,RFC,MIDATL,AE,AECO,1040.977,False
12/31/2025 8:00:00 AM,12/31/2025 3:00:00 AM,RFC,MIDATL,AE,AECO,1025.011,False
12/31/2025 9:00:00 AM,12/31/2025 4:00:00 AM,RFC,MIDATL,AE,AECO,1031.065,False
12/31/2025 10:00:00 AM,12/31/2025 5:00:00 AM,RFC,MIDATL,AE,AECO,1060.706,False
12/31/2025 11:00:00 AM,12/31/2025 6:00:00 AM,RFC,MIDATL,AE,AECO,1119.444,False
12/31/2025 12:00:00 PM,12/31/2025 7:00:00 AM,RFC,MIDATL,AE,AECO,1159.038,False
12/31/2025 1:00:00 PM,12/31/2025 8:00:00 AM,RFC,MIDATL,AE,AECO,1171.134,False
12/31/2025 2:00:00 PM,12/31/2025 9:00:00 AM,RFC,MIDATL,AE,AECO,1120.388,False
12/31/2025 3:00:00 PM,12/31/2025 10:00:00 AM,RFC,MIDATL,AE,AECO,955.296,False
12/31/2025 4:00:00 PM,12/31/2025 11:00:00 AM,RFC,MIDATL,AE,AECO,862.749,False
12/31/2025 5:00:00 PM,12/31/2025 12:00:00 PM,RFC,MIDATL,AE,AECO,877.201,False
12/31/2025 6:00:00 PM,12/31/2025 1:00:00 PM,RFC,MIDATL,AE,AECO,945.425,False
12/31/2025 7:00:00 PM,12/31/2025 2:00:00 PM,RFC,MIDATL,AE,AECO,1022.520,False
12/31/2025 8:00:00 PM,12/31/2025 3:00:00 PM,RFC,MIDATL,AE,AECO,1115.638,False
12/31/2025 9:00:00 PM,12/31/2025 4:00:00 PM,RFC,MIDATL,AE,AECO,1237.869,False
12/31/2025 10:00:00 PM,12/31/2025 5:00:00 PM,RFC,MIDATL,AE,AECO,1320.262,False
12/31/2025 11:00:00 PM,12/31/2025 6:00:00 PM,RFC,MIDATL,AE,AECO,1308.341,False
1/1/2026 12:00:00 AM,12/31/2025 7:00:00 PM,RFC,MIDATL,AE,AECO,1270.617,False
1/1/2026 1:00:00 AM,12/31/2025 8:00:00 PM,RFC,MIDATL,AE,AECO,1233.742,False
1/1/2026 2:00:00 AM,12/31/2025 9:00:00 PM,RFC,MIDATL,AE,AECO,1187.828,False
1/1/2026 3:00:00 AM,12/31/2025 10:00:00 PM,RFC,MIDATL,AE,AECO,1135.008,False
1/1/2026 4:00:00 AM,12/31/2025 11:00:00 PM,RFC,MIDATL,AE,AECO,1084.496,False
1/1/2026 5:00:00 AM,1/1/2026 12:00:00 AM,RFC,MIDATL,AE,AECO,1037.527,False
